CREATE DATABASE  IF NOT EXISTS `FarmaciaMSalud`;
USE `FarmaciaMSalud`;
-- MySQL dump 10.13  Distrib 8.0.16, for macos10.14 (x86_64)
--
-- Host: localhost    Database: FarmaciaMSalud
-- ------------------------------------------------------
-- Server version	8.0.17

/*!40101 SET @OLD_CHARACTER_SET_CLIENT=@@CHARACTER_SET_CLIENT */;
/*!40101 SET @OLD_CHARACTER_SET_RESULTS=@@CHARACTER_SET_RESULTS */;
/*!40101 SET @OLD_COLLATION_CONNECTION=@@COLLATION_CONNECTION */;
 SET NAMES utf8 ;
/*!40103 SET @OLD_TIME_ZONE=@@TIME_ZONE */;
/*!40103 SET TIME_ZONE='+00:00' */;
/*!40014 SET @OLD_UNIQUE_CHECKS=@@UNIQUE_CHECKS, UNIQUE_CHECKS=0 */;
/*!40014 SET @OLD_FOREIGN_KEY_CHECKS=@@FOREIGN_KEY_CHECKS, FOREIGN_KEY_CHECKS=0 */;
/*!40101 SET @OLD_SQL_MODE=@@SQL_MODE, SQL_MODE='NO_AUTO_VALUE_ON_ZERO' */;
/*!40111 SET @OLD_SQL_NOTES=@@SQL_NOTES, SQL_NOTES=0 */;

--
-- Table structure for table `Abono`
--

DROP TABLE IF EXISTS `Abono`;
/*!40101 SET @saved_cs_client     = @@character_set_client */;
 SET character_set_client = utf8mb4 ;
CREATE TABLE `Abono` (
  `IDabono` int(11) NOT NULL,
  `FacturaCompraProducto` int(11) NOT NULL,
  `IDproveedor` int(11) NOT NULL,
  `SaldoAbono` decimal(13,3) NOT NULL,
  PRIMARY KEY (`IDabono`,`FacturaCompraProducto`,`IDproveedor`)
) ENGINE=InnoDB DEFAULT CHARSET=utf8 COLLATE=utf8_general_ci;
/*!40101 SET character_set_client = @saved_cs_client */;

--
-- Dumping data for table `Abono`
--

LOCK TABLES `Abono` WRITE;
/*!40000 ALTER TABLE `Abono` DISABLE KEYS */;
INSERT INTO `Abono` VALUES (1601,3083,17031,398.000),(1602,3010,17026,127.000),(1603,3041,17028,325.000),(1604,3025,17032,177.000),(1605,3016,17014,470.000),(1606,3016,17029,487.000),(1607,3048,17015,448.000),(1608,3022,17005,171.000),(1609,3077,17022,135.000),(1610,3064,17024,464.000),(1611,3018,17006,415.000),(1612,3075,17004,103.000),(1613,3035,17017,381.000),(1614,3057,17018,214.000),(1615,3041,17007,126.000),(1616,3024,17017,375.000),(1617,3048,17002,149.000),(1618,3034,17007,276.000),(1619,3011,17009,293.000),(1620,3078,17020,445.000),(1621,3024,17002,234.000),(1622,3071,17004,336.000),(1623,3090,17015,192.000),(1624,3056,17008,361.000),(1625,3049,17018,209.000),(1626,3054,17020,147.000),(1627,3048,17023,176.000),(1628,3058,17018,417.000),(1629,3070,17035,109.000),(1630,3072,17030,194.000),(1631,3089,17020,498.000),(1632,3021,17022,251.000),(1633,3043,17033,160.000),(1634,3031,17021,174.000),(1635,3062,17027,338.000),(1636,3041,17019,138.000),(1637,3013,17027,205.000),(1638,3073,17004,345.000),(1639,3026,17021,264.000),(1640,3013,17011,282.000),(1641,3025,17024,206.000),(1642,3033,17006,440.000),(1643,3032,17004,467.000),(1644,3086,17008,377.000),(1645,3070,17001,233.000),(1646,3075,17021,405.000),(1647,3001,17018,326.000),(1648,3043,17008,362.000),(1649,3017,17011,373.000),(1650,3054,17001,390.000),(1651,3060,17003,261.000),(1652,3058,17029,131.000),(1653,3008,17030,340.000),(1654,3087,17021,249.000),(1655,3086,17020,474.000),(1656,3064,17017,452.000),(1657,3064,17033,398.000),(1658,3065,17020,125.000),(1659,3038,17004,415.000),(1660,3006,17024,115.000),(1661,3009,17004,476.000),(1662,3067,17029,278.000),(1663,3018,17002,254.000),(1664,3013,17032,260.000),(1665,3085,17032,317.000),(1666,3020,17006,384.000),(1667,3040,17002,425.000),(1668,3031,17020,468.000),(1669,3089,17031,222.000),(1670,3017,17009,461.000),(1671,3079,17006,301.000),(1672,3010,17015,351.000),(1673,3074,17025,296.000),(1674,3080,17018,191.000),(1675,3037,17035,438.000),(1676,3083,17010,310.000),(1677,3081,17020,478.000),(1678,3085,17003,167.000),(1679,3011,17009,499.000),(1680,3045,17020,106.000),(1681,3078,17018,157.000),(1682,3022,17021,446.000),(1683,3079,17002,259.000),(1684,3037,17011,276.000),(1685,3053,17008,440.000),(1686,3031,17008,184.000),(1687,3026,17014,480.000),(1688,3052,17016,470.000),(1689,3036,17032,396.000),(1690,3075,17002,312.000),(1691,3004,17035,228.000),(1692,3026,17032,333.000),(1693,3069,17031,363.000),(1694,3081,17035,257.000),(1695,3071,17020,345.000),(1696,3087,17001,281.000),(1697,3072,17004,235.000),(1698,3048,17029,162.000),(1699,3075,17003,299.000);
/*!40000 ALTER TABLE `Abono` ENABLE KEYS */;
UNLOCK TABLES;

--
-- Table structure for table `CompraProducto`
--

DROP TABLE IF EXISTS `CompraProducto`;
/*!40101 SET @saved_cs_client     = @@character_set_client */;
 SET character_set_client = utf8mb4 ;
CREATE TABLE `CompraProducto` (
  `FacturaCompraProducto` int(11) NOT NULL,
  `FacturaPedido` int(11) NOT NULL,
  `IDproducto` int(11) NOT NULL,
  `FechaCompra` datetime DEFAULT NULL,
  `MontoCompra` decimal(13,3) DEFAULT NULL,
  `ReciboColector` char(8) DEFAULT NULL,
  `Status` char(10) DEFAULT NULL,
  `Observacion` char(30) DEFAULT NULL,
  `FechaVencPago` datetime DEFAULT NULL,
  PRIMARY KEY (`FacturaCompraProducto`)
) ENGINE=InnoDB DEFAULT CHARSET=utf8 COLLATE=utf8_general_ci;
/*!40101 SET character_set_client = @saved_cs_client */;

--
-- Dumping data for table `CompraProducto`
--

LOCK TABLES `CompraProducto` WRITE;
/*!40000 ALTER TABLE `CompraProducto` DISABLE KEYS */;
INSERT INTO `CompraProducto` VALUES (3001,9001,1001,'2016-01-21 00:00:00',150.000,'5001','Credito','-','2016-01-01 00:00:00'),(3002,9002,1002,'2016-01-19 00:00:00',200.000,'5002','Credito','-','2016-01-30 00:00:00'),(3003,9003,1003,'2016-03-10 00:00:00',100.000,'5003','Credito','-','2016-03-15 00:00:00'),(3004,9004,1004,'2017-04-06 00:00:00',50.000,'5004','Credito','-','2017-04-10 00:00:00'),(3005,9005,1005,'2017-05-20 00:00:00',300.000,'5005','Credito','-','2017-05-30 00:00:00'),(3006,9006,1006,'2017-06-13 00:00:00',80.000,'5006','Credito','-','2017-06-20 00:00:00'),(3007,9007,1007,'2017-07-13 00:00:00',120.000,'5007','Contado','-','2017-07-13 00:00:00'),(3008,9008,1008,'2017-08-20 00:00:00',60.000,'5008','Credito','-','2017-08-20 00:00:00'),(3009,9009,1009,'2017-09-20 00:00:00',450.000,'5009','Contado','-','2017-09-20 00:00:00'),(3010,9010,1010,'2017-10-25 00:00:00',40.000,'5010','Contado','-','2017-10-25 00:00:00'),(3011,9011,1011,'2017-11-07 00:00:00',50.000,'5011','Contado','-','2017-11-07 00:00:00'),(3012,9012,1012,'2018-01-13 00:00:00',30.000,'5012','Contado','-','2018-01-13 00:00:00'),(3013,9013,1013,'2018-01-26 00:00:00',100.000,'5013','Contado','-','2018-01-26 00:00:00'),(3014,9014,1002,'2018-02-19 00:00:00',200.000,'5014','Credito','-','2018-02-19 00:00:00'),(3015,9015,1003,'2018-04-10 00:00:00',100.000,'5015','Credito','-','2019-04-10 00:00:00'),(3016,9016,1004,'2018-05-06 00:00:00',50.000,'5016','Credito','-','2018-05-06 00:00:00'),(3017,9017,1005,'2018-07-20 00:00:00',300.000,'5017','Credito','-','2018-07-20 00:00:00'),(3018,9018,1006,'2018-09-13 00:00:00',80.000,'5018','Contado','-','2018-09-13 00:00:00'),(3019,9019,1007,'2018-12-13 00:00:00',120.000,'5019','Contado','-','2018-12-13 00:00:00'),(3020,9020,1008,'2019-01-20 00:00:00',60.000,'5020','Contado','-','2019-01-20 00:00:00'),(3021,9021,1009,'2019-01-20 00:00:00',450.000,'5021','Contado','-','2019-01-20 00:00:00'),(3022,9022,1010,'2019-02-25 00:00:00',40.000,'5022','Contado','-','2019-02-25 00:00:00'),(3023,9023,1011,'2019-03-07 00:00:00',50.000,'5023','Credito','-','2019-03-07 00:00:00'),(3024,9024,1012,'2019-04-07 00:00:00',30.000,'5024','Credito','-','2019-04-07 00:00:00'),(3025,9025,1013,'2019-04-26 00:00:00',25.000,'5025','Credito','-','2019-04-26 00:00:00'),(3026,9026,1005,'2019-04-28 00:00:00',357.000,'501','Credito','-','2019-05-01 00:00:00'),(3027,9027,1040,'2019-04-30 00:00:00',402.000,'502','Credito','-','2019-05-06 00:00:00'),(3028,9028,1060,'2019-05-04 00:00:00',638.000,'503','Credito','-','2019-05-11 00:00:00'),(3029,9029,1020,'2019-05-06 00:00:00',499.000,'504','Credito','-','2019-05-16 00:00:00'),(3030,9030,1059,'2019-05-08 00:00:00',186.000,'505','Credito','-','2019-05-21 00:00:00'),(3031,9031,1028,'2019-05-10 00:00:00',253.000,'506','Credito','-','2019-05-26 00:00:00'),(3032,9032,1042,'2019-05-12 00:00:00',171.000,'507','Credito','-','2019-05-31 00:00:00'),(3033,9033,1022,'2019-05-14 00:00:00',596.000,'508','Credito','-','2019-06-01 00:00:00'),(3034,9034,1051,'2019-05-16 00:00:00',304.000,'509','Credito','-','2019-06-06 00:00:00'),(3035,9035,1009,'2019-05-18 00:00:00',106.000,'5010','Credito','-','2019-06-11 00:00:00'),(3036,9036,1012,'2019-05-20 00:00:00',227.000,'5011','Contado','-','2019-06-16 00:00:00'),(3037,9037,1031,'2019-05-22 00:00:00',508.000,'5012','Contado','-','2019-06-21 00:00:00'),(3038,9038,1087,'2019-05-24 00:00:00',228.000,'5013','Contado','-','2019-06-26 00:00:00'),(3039,9039,1043,'2019-05-26 00:00:00',478.000,'5014','Contado','-','2019-06-30 00:00:00'),(3040,9040,1065,'2019-05-28 00:00:00',311.000,'5015','Contado','-','2019-07-01 00:00:00'),(3041,9041,1013,'2019-05-30 00:00:00',524.000,'5016','Contado','-','2019-07-04 00:00:00'),(3042,9042,1051,'2019-06-02 00:00:00',540.000,'5017','Contado','-','2019-07-07 00:00:00'),(3043,9043,1075,'2019-06-04 00:00:00',535.000,'5018','Contado','-','2019-07-16 00:00:00'),(3044,9044,1012,'2019-06-06 00:00:00',360.000,'5019','Contado','-','2019-07-21 00:00:00'),(3045,9045,1086,'2019-06-08 00:00:00',470.000,'5020','Contado','-','2019-07-26 00:00:00'),(3046,9046,1074,'2019-06-10 00:00:00',383.000,'5021','Credito','-','2019-07-31 00:00:00'),(3047,9047,1067,'2019-06-12 00:00:00',265.000,'5022','Credito','-','2019-08-01 00:00:00'),(3048,9048,1071,'2019-06-14 00:00:00',94.000,'5023','Credito','-','2019-08-06 00:00:00'),(3049,9049,1009,'2019-06-16 00:00:00',646.000,'5024','Credito','-','2019-08-11 00:00:00'),(3050,9050,1007,'2019-06-18 00:00:00',269.000,'5025','Credito','-','2019-08-16 00:00:00'),(3051,9051,1009,'2019-06-20 00:00:00',330.000,'5026','Credito','-','2019-08-21 00:00:00'),(3052,9052,1006,'2019-06-22 00:00:00',498.000,'5027','Credito','-','2019-08-26 00:00:00'),(3053,9053,1042,'2019-06-24 00:00:00',564.000,'5028','Credito','-','2019-08-31 00:00:00'),(3054,9054,1014,'2019-06-26 00:00:00',351.000,'5029','Credito','-','2019-09-01 00:00:00'),(3055,9055,1027,'2019-06-28 00:00:00',133.000,'5030','Credito','-','2019-09-06 00:00:00'),(3056,9056,1006,'2019-06-30 00:00:00',400.000,'5031','Contado','-','2019-09-11 00:00:00'),(3057,9057,1028,'2019-07-01 00:00:00',88.000,'5032','Contado','-','2019-09-16 00:00:00'),(3058,9058,1065,'2019-07-03 00:00:00',514.000,'5033','Contado','-','2019-09-21 00:00:00'),(3059,9059,1075,'2019-07-05 00:00:00',161.000,'5034','Contado','-','2019-09-26 00:00:00'),(3060,9060,1055,'2019-07-07 00:00:00',642.000,'5035','Contado','-','2019-09-30 00:00:00'),(3061,9061,1092,'2019-07-09 00:00:00',611.000,'5036','Contado','-','2019-10-01 00:00:00'),(3062,9062,1072,'2019-07-11 00:00:00',219.000,'5037','Contado','-','2019-10-06 00:00:00'),(3063,9063,1052,'2019-07-13 00:00:00',119.000,'5038','Contado','-','2019-10-11 00:00:00'),(3064,9064,1030,'2019-07-15 00:00:00',219.000,'5039','Contado','-','2019-10-16 00:00:00'),(3065,9065,1012,'2019-07-17 00:00:00',189.000,'5040','Contado','-','2019-10-21 00:00:00'),(3066,9066,1051,'2019-07-19 00:00:00',50.000,'5041','Credito','-','2019-10-26 00:00:00'),(3067,9067,1012,'2019-07-21 00:00:00',623.000,'5042','Credito','-','2019-10-31 00:00:00'),(3068,9068,1065,'2019-07-23 00:00:00',582.000,'5043','Credito','-','2019-11-01 00:00:00'),(3069,9069,1041,'2019-07-25 00:00:00',562.000,'5044','Credito','-','2019-11-06 00:00:00'),(3070,9070,1098,'2019-07-27 00:00:00',299.000,'5045','Credito','-','2019-11-11 00:00:00'),(3071,9071,1011,'2019-07-29 00:00:00',145.000,'5046','Credito','-','2019-11-16 00:00:00'),(3072,9072,1010,'2019-08-02 00:00:00',111.000,'5047','Credito','-','2019-11-16 00:00:00'),(3073,9073,1005,'2019-08-02 00:00:00',387.000,'5048','Credito','-','2019-11-16 00:00:00'),(3074,9074,1012,'2019-08-02 00:00:00',408.000,'5049','Credito','-','2019-11-16 00:00:00'),(3075,9075,1043,'2019-08-02 00:00:00',198.000,'5050','Credito','-','2019-11-16 00:00:00'),(3076,9076,1019,'2019-08-04 00:00:00',212.000,'5051','Contado','-','2019-11-16 00:00:00'),(3077,9077,1062,'2019-08-04 00:00:00',253.000,'5052','Contado','-','2019-11-16 00:00:00'),(3078,9078,1054,'2019-08-06 00:00:00',629.000,'5053','Contado','-','2019-11-16 00:00:00'),(3079,9079,1094,'2019-08-06 00:00:00',547.000,'5054','Contado','-','2019-11-16 00:00:00'),(3080,9080,1008,'2019-08-06 00:00:00',256.000,'5055','Contado','-','2019-11-16 00:00:00');
/*!40000 ALTER TABLE `CompraProducto` ENABLE KEYS */;
UNLOCK TABLES;

--
-- Table structure for table `DetalleCompraProducto`
--

DROP TABLE IF EXISTS `DetalleCompraProducto`;
/*!40101 SET @saved_cs_client     = @@character_set_client */;
 SET character_set_client = utf8mb4 ;
CREATE TABLE `DetalleCompraProducto` (
  `FacturaCompraProducto` int(11) NOT NULL,
  `IDproducto` int(11) NOT NULL,
  `CantidadUnidades` int(11) NOT NULL,
  `PrecioxUnidad` decimal(13,3) NOT NULL,
  PRIMARY KEY (`FacturaCompraProducto`)
) ENGINE=InnoDB DEFAULT CHARSET=utf8 COLLATE=utf8_general_ci;
/*!40101 SET character_set_client = @saved_cs_client */;

--
-- Dumping data for table `DetalleCompraProducto`
--

LOCK TABLES `DetalleCompraProducto` WRITE;
/*!40000 ALTER TABLE `DetalleCompraProducto` DISABLE KEYS */;
INSERT INTO `DetalleCompraProducto` VALUES (1101,1012,252,3.000),(1102,1017,147,4.000),(1103,1013,132,4.000),(1104,1083,212,16.000),(1105,1026,169,17.000),(1106,1070,72,35.000),(1107,1070,103,16.000),(1108,1003,97,10.000),(1109,1036,267,15.000),(1110,1050,290,14.000),(1111,1072,239,4.000),(1112,1003,163,15.000),(1113,1060,62,33.000),(1114,1055,109,29.000),(1115,1036,58,25.000),(1116,1032,46,8.000),(1117,1032,32,28.000),(1118,1006,54,7.000),(1119,1026,288,45.000),(1120,1006,203,34.000),(1121,1054,103,7.000),(1122,1001,214,10.000),(1123,1089,140,17.000),(1124,1029,80,42.000),(1125,1073,24,27.000),(1126,1018,101,47.000),(1127,1022,290,45.000),(1128,1010,133,18.000),(1129,1071,77,43.000),(1130,1042,189,40.000),(1131,1087,42,28.000),(1132,1095,154,33.000),(1133,1028,37,3.000),(1134,1054,34,15.000),(1135,1065,53,24.000),(1136,1033,147,20.000),(1137,1080,165,41.000),(1138,1032,112,28.000),(1139,1074,133,3.000),(1140,1012,144,46.000),(1141,1043,173,25.000),(1142,1047,38,34.000),(1143,1062,55,29.000),(1144,1081,67,7.000),(1145,1006,266,38.000),(1146,1054,282,32.000),(1147,1072,52,18.000),(1148,1010,135,24.000),(1149,1026,251,4.000),(1150,1052,213,32.000),(1151,1081,56,26.000),(1152,1099,213,49.000),(1153,1089,123,21.000),(1154,1021,263,30.000),(1155,1069,202,1.000),(1156,1012,290,22.000),(1157,1006,195,15.000),(1158,1085,260,47.000),(1159,1067,102,28.000),(1160,1086,56,24.000),(1161,1046,40,30.000),(1162,1035,269,20.000),(1163,1084,238,6.000),(1164,1091,243,27.000),(1165,1050,244,28.000),(1166,1023,71,25.000),(1167,1084,280,28.000),(1168,1032,202,20.000),(1169,1010,240,25.000),(1170,1061,52,44.000),(1171,1092,257,1.000),(1172,1052,272,13.000),(1173,1042,245,29.000),(1174,1008,50,14.000),(1175,1079,242,17.000),(1176,1048,40,50.000),(1177,1019,192,9.000),(1178,1072,52,37.000),(1179,1046,30,19.000),(1180,1053,243,12.000),(1181,1051,231,47.000),(1182,1083,171,42.000),(1183,1064,171,31.000),(1184,1030,198,26.000),(1185,1077,60,28.000),(1186,1077,163,34.000),(1187,1011,247,47.000),(1188,1023,196,42.000),(1189,1050,253,21.000),(1190,1077,139,27.000),(1191,1012,105,50.000),(1192,1035,131,30.000),(1193,1060,240,34.000),(1194,1038,157,19.000),(1195,1050,50,19.000),(1196,1026,150,16.000),(1197,1043,176,28.000),(1198,1065,35,25.000),(1199,1088,236,32.000);
/*!40000 ALTER TABLE `DetalleCompraProducto` ENABLE KEYS */;
UNLOCK TABLES;

--
-- Table structure for table `DetalleFactura`
--

DROP TABLE IF EXISTS `DetalleFactura`;
/*!40101 SET @saved_cs_client     = @@character_set_client */;
 SET character_set_client = utf8mb4 ;
CREATE TABLE `DetalleFactura` (
  `NoFactura` int(11) NOT NULL,
  `IDproducto` int(11) NOT NULL,
  `IDLote` int(11) NOT NULL,
  `PrecioUnitario` decimal(13,3) NOT NULL,
  `Cantidad` int(11) NOT NULL,
  `Total` decimal(13,3) NOT NULL,
  PRIMARY KEY (`NoFactura`,`IDproducto`,`IDLote`)
) ENGINE=InnoDB DEFAULT CHARSET=utf8 COLLATE=utf8_general_ci;
/*!40101 SET character_set_client = @saved_cs_client */;

--
-- Dumping data for table `DetalleFactura`
--

LOCK TABLES `DetalleFactura` WRITE;
/*!40000 ALTER TABLE `DetalleFactura` DISABLE KEYS */;
INSERT INTO `DetalleFactura` VALUES (6001,1044,84763,69.000,10,690.000),(6002,1074,92321,59.000,5,295.000),(6003,1098,87680,20.000,4,80.000),(6004,1005,93976,55.000,10,550.000),(6005,1088,80367,91.000,2,182.000),(6006,1062,90977,93.000,4,372.000),(6007,1020,83065,38.000,5,190.000),(6008,1061,94854,1.000,6,6.000),(6009,1050,87565,103.000,3,309.000),(6010,1026,84899,44.000,3,132.000),(6011,1085,87887,48.000,2,96.000),(6012,1037,89169,24.000,2,48.000),(6013,1071,93854,63.000,5,315.000),(6014,1008,82774,99.000,3,297.000),(6015,1038,94720,10.000,9,90.000),(6016,1058,91077,113.000,6,678.000),(6017,1018,84857,21.000,7,147.000),(6018,1071,85010,110.000,9,990.000),(6019,1071,80187,66.000,1,66.000),(6020,1074,92865,19.000,6,114.000),(6021,1042,81332,30.000,6,180.000),(6022,1016,87919,5.000,5,25.000),(6023,1097,86754,24.000,7,168.000),(6024,1099,82691,26.000,7,182.000),(6025,1084,83101,52.000,6,312.000),(6026,1040,80221,44.000,5,220.000),(6027,1040,91409,16.000,9,144.000),(6028,1097,90912,26.000,5,130.000),(6029,1079,90598,111.000,9,999.000),(6030,1035,93398,12.000,9,108.000),(6031,1073,82503,103.000,3,309.000),(6032,1021,92332,67.000,10,670.000),(6033,1003,90886,7.000,4,28.000),(6034,1005,92391,86.000,8,688.000),(6035,1077,93079,11.000,9,99.000),(6036,1030,84031,83.000,9,747.000),(6037,1028,92684,2.000,4,8.000),(6038,1094,81966,108.000,5,540.000),(6039,1008,94808,110.000,9,990.000),(6040,1065,82749,75.000,8,600.000),(6041,1092,89039,90.000,3,270.000),(6042,1050,82511,86.000,3,258.000),(6043,1091,89284,115.000,4,460.000),(6044,1028,83420,115.000,8,920.000),(6045,1080,83153,41.000,5,205.000),(6046,1084,84824,1.000,9,9.000),(6047,1075,86750,101.000,9,909.000),(6048,1098,92550,94.000,1,94.000),(6049,1080,83937,46.000,3,138.000),(6050,1095,86848,31.000,9,279.000),(6051,1049,93781,97.000,10,970.000),(6052,1090,93068,79.000,9,711.000),(6053,1001,81497,52.000,3,156.000),(6054,1040,94535,105.000,8,840.000),(6055,1006,88959,100.000,5,500.000),(6056,1098,83177,94.000,7,658.000),(6057,1040,94751,27.000,2,54.000),(6058,1029,82154,3.000,2,6.000),(6059,1010,90130,32.000,3,96.000),(6060,1010,85839,84.000,7,588.000),(6061,1048,84379,90.000,1,90.000),(6062,1079,87986,88.000,3,264.000),(6063,1009,81196,70.000,1,70.000),(6064,1039,94635,98.000,7,686.000),(6065,1088,87574,16.000,6,96.000),(6066,1087,87644,120.000,2,240.000),(6067,1074,94390,10.000,4,40.000),(6068,1034,94400,96.000,6,576.000),(6069,1073,87631,75.000,8,600.000),(6070,1058,93267,54.000,5,270.000),(6071,1087,82481,81.000,7,567.000),(6072,1030,82520,80.000,8,640.000),(6073,1051,90939,29.000,10,290.000),(6074,1022,83980,70.000,3,210.000),(6075,1004,84721,2.000,6,12.000),(6076,1012,89616,102.000,7,714.000),(6077,1019,81499,95.000,6,570.000),(6078,1052,93903,87.000,2,174.000),(6079,1022,85877,22.000,10,220.000),(6080,1006,84809,71.000,10,710.000),(6081,1029,87999,119.000,6,714.000),(6082,1080,82278,33.000,2,66.000),(6083,1012,83908,55.000,10,550.000),(6084,1060,93681,52.000,10,520.000),(6085,1027,82724,24.000,5,120.000),(6086,1075,91086,52.000,9,468.000),(6087,1061,87973,91.000,10,910.000),(6088,1020,86142,79.000,7,553.000),(6089,1006,91762,7.000,5,35.000),(6090,1012,82368,69.000,6,414.000),(6091,1029,89800,46.000,1,46.000),(6092,1075,91572,75.000,7,525.000),(6093,1016,82251,74.000,5,370.000),(6094,1086,89345,88.000,8,704.000),(6095,1068,93255,52.000,6,312.000),(6096,1045,83276,81.000,1,81.000),(6097,1053,89532,94.000,2,188.000),(6098,1058,94858,79.000,2,158.000),(6099,1090,81457,29.000,3,87.000);
/*!40000 ALTER TABLE `DetalleFactura` ENABLE KEYS */;
UNLOCK TABLES;

--
-- Table structure for table `DetallePedido`
--

DROP TABLE IF EXISTS `DetallePedido`;
/*!40101 SET @saved_cs_client     = @@character_set_client */;
 SET character_set_client = utf8mb4 ;
CREATE TABLE `DetallePedido` (
  `FacturaPedido` int(11) NOT NULL,
  `IDproducto` int(11) NOT NULL,
  `CantidadUnidad` int(11) NOT NULL,
  `PrecioxUnidad` decimal(13,3) NOT NULL,
  `EsProductoNuevo` bit(1) NOT NULL,
  PRIMARY KEY (`FacturaPedido`,`IDproducto`)
) ENGINE=InnoDB DEFAULT CHARSET=utf8 COLLATE=utf8_general_ci;
/*!40101 SET character_set_client = @saved_cs_client */;

--
-- Dumping data for table `DetallePedido`
--

LOCK TABLES `DetallePedido` WRITE;
/*!40000 ALTER TABLE `DetallePedido` DISABLE KEYS */;
INSERT INTO `DetallePedido` VALUES (2201,1092,27,243.000,_binary '\0'),(2202,1059,239,45.000,_binary '\0'),(2203,1078,16,57.000,_binary '\0'),(2204,1013,129,151.000,_binary ''),(2205,1054,19,266.000,_binary '\0'),(2206,1083,251,115.000,_binary ''),(2207,1081,126,126.000,_binary ''),(2208,1087,69,179.000,_binary ''),(2209,1006,258,20.000,_binary ''),(2210,1072,237,144.000,_binary '\0'),(2211,1064,277,208.000,_binary '\0'),(2212,1007,133,103.000,_binary '\0'),(2213,1073,272,298.000,_binary ''),(2214,1091,299,3.000,_binary '\0'),(2215,1047,183,99.000,_binary '\0'),(2216,1045,72,40.000,_binary ''),(2217,1018,174,13.000,_binary '\0'),(2218,1039,132,156.000,_binary ''),(2219,1018,130,283.000,_binary ''),(2220,1053,214,115.000,_binary ''),(2221,1011,86,292.000,_binary '\0'),(2222,1080,235,149.000,_binary '\0'),(2223,1088,81,265.000,_binary ''),(2224,1055,139,90.000,_binary '\0'),(2225,1059,265,108.000,_binary '\0'),(2226,1022,220,32.000,_binary ''),(2227,1005,75,220.000,_binary '\0'),(2228,1079,69,284.000,_binary '\0'),(2229,1003,299,33.000,_binary ''),(2230,1073,148,152.000,_binary '\0'),(2231,1071,261,50.000,_binary '\0'),(2232,1055,36,91.000,_binary '\0'),(2233,1064,246,191.000,_binary ''),(2234,1019,50,109.000,_binary '\0'),(2235,1036,13,63.000,_binary ''),(2236,1018,217,146.000,_binary '\0'),(2237,1043,300,59.000,_binary '\0'),(2238,1067,110,207.000,_binary ''),(2239,1090,241,178.000,_binary ''),(2240,1067,147,150.000,_binary '\0'),(2241,1002,81,42.000,_binary '\0'),(2242,1080,36,244.000,_binary ''),(2243,1099,189,178.000,_binary ''),(2244,1042,241,9.000,_binary ''),(2245,1006,37,221.000,_binary ''),(2246,1087,156,271.000,_binary '\0'),(2247,1006,286,275.000,_binary '\0'),(2248,1098,162,192.000,_binary '\0'),(2249,1031,56,210.000,_binary ''),(2250,1050,299,80.000,_binary ''),(2251,1093,112,59.000,_binary ''),(2252,1050,116,189.000,_binary '\0'),(2253,1057,37,184.000,_binary '\0'),(2254,1073,192,149.000,_binary ''),(2255,1033,107,31.000,_binary '\0'),(2256,1064,92,181.000,_binary ''),(2257,1087,129,256.000,_binary ''),(2258,1092,43,99.000,_binary ''),(2259,1042,108,235.000,_binary ''),(2260,1026,41,36.000,_binary ''),(2261,1091,34,269.000,_binary '\0'),(2262,1058,171,31.000,_binary ''),(2263,1018,194,111.000,_binary '\0'),(2264,1046,159,3.000,_binary '\0'),(2265,1089,84,280.000,_binary '\0'),(2266,1087,180,24.000,_binary '\0'),(2267,1080,205,234.000,_binary ''),(2268,1065,24,95.000,_binary '\0'),(2269,1068,107,180.000,_binary '\0'),(2270,1047,92,275.000,_binary ''),(2271,1019,263,146.000,_binary ''),(2272,1072,197,77.000,_binary ''),(2273,1072,289,282.000,_binary '\0'),(2274,1056,224,36.000,_binary ''),(2275,1016,185,297.000,_binary '\0'),(2276,1043,76,277.000,_binary '\0'),(2277,1008,52,68.000,_binary ''),(2278,1018,184,53.000,_binary '\0'),(2279,1086,267,89.000,_binary ''),(2280,1029,197,59.000,_binary '\0'),(2281,1012,128,214.000,_binary ''),(2282,1035,242,115.000,_binary '\0'),(2283,1088,134,164.000,_binary '\0'),(2284,1037,127,63.000,_binary ''),(2285,1027,155,160.000,_binary ''),(2286,1052,88,237.000,_binary ''),(2287,1057,75,43.000,_binary '\0'),(2288,1067,55,204.000,_binary '\0'),(2289,1058,201,147.000,_binary ''),(2290,1019,167,271.000,_binary ''),(2291,1024,34,155.000,_binary '\0'),(2292,1061,235,170.000,_binary '\0'),(2293,1028,11,232.000,_binary ''),(2294,1034,224,102.000,_binary '\0'),(2295,1011,163,152.000,_binary '\0'),(2296,1096,207,263.000,_binary ''),(2297,1013,209,140.000,_binary '\0'),(2298,1017,138,230.000,_binary ''),(2299,1023,245,187.000,_binary '');
/*!40000 ALTER TABLE `DetallePedido` ENABLE KEYS */;
UNLOCK TABLES;

--
-- Table structure for table `DetalleProducto`
--

DROP TABLE IF EXISTS `DetalleProducto`;
/*!40101 SET @saved_cs_client     = @@character_set_client */;
 SET character_set_client = utf8mb4 ;
CREATE TABLE `DetalleProducto` (
  `IDproducto` int(11) NOT NULL,
  `IDLote` int(11) NOT NULL,
  `FechaVenc` datetime DEFAULT NULL,
  `PrecioUnitario` decimal(13,3) NOT NULL,
  `PrecioVenta` decimal(13,3) NOT NULL,
  PRIMARY KEY (`IDproducto`,`IDLote`)
) ENGINE=InnoDB DEFAULT CHARSET=utf8 COLLATE=utf8_general_ci;
/*!40101 SET character_set_client = @saved_cs_client */;

--
-- Dumping data for table `DetalleProducto`
--

LOCK TABLES `DetalleProducto` WRITE;
/*!40000 ALTER TABLE `DetalleProducto` DISABLE KEYS */;
INSERT INTO `DetalleProducto` VALUES (1001,81329,'2018-10-29 12:52:44',63.000,22.050),(1003,81911,'2019-03-02 00:58:51',79.000,27.650),(1004,88576,'2020-07-03 12:54:22',123.000,43.050),(1007,87381,'2019-09-04 19:38:37',178.000,62.300),(1007,92226,'2019-12-10 05:40:47',19.000,6.650),(1007,93978,'2020-02-06 09:36:22',152.000,53.200),(1008,92198,'2018-11-25 05:54:23',143.000,50.050),(1008,92241,'2018-09-20 20:24:52',121.000,42.350),(1008,92565,'2018-09-01 03:50:49',175.000,61.250),(1010,93768,'2019-12-28 17:53:33',174.000,60.900),(1011,84724,'2019-02-06 13:51:32',81.000,28.350),(1012,87570,'2019-01-30 21:09:42',43.000,15.050),(1013,86159,'2019-05-20 22:56:59',74.000,25.900),(1014,88325,'2019-04-21 16:43:06',17.000,5.950),(1015,89218,'2018-11-02 01:47:55',107.000,37.450),(1015,92415,'2019-10-27 02:53:36',67.000,23.450),(1019,90518,'2020-06-23 17:43:45',132.000,46.200),(1020,89439,'2019-08-06 00:32:33',101.000,35.350),(1020,91159,'2020-06-18 16:18:51',47.000,16.450),(1021,81784,'2018-12-19 10:48:18',194.000,67.900),(1025,83872,'2020-07-09 15:44:10',25.000,8.750),(1025,89716,'2020-06-01 03:15:51',127.000,44.450),(1025,91931,'2019-11-22 01:45:39',148.000,51.800),(1026,89197,'2019-12-20 23:50:54',140.000,49.000),(1028,80898,'2019-07-09 05:39:51',40.000,14.000),(1028,81539,'2020-02-17 03:58:38',150.000,52.500),(1028,85058,'2018-09-12 14:39:35',146.000,51.100),(1030,86363,'2019-11-02 02:12:19',38.000,13.300),(1030,86994,'2020-08-05 20:16:49',72.000,25.200),(1030,89559,'2019-08-17 22:21:34',165.000,57.750),(1031,85930,'2019-04-06 05:27:00',45.000,15.750),(1034,82800,'2020-05-04 06:21:53',94.000,32.900),(1034,85652,'2019-05-22 05:39:20',83.000,29.050),(1034,91487,'2019-07-02 17:00:48',195.000,68.250),(1034,93465,'2018-12-27 22:49:38',142.000,49.700),(1035,80037,'2019-08-09 04:08:58',161.000,56.350),(1035,88075,'2019-05-08 10:19:46',9.000,3.150),(1036,91769,'2018-09-02 19:05:21',39.000,13.650),(1036,92189,'2018-08-16 15:00:05',81.000,28.350),(1037,84089,'2020-01-22 00:48:54',181.000,63.350),(1037,85944,'2019-12-02 17:58:04',157.000,54.950),(1037,93175,'2019-02-28 12:57:47',19.000,6.650),(1039,81622,'2020-07-09 09:53:36',126.000,44.100),(1039,93023,'2019-03-20 06:39:38',92.000,32.200),(1040,83671,'2019-04-09 22:53:36',49.000,17.150),(1040,88200,'2019-12-19 18:32:47',75.000,26.250),(1041,82117,'2020-05-09 12:07:14',111.000,38.850),(1041,93857,'2019-04-29 00:09:06',25.000,8.750),(1046,81991,'2018-09-28 03:47:46',77.000,26.950),(1049,80792,'2020-06-09 13:22:10',37.000,12.950),(1050,91593,'2018-11-10 07:08:56',176.000,61.600),(1051,92755,'2020-05-15 18:37:18',60.000,21.000),(1053,84884,'2020-05-22 19:42:31',125.000,43.750),(1056,82499,'2020-08-01 04:44:39',188.000,65.800),(1056,90460,'2020-07-28 09:53:13',134.000,46.900),(1057,93805,'2019-08-23 01:43:56',50.000,17.500),(1058,93487,'2019-02-25 06:31:41',115.000,40.250),(1059,87943,'2019-04-09 23:06:34',68.000,23.800),(1061,82405,'2020-02-04 06:12:51',178.000,62.300),(1062,92251,'2019-12-24 18:15:36',135.000,47.250),(1065,80705,'2019-08-15 22:43:59',42.000,14.700),(1067,86114,'2020-01-17 01:36:42',34.000,11.900),(1072,82642,'2018-12-25 18:49:23',149.000,52.150),(1072,85649,'2018-08-27 18:08:56',145.000,50.750),(1072,90828,'2018-11-17 19:15:25',20.000,7.000),(1073,83910,'2020-05-05 04:59:12',158.000,55.300),(1074,89648,'2020-02-23 02:21:58',73.000,25.550),(1075,94779,'2019-04-04 12:58:09',81.000,28.350),(1076,90926,'2020-06-10 03:21:00',107.000,37.450),(1076,93368,'2020-03-06 14:08:46',43.000,15.050),(1078,84270,'2019-01-08 13:20:00',74.000,25.900),(1078,91976,'2018-11-16 12:33:51',9.000,3.150),(1079,84312,'2020-04-16 22:54:19',195.000,68.250),(1079,90938,'2020-02-11 09:13:11',137.000,47.950),(1080,85263,'2019-10-10 15:22:51',26.000,9.100),(1080,92877,'2018-08-19 04:24:40',72.000,25.200),(1081,88577,'2019-10-02 06:52:06',5.000,1.750),(1082,89698,'2019-02-26 01:13:53',1.000,0.350),(1083,93980,'2019-07-24 23:13:35',26.000,9.100),(1085,83444,'2018-09-26 20:13:35',195.000,68.250),(1085,85967,'2020-02-26 06:08:42',138.000,48.300),(1086,89066,'2018-08-28 16:28:09',193.000,67.550),(1087,80446,'2018-08-08 14:54:41',179.000,62.650),(1088,83577,'2019-09-17 02:25:49',73.000,25.550),(1088,92889,'2019-07-30 03:24:11',67.000,23.450),(1089,81336,'2019-06-01 19:47:54',158.000,55.300),(1089,83433,'2019-08-13 00:04:31',85.000,29.750),(1089,87280,'2018-12-24 10:53:57',190.000,66.500),(1089,94372,'2018-12-30 06:07:29',41.000,14.350),(1093,81041,'2020-02-23 23:53:34',74.000,25.900),(1093,89953,'2018-10-05 05:18:56',58.000,20.300),(1094,86775,'2018-08-12 10:44:11',193.000,67.550),(1095,87298,'2019-02-28 02:37:47',89.000,31.150),(1095,89183,'2018-11-14 08:52:45',147.000,51.450),(1096,90469,'2020-04-27 21:47:23',130.000,45.500),(1096,94574,'2019-12-28 08:53:06',37.000,12.950),(1097,88340,'2019-05-26 21:36:58',74.000,25.900),(1098,84215,'2019-10-06 17:44:38',162.000,56.700),(1099,91590,'2019-11-30 00:57:41',174.000,60.900);
/*!40000 ALTER TABLE `DetalleProducto` ENABLE KEYS */;
UNLOCK TABLES;

--
-- Table structure for table `Empleado`
--

DROP TABLE IF EXISTS `Empleado`;
/*!40101 SET @saved_cs_client     = @@character_set_client */;
 SET character_set_client = utf8mb4 ;
CREATE TABLE `Empleado` (
  `IDempleado` int(11) NOT NULL,
  `CedulaEmpleado` char(16) DEFAULT NULL,
  `Nombre` char(30) NOT NULL,
  `Usuario` char(15) NOT NULL,
  `Pass` char(10) NOT NULL,
  PRIMARY KEY (`IDempleado`)
) ENGINE=InnoDB DEFAULT CHARSET=utf8 COLLATE=utf8_general_ci;
/*!40101 SET character_set_client = @saved_cs_client */;

--
-- Dumping data for table `Empleado`
--

LOCK TABLES `Empleado` WRITE;
/*!40000 ALTER TABLE `Empleado` DISABLE KEYS */;
INSERT INTO `Empleado` VALUES (1,'001-130599-1007K','Francisco Silva','FSilva','1234'),(2,'001-230198-0198W','Gabriela Castillo','GCastillo','1234'),(3,'001-091296-1000D','Isis Amador','IAmador','1234');
/*!40000 ALTER TABLE `Empleado` ENABLE KEYS */;
UNLOCK TABLES;

--
-- Table structure for table `Enfermedad`
--

DROP TABLE IF EXISTS `Enfermedad`;
/*!40101 SET @saved_cs_client     = @@character_set_client */;
 SET character_set_client = utf8mb4 ;
CREATE TABLE `Enfermedad` (
  `IDenfermedad` int(11) NOT NULL,
  `Descripcion` char(30) NOT NULL,
  PRIMARY KEY (`IDenfermedad`)
) ENGINE=InnoDB DEFAULT CHARSET=utf8 COLLATE=utf8_general_ci;
/*!40101 SET character_set_client = @saved_cs_client */;

--
-- Dumping data for table `Enfermedad`
--

LOCK TABLES `Enfermedad` WRITE;
/*!40000 ALTER TABLE `Enfermedad` DISABLE KEYS */;
INSERT INTO `Enfermedad` VALUES (5001,'Fiebre'),(5002,'Herpes'),(5003,'Varicela'),(5004,'Gripe'),(5005,'Congestion'),(5006,'Dolor muscular'),(5007,'Diarrea'),(5008,'Dolor estomacal'),(5009,'Ansiedad'),(5010,'Infeccion estomacal'),(5011,'Bronquitis'),(5012,'Neumonia'),(5013,'Rinitis'),(5014,'Mucolitico'),(5015,'Deshidratacion'),(5016,'Relajar'),(5017,'Imsonmio'),(5018,'Mononucleosis'),(5019,'Dolor de cabeza'),(5020,'Dolor de muela'),(5021,'Tos'),(5022,'Vomito'),(5023,'Alergia'),(5024,'Sinucitis'),(5025,'Infeccion vaginal');
/*!40000 ALTER TABLE `Enfermedad` ENABLE KEYS */;
UNLOCK TABLES;

--
-- Table structure for table `Factura`
--

DROP TABLE IF EXISTS `Factura`;
/*!40101 SET @saved_cs_client     = @@character_set_client */;
 SET character_set_client = utf8mb4 ;
CREATE TABLE `Factura` (
  `NoFactura` int(11) NOT NULL,
  `IDempleado` int(11) NOT NULL,
  `Fecha` datetime DEFAULT NULL,
  PRIMARY KEY (`NoFactura`)
) ENGINE=InnoDB DEFAULT CHARSET=utf8 COLLATE=utf8_general_ci;
/*!40101 SET character_set_client = @saved_cs_client */;

--
-- Dumping data for table `Factura`
--

LOCK TABLES `Factura` WRITE;
/*!40000 ALTER TABLE `Factura` DISABLE KEYS */;
INSERT INTO `Factura` VALUES (6001,2,'2019-03-31 00:00:00'),(6002,1,'2019-03-20 00:00:00'),(6003,2,'2019-04-05 00:00:00'),(6004,3,'2019-04-01 00:00:00'),(6005,2,'2019-03-25 00:00:00'),(6006,2,'2019-04-01 00:00:00'),(6007,2,'2019-03-20 00:00:00'),(6008,1,'2019-04-07 00:00:00'),(6009,2,'2019-03-31 00:00:00'),(6010,1,'2019-03-20 00:00:00'),(6011,2,'2019-04-05 00:00:00'),(6012,3,'2019-04-01 00:00:00'),(6013,1,'2019-03-25 00:00:00'),(6014,2,'2019-04-01 00:00:00'),(6015,2,'2019-03-20 00:00:00'),(6016,1,'2019-04-07 00:00:00'),(6017,2,'2019-03-31 00:00:00'),(6018,1,'2019-03-20 00:00:00'),(6019,2,'2019-04-05 00:00:00'),(6020,3,'2019-04-01 00:00:00'),(6021,3,'2019-03-25 00:00:00'),(6022,2,'2019-04-01 00:00:00'),(6023,2,'2019-03-20 00:00:00'),(6024,1,'2019-04-07 00:00:00'),(6025,1,'2019-04-07 00:00:00'),(6026,1,'2016-05-06 07:07:51'),(6027,1,'2016-06-01 14:56:29'),(6028,3,'2016-06-22 18:48:10'),(6029,1,'2016-10-23 18:03:22'),(6030,2,'2019-05-27 09:20:28'),(6031,2,'2018-09-10 03:24:55'),(6032,2,'2016-06-16 08:45:07'),(6033,1,'2016-12-15 05:58:25'),(6034,3,'2019-04-19 10:30:27'),(6035,3,'2017-06-04 06:23:18'),(6036,1,'2018-03-11 08:32:21'),(6037,1,'2018-05-09 19:58:16'),(6038,3,'2018-08-15 03:31:43'),(6039,3,'2019-01-24 05:58:03'),(6040,3,'2019-01-20 17:54:21'),(6041,3,'2016-10-13 16:20:24'),(6042,1,'2019-06-10 01:24:45'),(6043,1,'2016-08-04 02:30:41'),(6044,2,'2018-01-17 01:53:25'),(6045,2,'2016-09-02 21:57:18'),(6046,3,'2017-04-27 05:51:40'),(6047,3,'2019-01-02 02:56:37'),(6048,1,'2016-05-27 12:03:29'),(6049,1,'2017-04-10 13:41:23'),(6050,3,'2016-12-29 21:32:28'),(6051,3,'2018-03-03 01:32:02'),(6052,1,'2017-08-21 10:28:13'),(6053,1,'2016-12-27 08:31:55'),(6054,2,'2017-01-24 05:03:43'),(6055,1,'2017-02-22 08:08:20'),(6056,3,'2019-01-16 17:32:41'),(6057,1,'2017-02-26 21:48:07'),(6058,3,'2016-11-17 21:22:43'),(6059,1,'2018-06-11 04:08:15'),(6060,2,'2019-05-03 04:44:08'),(6061,3,'2018-01-07 12:02:32'),(6062,3,'2018-02-27 16:19:15'),(6063,1,'2016-04-24 10:37:19'),(6064,3,'2018-08-27 00:40:18'),(6065,2,'2016-08-01 17:30:26'),(6066,2,'2016-05-25 14:39:09'),(6067,2,'2017-12-23 10:52:59'),(6068,3,'2017-02-04 05:34:38'),(6069,2,'2017-10-25 06:38:46'),(6070,1,'2017-10-16 14:37:34'),(6071,2,'2017-02-14 21:36:00'),(6072,2,'2016-05-04 15:45:04'),(6073,2,'2019-07-30 13:47:25'),(6074,3,'2019-01-15 07:52:24'),(6075,2,'2019-05-05 05:38:09'),(6076,1,'2018-02-02 14:52:34'),(6077,1,'2019-08-03 03:34:53'),(6078,3,'2017-09-08 22:11:48'),(6079,3,'2016-12-05 16:43:56'),(6080,2,'2018-11-29 06:35:00'),(6081,3,'2018-01-17 11:35:34'),(6082,2,'2016-12-05 21:29:58'),(6083,3,'2018-03-06 16:54:10'),(6084,3,'2018-08-12 04:09:58'),(6085,1,'2017-04-01 15:08:47'),(6086,2,'2018-10-02 06:45:34'),(6087,1,'2018-08-12 11:10:06'),(6088,2,'2016-09-05 20:00:39'),(6089,2,'2016-10-11 15:07:16'),(6090,2,'2019-05-06 18:45:48'),(6091,1,'2017-11-02 13:19:46'),(6092,2,'2017-02-11 00:40:48'),(6093,2,'2018-03-13 04:44:00'),(6094,3,'2018-02-11 04:56:49'),(6095,3,'2019-07-11 11:30:12'),(6096,3,'2019-05-05 04:22:53'),(6097,3,'2016-06-03 23:19:16'),(6098,3,'2016-07-09 01:36:35'),(6099,3,'2016-09-19 19:49:57');
/*!40000 ALTER TABLE `Factura` ENABLE KEYS */;
UNLOCK TABLES;

--
-- Table structure for table `Indicacion`
--

DROP TABLE IF EXISTS `Indicacion`;
/*!40101 SET @saved_cs_client     = @@character_set_client */;
 SET character_set_client = utf8mb4 ;
CREATE TABLE `Indicacion` (
  `IDindicacion` int(11) NOT NULL,
  `Descripcion` char(30) NOT NULL,
  PRIMARY KEY (`IDindicacion`)
) ENGINE=InnoDB DEFAULT CHARSET=utf8 COLLATE=utf8_general_ci;
/*!40101 SET character_set_client = @saved_cs_client */;

--
-- Dumping data for table `Indicacion`
--

LOCK TABLES `Indicacion` WRITE;
/*!40000 ALTER TABLE `Indicacion` DISABLE KEYS */;
INSERT INTO `Indicacion` VALUES (7001,'Niños < 6 meses'),(7002,'Niños < 1 año'),(7003,'Niños < 2 años'),(7004,'Niños < 5 años'),(7005,'Niños < 7 años'),(7006,'Niños < 10 años'),(7007,'0-15 años'),(7008,'Mayores de 18'),(7009,'Adultos > 40'),(7010,'Adultos > 50'),(7011,'Adultos > 60'),(7012,'Todas las edades'),(7013,'No apto para embarazadas'),(7014,'No apto durante la lactancia');
/*!40000 ALTER TABLE `Indicacion` ENABLE KEYS */;
UNLOCK TABLES;

--
-- Table structure for table `IndicacionProducto`
--

DROP TABLE IF EXISTS `IndicacionProducto`;
/*!40101 SET @saved_cs_client     = @@character_set_client */;
 SET character_set_client = utf8mb4 ;
CREATE TABLE `IndicacionProducto` (
  `IDindicacionProducto` int(11) NOT NULL,
  `IDproducto` int(11) NOT NULL,
  `IDindicacion` int(11) NOT NULL,
  PRIMARY KEY (`IDindicacionProducto`,`IDproducto`,`IDindicacion`)
) ENGINE=InnoDB DEFAULT CHARSET=utf8 COLLATE=utf8_general_ci;
/*!40101 SET character_set_client = @saved_cs_client */;

--
-- Dumping data for table `IndicacionProducto`
--

LOCK TABLES `IndicacionProducto` WRITE;
/*!40000 ALTER TABLE `IndicacionProducto` DISABLE KEYS */;
INSERT INTO `IndicacionProducto` VALUES (121,1086,7009),(122,1015,7004),(123,1035,7013),(124,1071,7003),(125,1045,7003),(126,1047,7013),(127,1073,7011),(128,1048,7008),(129,1030,7009),(1210,1019,7003),(1211,1015,7007),(1212,1077,7010),(1213,1074,7005),(1214,1093,7010),(1215,1025,7011),(1216,1029,7008),(1217,1029,7013),(1218,1098,7013),(1219,1048,7003),(1220,1047,7003),(1221,1070,7009),(1222,1059,7006),(1223,1043,7003),(1224,1097,7011),(1225,1074,7004),(1226,1083,7013),(1227,1019,7014),(1228,1059,7014),(1229,1083,7014),(1230,1071,7001),(1231,1089,7005),(1232,1097,7006),(1233,1003,7004),(1234,1079,7006),(1235,1060,7005),(1236,1054,7010),(1237,1028,7013),(1238,1052,7006),(1239,1006,7005),(1240,1094,7003),(1241,1093,7001),(1242,1099,7010),(1243,1091,7006),(1244,1066,7007),(1245,1079,7005),(1246,1047,7010),(1247,1028,7013),(1248,1007,7010),(1249,1069,7002),(1250,1063,7005),(1251,1077,7012),(1252,1040,7009),(1253,1084,7003),(1254,1062,7014),(1255,1013,7005),(1256,1087,7007),(1257,1077,7010),(1258,1030,7011),(1259,1012,7010),(1260,1079,7002),(1261,1061,7001),(1262,1048,7005),(1263,1006,7009),(1264,1078,7001),(1265,1033,7005),(1266,1096,7005),(1267,1058,7013),(1268,1028,7003),(1269,1013,7011),(1270,1002,7004),(1271,1041,7012),(1272,1003,7006),(1273,1065,7011),(1274,1012,7010),(1275,1084,7004),(1276,1008,7003),(1277,1094,7008),(1278,1022,7002),(1279,1034,7011),(1280,1007,7001),(1281,1014,7012),(1282,1032,7011),(1283,1069,7010),(1284,1055,7012),(1285,1001,7013),(1286,1048,7011),(1287,1031,7001),(1288,1009,7009),(1289,1083,7002),(1290,1043,7009),(1291,1050,7004),(1292,1014,7004),(1293,1001,7006),(1294,1005,7002),(1295,1090,7008),(1296,1044,7006),(1297,1070,7009),(1298,1094,7006),(1299,1011,7012);
/*!40000 ALTER TABLE `IndicacionProducto` ENABLE KEYS */;
UNLOCK TABLES;

--
-- Table structure for table `Lote`
--

DROP TABLE IF EXISTS `Lote`;
/*!40101 SET @saved_cs_client     = @@character_set_client */;
 SET character_set_client = utf8mb4 ;
CREATE TABLE `Lote` (
  `IDlote` int(11) NOT NULL,
  `Fecha_venc` datetime DEFAULT NULL,
  PRIMARY KEY (`IDlote`)
) ENGINE=InnoDB DEFAULT CHARSET=utf8 COLLATE=utf8_general_ci;
/*!40101 SET character_set_client = @saved_cs_client */;

--
-- Dumping data for table `Lote`
--

LOCK TABLES `Lote` WRITE;
/*!40000 ALTER TABLE `Lote` DISABLE KEYS */;
INSERT INTO `Lote` VALUES (80001,'2019-11-05 11:56:00'),(80002,'2020-03-11 05:42:02'),(80003,'2018-09-02 03:12:59'),(80004,'2020-01-29 03:46:19'),(80005,'2019-01-04 16:07:27'),(80006,'2020-03-25 00:13:27'),(80007,'2019-02-17 18:06:33'),(80008,'2018-10-01 19:03:17'),(80009,'2019-03-01 10:56:02'),(80010,'2020-07-20 07:10:21'),(80011,'2020-02-07 09:43:00'),(80012,'2020-05-30 23:32:52'),(80013,'2018-12-15 06:55:56'),(80014,'2019-11-09 05:59:09'),(80015,'2020-01-18 17:28:59'),(80016,'2020-03-11 23:51:32'),(80017,'2019-06-09 21:32:49'),(80018,'2019-10-02 20:47:04'),(80019,'2018-08-29 09:29:26'),(80020,'2018-10-13 21:41:52'),(80021,'2018-08-27 17:13:59'),(80022,'2018-12-19 04:33:23'),(80023,'2019-07-25 13:11:32'),(80024,'2019-11-07 00:38:18'),(80025,'2020-04-25 07:53:40'),(80026,'2020-05-04 09:16:06'),(80027,'2020-06-16 14:30:50'),(80028,'2019-09-24 18:57:01'),(80029,'2019-12-13 12:42:55'),(80030,'2020-07-30 17:03:10'),(80031,'2019-02-09 17:57:36'),(80032,'2020-08-02 01:47:09'),(80033,'2018-12-24 08:48:41'),(80034,'2019-10-06 16:51:00'),(80035,'2020-06-17 08:00:05'),(80036,'2019-03-29 14:41:12'),(80037,'2018-12-27 21:56:16'),(80038,'2019-09-05 13:36:49'),(80039,'2019-03-31 14:24:39'),(80040,'2019-04-23 03:12:25'),(80041,'2018-09-23 19:09:29'),(80042,'2018-12-16 19:36:20'),(80043,'2019-12-07 21:37:16'),(80044,'2018-11-02 08:53:49'),(80045,'2019-06-04 19:15:47'),(80046,'2019-04-09 12:39:26'),(80047,'2019-09-21 00:59:23'),(80048,'2018-10-03 08:20:28'),(80049,'2019-06-01 04:05:20'),(80050,'2019-04-11 13:43:31'),(80051,'2019-09-19 20:17:51'),(80052,'2020-05-19 02:57:06'),(80053,'2020-02-11 06:16:48'),(80054,'2018-11-23 14:50:12'),(80055,'2018-08-25 20:01:51'),(80056,'2019-08-18 02:17:30'),(80057,'2019-03-10 01:34:40'),(80058,'2018-10-05 10:36:26'),(80059,'2019-03-23 22:02:47'),(80060,'2019-10-12 12:37:27'),(80061,'2020-08-02 09:07:48'),(80062,'2019-11-16 02:09:12'),(80063,'2018-09-26 07:33:13'),(80064,'2019-07-13 12:02:06'),(80065,'2020-07-03 01:45:42'),(80066,'2019-09-17 21:00:44'),(80067,'2019-09-24 05:17:23'),(80068,'2018-09-19 03:14:42'),(80069,'2019-06-08 16:33:22'),(80070,'2020-05-28 06:13:11'),(80071,'2019-07-05 15:51:47'),(80072,'2019-08-20 20:55:29'),(80073,'2019-08-16 17:12:33'),(80074,'2019-10-07 14:18:08'),(80075,'2020-06-09 02:04:25'),(80076,'2020-05-11 23:00:07'),(80077,'2018-08-21 06:18:30'),(80078,'2019-11-04 00:01:04'),(80079,'2018-11-05 11:46:34'),(80080,'2019-01-17 20:41:01'),(80081,'2020-03-31 16:50:49'),(80082,'2020-05-31 11:22:57'),(80083,'2020-03-07 01:26:22'),(80084,'2018-11-09 02:16:20'),(80085,'2019-08-16 00:25:41'),(80086,'2019-11-10 14:13:49'),(80087,'2020-07-09 10:38:09'),(80088,'2020-01-01 03:37:39'),(80089,'2019-09-24 08:39:14'),(80090,'2019-01-08 06:45:07'),(80091,'2019-10-05 00:55:16'),(80092,'2018-10-16 14:48:32'),(80093,'2018-09-18 08:19:10'),(80094,'2019-04-04 09:21:46'),(80095,'2019-06-06 14:58:31'),(80096,'2019-10-11 06:36:00'),(80097,'2019-06-03 04:49:45'),(80098,'2019-07-29 07:34:24'),(80099,'2018-11-30 06:04:22');
/*!40000 ALTER TABLE `Lote` ENABLE KEYS */;
UNLOCK TABLES;

--
-- Table structure for table `Pagos`
--

DROP TABLE IF EXISTS `Pagos`;
/*!40101 SET @saved_cs_client     = @@character_set_client */;
 SET character_set_client = utf8mb4 ;
CREATE TABLE `Pagos` (
  `IDPagos` int(11) NOT NULL,
  `IDempleado` int(11) NOT NULL,
  `TipoPago` char(40) DEFAULT NULL,
  `MontoPago` decimal(13,3) DEFAULT NULL,
  `FechaPago` datetime DEFAULT NULL,
  PRIMARY KEY (`IDPagos`)
) ENGINE=InnoDB DEFAULT CHARSET=utf8 COLLATE=utf8_general_ci;
/*!40101 SET character_set_client = @saved_cs_client */;

--
-- Dumping data for table `Pagos`
--

LOCK TABLES `Pagos` WRITE;
/*!40000 ALTER TABLE `Pagos` DISABLE KEYS */;
INSERT INTO `Pagos` VALUES (1601,1,'Luz',1072.000,'2018-09-14 01:26:52'),(1602,1,'Luz',772.000,'2019-01-04 22:36:26'),(1603,1,'Luz',448.000,'2018-11-29 05:09:12'),(1604,1,'Agua',1460.000,'2018-11-23 05:52:29'),(1605,2,'Agua',1011.000,'2019-01-24 14:58:03'),(1606,1,'Agua',1065.000,'2019-02-20 15:27:53'),(1607,2,'CasaClaro',331.000,'2019-03-29 20:03:07'),(1608,1,'CasaClaro',1343.000,'2019-01-04 07:41:08'),(1609,2,'CasaClaro',621.000,'2019-03-06 20:33:23'),(1610,1,'Luz',1095.000,'2019-03-06 14:57:14'),(1611,1,'Luz',294.000,'2018-09-04 13:18:13'),(1612,1,'Luz',70.000,'2018-11-15 18:08:13'),(1613,1,'Agua',372.000,'2019-03-04 16:40:50'),(1614,1,'Agua',722.000,'2019-07-09 16:04:36'),(1615,2,'Agua',234.000,'2018-11-04 18:33:25'),(1616,1,'CasaClaro',1116.000,'2019-04-01 07:09:51'),(1617,2,'CasaClaro',984.000,'2019-01-26 10:13:26'),(1618,1,'CasaClaro',617.000,'2018-10-28 20:08:57'),(1619,1,'Luz',953.000,'2018-08-28 05:18:10'),(1620,2,'Luz',673.000,'2019-06-21 03:32:20'),(1621,1,'Luz',473.000,'2019-02-10 02:40:49'),(1622,1,'Agua',1180.000,'2019-06-07 22:52:16'),(1623,2,'Agua',496.000,'2019-04-11 03:19:19'),(1624,2,'Agua',335.000,'2018-11-22 02:39:10'),(1625,2,'CasaClaro',793.000,'2019-04-15 22:40:20'),(1626,2,'CasaClaro',442.000,'2018-11-25 06:14:45'),(1627,1,'CasaClaro',1210.000,'2019-05-14 00:21:50'),(1628,1,'Luz',576.000,'2019-06-13 18:29:32'),(1629,2,'Luz',1068.000,'2019-01-26 20:01:45'),(1630,2,'Luz',1397.000,'2018-09-04 09:28:41'),(1631,1,'Agua',890.000,'2019-07-13 07:48:52'),(1632,1,'Agua',1158.000,'2018-09-25 23:51:41'),(1633,1,'Agua',338.000,'2019-01-30 14:55:04'),(1634,1,'CasaClaro',520.000,'2019-05-13 22:33:36'),(1635,2,'CasaClaro',772.000,'2018-12-12 18:12:32'),(1636,2,'CasaClaro',145.000,'2018-10-20 09:48:05'),(1637,1,'Luz',1450.000,'2019-03-28 06:30:45'),(1638,2,'Luz',522.000,'2018-08-31 17:29:04'),(1639,2,'Luz',469.000,'2019-08-04 09:05:37'),(1640,2,'Agua',593.000,'2019-02-23 05:35:15'),(1641,1,'Agua',346.000,'2019-05-12 22:26:14'),(1642,1,'Agua',1293.000,'2019-03-23 09:43:43'),(1643,2,'CasaClaro',263.000,'2018-10-21 14:14:23'),(1644,1,'CasaClaro',1424.000,'2019-03-28 19:04:43'),(1645,2,'CasaClaro',1002.000,'2018-11-06 10:55:45'),(1646,1,'Luz',671.000,'2019-01-29 02:22:08'),(1647,2,'Luz',1298.000,'2019-04-24 01:52:57'),(1648,2,'Luz',734.000,'2019-03-22 22:13:19'),(1649,2,'Agua',670.000,'2018-08-12 16:09:23'),(1650,1,'Agua',163.000,'2018-11-28 13:10:54'),(1651,1,'Agua',1344.000,'2018-08-18 11:29:13'),(1652,2,'CasaClaro',715.000,'2018-12-08 07:12:10'),(1653,2,'CasaClaro',786.000,'2018-09-24 09:40:32'),(1654,2,'CasaClaro',1375.000,'2018-12-01 08:20:28'),(1655,1,'Luz',181.000,'2019-07-10 22:49:43'),(1656,1,'Luz',1377.000,'2019-05-20 00:16:22'),(1657,1,'Luz',1339.000,'2018-11-07 11:19:56'),(1658,2,'Agua',884.000,'2019-05-09 12:48:00'),(1659,1,'Agua',269.000,'2019-04-20 19:54:00'),(1660,2,'Agua',1222.000,'2018-10-09 20:34:39'),(1661,2,'CasaClaro',190.000,'2018-10-21 23:13:41'),(1662,1,'CasaClaro',50.000,'2018-10-01 16:02:58'),(1663,1,'CasaClaro',1227.000,'2018-11-26 01:02:24'),(1664,1,'Luz',867.000,'2019-03-02 01:22:26'),(1665,1,'Luz',1063.000,'2019-01-09 19:29:09'),(1666,2,'Luz',1460.000,'2019-01-06 23:43:06'),(1667,1,'Agua',1184.000,'2018-08-29 07:05:32'),(1668,1,'Agua',578.000,'2019-01-15 06:55:50'),(1669,2,'Agua',1316.000,'2019-07-22 00:56:11'),(1670,1,'CasaClaro',959.000,'2018-09-15 22:06:30'),(1671,2,'CasaClaro',159.000,'2018-09-13 09:24:37'),(1672,2,'CasaClaro',602.000,'2019-01-19 23:22:43'),(1673,1,'Luz',1356.000,'2019-06-13 18:52:59'),(1674,1,'Luz',440.000,'2018-10-29 13:43:47'),(1675,1,'Luz',570.000,'2019-07-23 01:35:13'),(1676,2,'Agua',370.000,'2019-05-24 12:10:06'),(1677,1,'Agua',1290.000,'2019-01-09 21:08:02'),(1678,1,'Agua',55.000,'2019-02-07 21:14:52'),(1679,1,'CasaClaro',1218.000,'2018-09-05 18:16:33'),(1680,2,'CasaClaro',705.000,'2019-05-19 18:59:20'),(1681,2,'CasaClaro',1344.000,'2019-05-21 11:19:30'),(1682,2,'Luz',803.000,'2018-11-29 07:47:43'),(1683,1,'Luz',657.000,'2018-08-16 10:24:24'),(1684,1,'Luz',1327.000,'2019-04-19 21:26:54'),(1685,1,'Agua',507.000,'2019-04-26 12:44:51'),(1686,2,'Agua',643.000,'2019-08-06 00:16:20'),(1687,2,'Agua',198.000,'2018-08-22 20:40:25'),(1688,1,'CasaClaro',263.000,'2019-02-21 22:21:07'),(1689,2,'CasaClaro',1348.000,'2019-06-16 14:49:55'),(1690,2,'CasaClaro',163.000,'2018-12-16 08:45:54'),(1691,2,'Luz',996.000,'2019-05-18 00:00:03'),(1692,1,'Luz',406.000,'2019-04-10 07:41:22'),(1693,2,'Luz',1161.000,'2018-09-20 01:19:41'),(1694,1,'Agua',541.000,'2019-07-08 08:22:39'),(1695,2,'Agua',264.000,'2018-09-25 11:25:46'),(1696,1,'Agua',515.000,'2018-11-19 22:08:36'),(1697,2,'CasaClaro',84.000,'2018-08-27 06:30:16'),(1698,1,'CasaClaro',942.000,'2019-05-04 05:28:09'),(1699,1,'CasaClaro',1298.000,'2018-08-22 19:54:13');
/*!40000 ALTER TABLE `Pagos` ENABLE KEYS */;
UNLOCK TABLES;

--
-- Table structure for table `Pedido`
--

DROP TABLE IF EXISTS `Pedido`;
/*!40101 SET @saved_cs_client     = @@character_set_client */;
 SET character_set_client = utf8mb4 ;
CREATE TABLE `Pedido` (
  `FacturaPedido` int(11) NOT NULL,
  `IDproveedor` int(11) NOT NULL,
  `IDempleado` int(11) NOT NULL,
  `FechaPedido` datetime DEFAULT NULL,
  `MontoPedido` decimal(13,3) DEFAULT NULL,
  PRIMARY KEY (`FacturaPedido`)
) ENGINE=InnoDB DEFAULT CHARSET=utf8 COLLATE=utf8_general_ci;
/*!40101 SET character_set_client = @saved_cs_client */;

--
-- Dumping data for table `Pedido`
--

LOCK TABLES `Pedido` WRITE;
/*!40000 ALTER TABLE `Pedido` DISABLE KEYS */;
INSERT INTO `Pedido` VALUES (2201,17002,2,'2019-07-09 17:06:01',1665.000),(2202,17014,1,'2018-08-30 07:10:52',1698.000),(2203,17002,1,'2019-06-12 09:47:07',398.000),(2204,17034,1,'2019-05-23 19:34:19',1828.000),(2205,17009,1,'2019-05-18 12:32:08',1537.000),(2206,17012,2,'2019-05-16 14:12:09',1635.000),(2207,17013,1,'2019-03-10 01:22:08',1953.000),(2208,17023,2,'2019-06-08 07:36:28',972.000),(2209,17025,1,'2019-05-13 00:45:38',366.000),(2210,17016,2,'2018-08-27 16:45:21',647.000),(2211,17032,2,'2018-08-07 05:03:21',1417.000),(2212,17032,1,'2018-09-29 06:09:45',571.000),(2213,17024,2,'2018-10-13 13:55:46',1975.000),(2214,17003,2,'2019-07-25 15:05:14',1739.000),(2215,17008,2,'2019-02-09 00:43:23',1692.000),(2216,17021,1,'2018-12-02 14:43:32',52.000),(2217,17007,2,'2019-02-04 11:25:45',1139.000),(2218,17028,1,'2018-09-14 00:06:54',510.000),(2219,17019,2,'2019-04-22 02:17:55',1751.000),(2220,17019,2,'2018-11-25 05:34:09',599.000),(2221,17009,2,'2019-03-15 07:13:35',1788.000),(2222,17029,2,'2018-12-27 21:43:51',1751.000),(2223,17025,1,'2018-12-06 09:54:41',1394.000),(2224,17022,2,'2019-07-07 20:56:46',1642.000),(2225,17015,1,'2018-10-24 11:54:31',684.000),(2226,17018,2,'2019-05-19 02:54:45',385.000),(2227,17012,2,'2018-11-15 04:43:00',707.000),(2228,17001,1,'2018-08-19 15:47:25',171.000),(2229,17022,2,'2019-07-25 08:21:09',1352.000),(2230,17027,2,'2019-03-13 02:51:41',1151.000),(2231,17027,1,'2019-07-01 08:19:26',427.000),(2232,17030,1,'2019-03-26 20:24:50',733.000),(2233,17012,2,'2019-08-04 09:28:10',1160.000),(2234,17013,1,'2018-09-08 03:25:18',1715.000),(2235,17007,1,'2019-06-15 13:46:57',1788.000),(2236,17032,2,'2019-07-28 18:15:14',179.000),(2237,17034,2,'2019-03-20 18:29:12',1300.000),(2238,17027,1,'2018-10-24 02:49:13',96.000),(2239,17022,2,'2019-01-20 09:45:16',1954.000),(2240,17013,2,'2018-09-26 01:15:13',758.000),(2241,17030,2,'2019-08-01 12:13:09',1626.000),(2242,17010,1,'2018-08-20 06:48:05',1385.000),(2243,17034,2,'2019-06-26 19:34:38',273.000),(2244,17012,2,'2019-06-22 03:10:02',936.000),(2245,17027,2,'2019-05-02 07:05:25',588.000),(2246,17027,2,'2019-03-06 15:31:47',1743.000),(2247,17013,2,'2018-10-19 06:49:28',1207.000),(2248,17012,2,'2019-03-30 19:15:58',734.000),(2249,17003,2,'2019-06-03 16:38:46',346.000),(2250,17024,1,'2018-08-07 21:14:44',581.000),(2251,17018,1,'2018-10-16 02:34:17',1979.000),(2252,17008,1,'2019-04-28 16:14:29',951.000),(2253,17007,2,'2018-08-24 13:16:10',265.000),(2254,17002,2,'2018-08-29 05:46:17',99.000),(2255,17022,1,'2018-10-01 18:22:24',305.000),(2256,17026,2,'2018-12-03 17:25:49',899.000),(2257,17006,1,'2019-04-14 12:39:03',741.000),(2258,17033,1,'2018-12-03 23:24:59',1710.000),(2259,17016,1,'2018-08-07 04:31:37',109.000),(2260,17023,2,'2018-12-23 02:42:56',102.000),(2261,17019,1,'2018-12-14 02:30:39',1101.000),(2262,17007,2,'2018-08-17 09:25:30',1999.000),(2263,17033,2,'2018-08-27 17:28:57',181.000),(2264,17004,1,'2018-09-14 23:48:31',1498.000),(2265,17024,1,'2018-09-29 01:40:16',879.000),(2266,17031,2,'2019-07-07 02:00:58',1048.000),(2267,17023,1,'2019-04-16 15:19:12',1763.000),(2268,17012,2,'2018-09-04 14:16:25',473.000),(2269,17019,2,'2019-06-07 09:33:58',692.000),(2270,17005,1,'2018-10-04 23:46:48',577.000),(2271,17016,1,'2018-08-18 15:34:34',1941.000),(2272,17023,1,'2019-05-07 18:15:36',478.000),(2273,17024,1,'2019-07-23 08:13:25',270.000),(2274,17027,1,'2018-11-08 04:11:51',650.000),(2275,17009,2,'2019-03-01 22:34:37',997.000),(2276,17010,2,'2018-09-07 17:58:46',1906.000),(2277,17005,2,'2019-01-18 14:21:22',1614.000),(2278,17026,1,'2019-01-02 03:06:35',326.000),(2279,17034,2,'2018-11-20 04:50:43',434.000),(2280,17024,2,'2018-11-30 04:46:21',1656.000),(2281,17015,2,'2019-05-29 08:19:36',1661.000),(2282,17025,1,'2019-07-07 15:37:18',1321.000),(2283,17015,1,'2019-07-14 08:36:02',1947.000),(2284,17004,1,'2018-12-23 08:30:58',492.000),(2285,17011,2,'2018-10-31 15:58:47',1295.000),(2286,17001,2,'2019-04-16 03:10:22',527.000),(2287,17027,1,'2018-09-17 09:25:33',1623.000),(2288,17010,2,'2019-05-17 17:52:52',1396.000),(2289,17022,2,'2018-08-26 09:59:32',1903.000),(2290,17030,1,'2018-09-17 05:06:47',923.000),(2291,17007,1,'2019-05-16 21:37:58',1134.000),(2292,17030,2,'2019-03-30 11:51:36',139.000),(2293,17010,1,'2019-04-14 03:00:48',855.000),(2294,17009,1,'2018-12-04 16:45:46',1731.000),(2295,17026,1,'2019-06-25 09:23:40',899.000),(2296,17034,1,'2018-10-14 08:26:40',709.000),(2297,17009,1,'2018-11-14 19:37:45',590.000),(2298,17023,2,'2018-09-26 22:47:01',1110.000),(2299,17012,1,'2019-05-05 19:43:01',1296.000);
/*!40000 ALTER TABLE `Pedido` ENABLE KEYS */;
UNLOCK TABLES;

--
-- Table structure for table `PerdidaProducto`
--

DROP TABLE IF EXISTS `PerdidaProducto`;
/*!40101 SET @saved_cs_client     = @@character_set_client */;
 SET character_set_client = utf8mb4 ;
CREATE TABLE `PerdidaProducto` (
  `IDproducto` int(11) NOT NULL,
  `IDLote` int(11) NOT NULL,
  `IDperdida` int(11) NOT NULL,
  `Cantidad` int(11) DEFAULT NULL,
  `MontoPerdido` decimal(13,3) DEFAULT NULL,
  PRIMARY KEY (`IDproducto`,`IDLote`,`IDperdida`)
) ENGINE=InnoDB DEFAULT CHARSET=utf8 COLLATE=utf8_general_ci;
/*!40101 SET character_set_client = @saved_cs_client */;

--
-- Dumping data for table `PerdidaProducto`
--

LOCK TABLES `PerdidaProducto` WRITE;
/*!40000 ALTER TABLE `PerdidaProducto` DISABLE KEYS */;
INSERT INTO `PerdidaProducto` VALUES (1004,89286,2388,2,59.000),(1004,92217,2359,5,109.000),(1005,87865,2338,5,52.000),(1006,88923,2310,4,166.000),(1006,90955,2327,1,193.000),(1006,94929,2397,1,146.000),(1008,88668,2378,6,145.000),(1010,81361,2305,5,173.000),(1010,81365,2365,2,107.000),(1011,85518,2384,3,88.000),(1011,89935,2309,5,186.000),(1012,83149,2307,4,177.000),(1012,93111,2357,4,58.000),(1013,89406,2399,4,108.000),(1014,89569,2325,5,62.000),(1015,88866,2315,3,107.000),(1019,83657,2389,2,83.000),(1019,93980,2371,6,127.000),(1019,94877,2306,5,68.000),(1020,88912,2340,6,100.000),(1021,90215,2377,4,55.000),(1021,93577,2386,3,150.000),(1022,91919,2375,1,66.000),(1024,80832,2304,3,73.000),(1024,85089,2346,5,199.000),(1026,81449,2381,5,137.000),(1026,83900,2393,5,126.000),(1026,88363,2367,5,192.000),(1027,80573,2370,3,113.000),(1028,80234,2396,4,80.000),(1028,86000,2347,5,164.000),(1029,92647,2337,6,162.000),(1031,80640,2374,6,73.000),(1031,94594,2336,3,176.000),(1031,94603,2308,3,150.000),(1032,80949,2380,6,138.000),(1034,93792,2360,6,108.000),(1035,83291,2324,1,93.000),(1035,84859,2332,2,135.000),(1035,88937,2303,5,147.000),(1036,81545,2356,5,87.000),(1037,88367,2314,2,108.000),(1037,92053,2311,4,61.000),(1038,87654,2366,3,116.000),(1038,88163,2302,4,128.000),(1039,86183,2312,1,131.000),(1039,94102,2321,4,74.000),(1041,83182,2379,2,170.000),(1041,86058,2333,6,181.000),(1042,82648,2352,5,145.000),(1042,83378,2394,6,117.000),(1042,87610,2331,3,154.000),(1044,85079,2358,3,111.000),(1047,87533,2376,1,63.000),(1048,87667,2326,4,175.000),(1050,93258,2330,1,138.000),(1051,83897,2390,3,149.000),(1051,87064,2355,4,137.000),(1052,81607,2348,4,137.000),(1052,94275,2372,5,141.000),(1053,86885,2363,5,176.000),(1055,89289,2361,1,79.000),(1056,83992,2351,1,133.000),(1057,81790,2395,4,98.000),(1057,85341,2322,3,174.000),(1057,86600,2301,6,176.000),(1059,82153,2350,5,151.000),(1062,85329,2387,5,112.000),(1064,90812,2345,5,99.000),(1065,92247,2318,4,132.000),(1067,85500,2317,1,139.000),(1067,86938,2398,3,79.000),(1067,87444,2316,1,51.000),(1067,87717,2334,2,54.000),(1067,91387,2343,1,149.000),(1069,93558,2373,1,80.000),(1073,91515,2385,6,114.000),(1074,81430,2329,3,66.000),(1077,83939,2353,3,171.000),(1077,89135,2344,5,99.000),(1079,86198,2313,1,74.000),(1081,82203,2349,4,182.000),(1081,87462,2369,5,75.000),(1081,88902,2339,4,132.000),(1081,93034,2368,1,156.000),(1084,85341,2323,5,139.000),(1084,94208,2335,3,194.000),(1086,88429,2364,6,81.000),(1088,85835,2341,6,142.000),(1089,81530,2342,2,166.000),(1089,82489,2383,5,136.000),(1090,91258,2354,6,66.000),(1092,82534,2328,2,87.000),(1092,89580,2392,4,51.000),(1094,81218,2320,3,145.000),(1095,83551,2362,4,192.000),(1096,87224,2391,4,57.000),(1096,92139,2319,3,64.000),(1097,93434,2382,2,147.000);
/*!40000 ALTER TABLE `PerdidaProducto` ENABLE KEYS */;
UNLOCK TABLES;

--
-- Table structure for table `Producto`
--

DROP TABLE IF EXISTS `Producto`;
/*!40101 SET @saved_cs_client     = @@character_set_client */;
 SET character_set_client = utf8mb4 ;
CREATE TABLE `Producto` (
  `IDproducto` int(11) NOT NULL,
  `Nombre` char(30) NOT NULL,
  `Forma_farmaceutica` char(20) DEFAULT NULL,
  `Dosis_Contenido` int(11) DEFAULT NULL,
  `Unidad_medida` char(10) DEFAULT NULL,
  `Restriccion` bit(1) DEFAULT NULL,
  `Descontinuado` bit(1) DEFAULT NULL,
  `Generico` bit(1) DEFAULT NULL,
  `StockBodega` int(11) NOT NULL,
  `StockEstante` int(11) NOT NULL,
  PRIMARY KEY (`IDproducto`)
) ENGINE=InnoDB DEFAULT CHARSET=utf8 COLLATE=utf8_general_ci;
/*!40101 SET character_set_client = @saved_cs_client */;

--
-- Dumping data for table `Producto`
--

LOCK TABLES `Producto` WRITE;
/*!40000 ALTER TABLE `Producto` DISABLE KEYS */;
INSERT INTO `Producto` VALUES (1001,'Acetaminofen','Gotas',30,'ml',_binary '\0',_binary '\0',_binary '',25,25),(1002,'Aciclovir','Tabletas',400,'mg',_binary '\0',_binary '\0',_binary '',50,100),(1003,'Mucolex','Jarabe',90,'ml',_binary '\0',_binary '\0',_binary '\0',15,20),(1004,'Zepol Deportista','Crema',30,'gr',_binary '\0',_binary '\0',_binary '\0',20,20),(1005,'Alka-D','Tabletas',25,'gr',_binary '\0',_binary '',_binary '\0',40,0),(1006,'Amoxicilina','Tabletas',500,'ml',_binary '\0',_binary '\0',_binary '\0',50,100),(1007,'Ambroxol','Jarabe',100,'ml',_binary '\0',_binary '\0',_binary '\0',10,15),(1008,'Ketotifeno','Tabletas',1,'mg',_binary '\0',_binary '\0',_binary '\0',40,60),(1009,'Bromexina','Jarabe',120,'ml',_binary '\0',_binary '\0',_binary '\0',5,10),(1010,'Broncodil','Gotas',30,'ml',_binary '\0',_binary '\0',_binary '\0',14,21),(1011,'Electrolit','Suero',625,'ml',_binary '\0',_binary '\0',_binary '\0',5,5),(1012,'Kalizzer','Suspension',180,'ml',_binary '\0',_binary '\0',_binary '\0',20,10),(1013,'Lorazepam','Tableta',2,'mg',_binary '',_binary '\0',_binary '\0',75,40),(1014,'Panesia','Spray',20,'ml',_binary '\0',_binary '\0',_binary '\0',10,9),(1015,'Clotrimazol','Crema',20,'gr',_binary '\0',_binary '\0',_binary '\0',10,5),(1016,'ViroGrip Gel AM','Tabletas',24,'mg',_binary '\0',_binary '\0',_binary '\0',15,15),(1017,'ViroGrip Gel PM','Tabletas',24,'mg',_binary '\0',_binary '\0',_binary '\0',15,15),(1018,'Prueba de embarazo','Unidad',0,'-',_binary '\0',_binary '\0',_binary '\0',30,0),(1019,'ViroGrip Gel AM','Tabletas',24,'mg',_binary '\0',_binary '\0',_binary '\0',15,15),(1020,'Loratadina','Tabletas',10,'mg',_binary '\0',_binary '\0',_binary '\0',100,0),(1021,'ViroGrip Gel AM','Tabletas',24,'mg',_binary '\0',_binary '\0',_binary '\0',15,15),(1022,'Furosemide','Tabletas',467,'mg',_binary '',_binary '',_binary '',126,45),(1023,'Metoprolol Tartrate','Tabletas',75,'mg',_binary '\0',_binary '',_binary '',57,28),(1024,'Hydrocodone/APAP','Tabletas',340,'mg',_binary '',_binary '\0',_binary '\0',13,175),(1025,'Flovent HFA','Tabletas',385,'mg',_binary '\0',_binary '',_binary '\0',75,73),(1026,'Potassium Chloride','Tabletas',384,'mg',_binary '',_binary '\0',_binary '\0',70,171),(1027,'Omeprazole (Rx)','Tabletas',421,'mg',_binary '',_binary '',_binary '',108,78),(1028,'Meloxicam','Tabletas',56,'mg',_binary '\0',_binary '\0',_binary '\0',196,68),(1029,'Sertraline HCl','Tabletas',434,'mg',_binary '',_binary '',_binary '\0',178,174),(1030,'Gabapentin','Tabletas',337,'mg',_binary '',_binary '\0',_binary '\0',17,150),(1031,'Carvedilol','Tabletas',85,'mg',_binary '',_binary '',_binary '',60,143),(1032,'Simvastatin','Tabletas',155,'mg',_binary '',_binary '',_binary '',109,8),(1033,'Zolpidem Tartrate','Tabletas',369,'mg',_binary '\0',_binary '',_binary '\0',15,60),(1034,'Omeprazole (Rx)','Tabletas',434,'mg',_binary '\0',_binary '\0',_binary '',5,3),(1035,'Amoxicillin','Tabletas',107,'mg',_binary '',_binary '',_binary '\0',15,60),(1036,'Simvastatin','Tabletas',290,'mg',_binary '\0',_binary '',_binary '\0',159,113),(1037,'Ibuprofen (Rx)','Tabletas',162,'mg',_binary '',_binary '',_binary '',51,4),(1038,'Pantoprazole Sodium','Tabletas',89,'mg',_binary '',_binary '',_binary '\0',60,67),(1039,'Vitamin D (Rx)','Tabletas',294,'mg',_binary '',_binary '\0',_binary '\0',0,21),(1040,'Cephalexin','Tabletas',106,'mg',_binary '\0',_binary '\0',_binary '',138,56),(1041,'Gabapentin','Tabletas',563,'mg',_binary '',_binary '\0',_binary '',40,157),(1042,'Levothyroxine Sodium','Gotas',148,'ml',_binary '',_binary '',_binary '',133,100),(1043,'Fluticasone Propionate','Gotas',589,'ml',_binary '\0',_binary '\0',_binary '\0',77,196),(1044,'Gianvi','Gotas',13,'ml',_binary '',_binary '',_binary '\0',142,59),(1045,'Penicillin VK','Gotas',237,'ml',_binary '\0',_binary '\0',_binary '',85,8),(1046,'Niaspan','Gotas',325,'ml',_binary '\0',_binary '\0',_binary '',158,111),(1047,'Fluticasone Propionate','Gotas',147,'ml',_binary '',_binary '',_binary '',131,105),(1048,'Clindamycin HCl','Gotas',257,'ml',_binary '\0',_binary '\0',_binary '',64,61),(1049,'Pantoprazole Sodium','Gotas',488,'ml',_binary '',_binary '',_binary '',147,142),(1050,'Carvedilol','Gotas',157,'ml',_binary '',_binary '',_binary '\0',151,59),(1051,'Tramadol HCl','Gotas',227,'ml',_binary '',_binary '',_binary '\0',133,21),(1052,'Pantoprazole Sodium','Jarabe',481,'ml',_binary '',_binary '',_binary '\0',135,121),(1053,'Sertraline HCl','Jarabe',24,'ml',_binary '\0',_binary '\0',_binary '\0',178,45),(1054,'Amoxicillin Trihydrate','Jarabe',311,'ml',_binary '\0',_binary '',_binary '\0',179,52),(1055,'Simvastatin','Jarabe',55,'ml',_binary '\0',_binary '',_binary '',115,44),(1056,'Cialis','Jarabe',270,'ml',_binary '',_binary '',_binary '\0',117,173),(1057,'Zolpidem Tartrate','Jarabe',226,'ml',_binary '\0',_binary '',_binary '',163,143),(1058,'Azithromycin','Jarabe',375,'ml',_binary '',_binary '\0',_binary '',129,96),(1059,'Lovaza','Jarabe',466,'ml',_binary '',_binary '\0',_binary '\0',60,48),(1060,'Fluticasone Propionate','Jarabe',335,'ml',_binary '\0',_binary '\0',_binary '',63,164),(1061,'Oxycontin','Jarabe',168,'ml',_binary '',_binary '\0',_binary '\0',102,118),(1062,'Doxycycline Hyclate','Crema',540,'gr',_binary '',_binary '',_binary '\0',23,95),(1063,'Zolpidem Tartrate','Crema',577,'gr',_binary '',_binary '\0',_binary '',34,183),(1064,'Lyrica','Crema',566,'gr',_binary '',_binary '',_binary '',32,46),(1065,'Amlodipine Besylate','Crema',59,'gr',_binary '\0',_binary '',_binary '',134,69),(1066,'Potassium Clavulanate','Crema',220,'gr',_binary '',_binary '\0',_binary '',157,193),(1067,'Metoprolol Succinate','Crema',12,'gr',_binary '',_binary '',_binary '',167,113),(1068,'Promethazine HCl','Crema',380,'gr',_binary '\0',_binary '',_binary '',119,76),(1069,'Amoxicillin','Crema',477,'gr',_binary '\0',_binary '',_binary '',121,38),(1070,'Proair HFA','Crema',335,'gr',_binary '',_binary '',_binary '',152,198),(1071,'Lisinopril','Crema',43,'gr',_binary '',_binary '',_binary '\0',1,15),(1072,'Alprazolam','Suero',343,'ml',_binary '',_binary '\0',_binary '',175,114),(1073,'Fluoxetine HCl','Suero',36,'ml',_binary '\0',_binary '',_binary '\0',47,176),(1074,'Tramadol HCl','Suero',314,'ml',_binary '',_binary '\0',_binary '\0',134,65),(1075,'Simvastatin','Suero',105,'ml',_binary '',_binary '',_binary '',188,199),(1076,'Amlodipine Besylate','Suero',588,'ml',_binary '\0',_binary '\0',_binary '',166,194),(1077,'Loestrin 24 Fe','Suero',517,'ml',_binary '',_binary '',_binary '\0',135,171),(1078,'Zyprexa','Suero',455,'ml',_binary '',_binary '\0',_binary '',142,51),(1079,'LevothyroxineSodium','Suero',362,'ml',_binary '',_binary '',_binary '\0',133,27),(1080,'Premarin','Suero',337,'ml',_binary '',_binary '\0',_binary '',100,13),(1081,'Cephalexin','Suero',590,'ml',_binary '',_binary '\0',_binary '',48,16),(1082,'Hydrocodone/APAP','Spray',570,'ml',_binary '\0',_binary '',_binary '',135,79),(1083,'Fluoxetine HCl','Spray',144,'ml',_binary '',_binary '',_binary '\0',67,136),(1084,'Carvedilol','Spray',217,'ml',_binary '',_binary '',_binary '\0',21,90),(1085,'Diazepam','Spray',572,'ml',_binary '',_binary '',_binary '',140,16),(1086,'Penicillin VK','Spray',238,'ml',_binary '',_binary '\0',_binary '',5,174),(1087,'Sertraline HCl','Spray',10,'ml',_binary '',_binary '',_binary '',178,1),(1088,'Hydrochlorothiazide','Spray',272,'ml',_binary '',_binary '',_binary '',153,79),(1089,'Atenolol','Spray',263,'ml',_binary '\0',_binary '\0',_binary '\0',9,66),(1090,'Lisinopril','Spray',2,'ml',_binary '\0',_binary '\0',_binary '\0',105,193),(1091,'Triamcinolone Acetonide','Spray',60,'ml',_binary '',_binary '',_binary '',84,82),(1092,'Pravastatin Sodium','Tabletas',163,'mg',_binary '',_binary '',_binary '\0',43,62),(1093,'Venlafaxine HCl ER','Tabletas',560,'mg',_binary '',_binary '\0',_binary '',189,43),(1094,'Lovaza','Tabletas',540,'mg',_binary '',_binary '',_binary '\0',156,166),(1095,'Levaquin','Tabletas',256,'mg',_binary '\0',_binary '',_binary '\0',21,94),(1096,'Viagra','Tabletas',489,'mg',_binary '\0',_binary '',_binary '\0',169,53),(1097,'Alprazolam','Tabletas',565,'mg',_binary '\0',_binary '\0',_binary '',104,145),(1098,'Viagra','Tabletas',8,'mg',_binary '\0',_binary '\0',_binary '\0',147,136),(1099,'Amphetamine Salts','Tabletas',69,'mg',_binary '\0',_binary '',_binary '\0',98,169);
/*!40000 ALTER TABLE `Producto` ENABLE KEYS */;
UNLOCK TABLES;

--
-- Table structure for table `Proveedor`
--

DROP TABLE IF EXISTS `Proveedor`;
/*!40101 SET @saved_cs_client     = @@character_set_client */;
 SET character_set_client = utf8mb4 ;
CREATE TABLE `Proveedor` (
  `IDproveedor` int(11) NOT NULL,
  `Tipo_proveedor` char(20) DEFAULT NULL,
  `Nombre_proveedor` char(30) NOT NULL,
  `tel1` char(8) DEFAULT NULL,
  `tel2` char(8) DEFAULT NULL,
  PRIMARY KEY (`IDproveedor`)
) ENGINE=InnoDB DEFAULT CHARSET=utf8 COLLATE=utf8_general_ci;
/*!40101 SET character_set_client = @saved_cs_client */;

--
-- Dumping data for table `Proveedor`
--

LOCK TABLES `Proveedor` WRITE;
/*!40000 ALTER TABLE `Proveedor` DISABLE KEYS */;
INSERT INTO `Proveedor` VALUES (17001,'Laboratorio','Unifarm','82245083','50544141'),(17002,'Laboratorio','Pharmalat','86328780','50584497'),(17003,'Laboratorio','Ramos','86869305','50582411'),(17004,'Laboratorio','Caplin Point','89502120','50561672'),(17005,'Laboratorio','Procaps','83632708','50531871'),(17006,'Laboratorio','Chia Fong','86751478','50536816'),(17007,'Laboratorio','Ceguel','87656496','50506111'),(17008,'Laboratorio','Rarpe','87249035','50549373'),(17009,'Laboratorio','Pisa','81216361','50526788'),(17010,'Laboratorio','Panzyma','82452831','50594381'),(17011,'Laboratorio','Infasa','82472541','50554505'),(17012,'Laboratorio','PFizer','85333518','50520184'),(17013,'Laboratorio','La Santé','89471012','50539881'),(17014,'Laboratorio','Bengoechea','87178376','50596431'),(17015,'Distribuidor','Rocha','86895446','50546020'),(17016,'Distribuidor','J.Ruiz','88377702','50527204'),(17017,'Distribuidor','Jazmin','86907496','50554013'),(17018,'Distribuidor','Refanic','84891081','50582053'),(17019,'Distribuidor','Los Paisanos','87754774','50530178'),(17020,'Distribuidor','Krisan','84932838','50595898'),(17021,'Laboratorio','Solka','85241613','50529273'),(17022,'Laboratorio','Calox','81107530','50541918'),(17023,'Laboratorio','Unimark','87771903','50538060'),(17024,'Laboratorio','Zepol','83431661','50561358'),(17025,'Laboratorio','Altasa','83232788','50529789'),(17026,'Laboratorio','Winzzer','89796572','50524172'),(17027,'Laboratorio','Bayer','82923822','50514348'),(17028,'Laboratorio','Discarsa','81272620','50545650'),(17029,'Laboratorio','Euros','82723919','50576799'),(17030,'Distribuidor','Refanic','85959242','50576341'),(17031,'Distribuidor','Dicegsa','82023051','50591681'),(17032,'Distribuidor','Farcosa','87872917','50508896'),(17033,'Distribuidor','Disprofar','84546224','50529781'),(17034,'Distribuidor','Pushendorf','82641888','50587955'),(17035,'Distribuidor','Generifar','85126168','50590685');
/*!40000 ALTER TABLE `Proveedor` ENABLE KEYS */;
UNLOCK TABLES;

--
-- Table structure for table `UtilidadProducto`
--

DROP TABLE IF EXISTS `UtilidadProducto`;
/*!40101 SET @saved_cs_client     = @@character_set_client */;
 SET character_set_client = utf8mb4 ;
CREATE TABLE `UtilidadProducto` (
  `IDutilidadProducto` int(11) NOT NULL,
  `IDproducto` int(11) NOT NULL,
  `IDenfermedad` int(11) NOT NULL,
  PRIMARY KEY (`IDutilidadProducto`,`IDproducto`,`IDenfermedad`)
) ENGINE=InnoDB DEFAULT CHARSET=utf8 COLLATE=utf8_general_ci;
/*!40101 SET character_set_client = @saved_cs_client */;

--
-- Dumping data for table `UtilidadProducto`
--

LOCK TABLES `UtilidadProducto` WRITE;
/*!40000 ALTER TABLE `UtilidadProducto` DISABLE KEYS */;
INSERT INTO `UtilidadProducto` VALUES (2101,1036,5009),(2102,1085,5022),(2103,1085,5011),(2104,1039,5025),(2105,1027,5019),(2106,1061,5014),(2107,1050,5001),(2108,1027,5007),(2109,1094,5023),(2110,1037,5020),(2111,1038,5016),(2112,1088,5009),(2113,1065,5015),(2114,1026,5023),(2115,1002,5024),(2116,1004,5020),(2117,1097,5013),(2118,1055,5010),(2119,1064,5015),(2120,1088,5010),(2121,1049,5019),(2122,1075,5003),(2123,1062,5007),(2124,1018,5018),(2125,1025,5010),(2126,1062,5016),(2127,1092,5020),(2128,1067,5025),(2129,1014,5011),(2130,1014,5024),(2131,1043,5025),(2132,1057,5024),(2133,1054,5014),(2134,1052,5002),(2135,1044,5021),(2136,1050,5024),(2137,1041,5022),(2138,1022,5004),(2139,1089,5025),(2140,1025,5016),(2141,1087,5019),(2142,1084,5014),(2143,1058,5006),(2144,1091,5021),(2145,1052,5006),(2146,1087,5012),(2147,1002,5019),(2148,1029,5001),(2149,1013,5014),(2150,1019,5023),(2151,1035,5009),(2152,1013,5011),(2153,1037,5021),(2154,1045,5003),(2155,1095,5014),(2156,1066,5014),(2157,1014,5006),(2158,1029,5006),(2159,1009,5021),(2160,1082,5015),(2161,1052,5004),(2162,1094,5016),(2163,1017,5013),(2164,1004,5017),(2165,1048,5014),(2166,1047,5015),(2167,1069,5016),(2168,1079,5013),(2169,1087,5007),(2170,1065,5006),(2171,1067,5017),(2172,1036,5003),(2173,1058,5003),(2174,1030,5025),(2175,1085,5022),(2176,1049,5022),(2177,1086,5006),(2178,1068,5017),(2179,1044,5016),(2180,1039,5025),(2181,1042,5025),(2182,1076,5007),(2183,1056,5020),(2184,1095,5021),(2185,1085,5011),(2186,1028,5019),(2187,1081,5010),(2188,1081,5018),(2189,1047,5012),(2190,1039,5004),(2191,1054,5020),(2192,1033,5017),(2193,1046,5025),(2194,1060,5009),(2195,1069,5025),(2196,1006,5009),(2197,1030,5017),(2198,1094,5001),(2199,1023,5022);
/*!40000 ALTER TABLE `UtilidadProducto` ENABLE KEYS */;
UNLOCK TABLES;
/*!40103 SET TIME_ZONE=@OLD_TIME_ZONE */;

/*!40101 SET SQL_MODE=@OLD_SQL_MODE */;
/*!40014 SET FOREIGN_KEY_CHECKS=@OLD_FOREIGN_KEY_CHECKS */;
/*!40014 SET UNIQUE_CHECKS=@OLD_UNIQUE_CHECKS */;
/*!40101 SET CHARACTER_SET_CLIENT=@OLD_CHARACTER_SET_CLIENT */;
/*!40101 SET CHARACTER_SET_RESULTS=@OLD_CHARACTER_SET_RESULTS */;
/*!40101 SET COLLATION_CONNECTION=@OLD_COLLATION_CONNECTION */;
/*!40111 SET SQL_NOTES=@OLD_SQL_NOTES */;

-- Dump completed on 2019-08-07  4:09:30
