
use FarmaciaMasS

--Compraproducto{Completo}
INSERT CompraProducto (IDcompra, IDpedido, IDproveedor, IDproducto, Fecha_compra, Num_factura, Monto, Cantidad, Descuento) VALUES (3001, 9001, 17001, 1001, CAST(N'2019-02-21' AS Date), 23121, 150, 25, 0.05)--Falta el monto, cantidad, descuento
INSERT CompraProducto (IDcompra, IDpedido, IDproveedor, IDproducto, Fecha_compra, Num_factura, Monto, Cantidad, Descuento) VALUES (3002, 9002, 17002, 1002, CAST(N'2018-12-19' AS Date), 23121, 200, 20, 0.1)
INSERT CompraProducto (IDcompra, IDpedido, IDproveedor, IDproducto, Fecha_compra, Num_factura, Monto, Cantidad, Descuento) VALUES (3003, 9003, 17003, 1003, CAST(N'2019-01-10' AS Date), 23121, 100, 20, 0)
INSERT CompraProducto (IDcompra, IDpedido, IDproveedor, IDproducto, Fecha_compra, Num_factura, Monto, Cantidad, Descuento) VALUES (3004, 9004, 17004, 1004, CAST(N'2018-06-06' AS Date), 23121, 50, 20, 0)
INSERT CompraProducto (IDcompra, IDpedido, IDproveedor, IDproducto, Fecha_compra, Num_factura, Monto, Cantidad, Descuento) VALUES (3005, 9005, 17005, 1005, CAST(N'2018-12-20' AS Date), 23121, 300, 100, 0.1)
INSERT CompraProducto (IDcompra, IDpedido, IDproveedor, IDproducto, Fecha_compra, Num_factura, Monto, Cantidad, Descuento) VALUES (3006, 9006, 17006, 1006, CAST(N'2018-11-13' AS Date), 23121, 80, 40, 0)
INSERT CompraProducto (IDcompra, IDpedido, IDproveedor, IDproducto, Fecha_compra, Num_factura, Monto, Cantidad, Descuento) VALUES (3007, 9007, 17007, 1007, CAST(N'2018-11-13' AS Date), 23121, 120, 40, 0.04)
INSERT CompraProducto (IDcompra, IDpedido, IDproveedor, IDproducto, Fecha_compra, Num_factura, Monto, Cantidad, Descuento) VALUES (3008, 9008, 17008, 1008, CAST(N'2018-12-20' AS Date), 23121, 60, 10, 0)
INSERT CompraProducto (IDcompra, IDpedido, IDproveedor, IDproducto, Fecha_compra, Num_factura, Monto, Cantidad, Descuento) VALUES (3009, 9009, 17009, 1009, CAST(N'2018-12-20' AS Date), 23121, 450, 15, 0.05)
INSERT CompraProducto (IDcompra, IDpedido, IDproveedor, IDproducto, Fecha_compra, Num_factura, Monto, Cantidad, Descuento) VALUES (3010, 9010, 17010, 1010, CAST(N'2019-01-25' AS Date), 23121, 40, 40, 0)
INSERT CompraProducto (IDcompra, IDpedido, IDproveedor, IDproducto, Fecha_compra, Num_factura, Monto, Cantidad, Descuento) VALUES (3011, 9011, 17011, 1011, CAST(N'2018-09-07' AS Date), 23121, 50, 60, 0)
INSERT CompraProducto (IDcompra, IDpedido, IDproveedor, IDproducto, Fecha_compra, Num_factura, Monto, Cantidad, Descuento) VALUES (3012, 9012, 17012, 1012, CAST(N'2017-09-13' AS Date), 23121, 30, 10, 0 )
INSERT CompraProducto (IDcompra, IDpedido, IDproveedor, IDproducto, Fecha_compra, Num_factura, Monto, Cantidad, Descuento) VALUES (3013, 9013, 17013, 1013, CAST(N'2018-02-26' AS Date), 23121, 100, 25, 0.03)
INSERT CompraProducto (IDcompra, IDpedido, IDproveedor, IDproducto, Fecha_compra, Num_factura, Monto, Cantidad, Descuento) VALUES (3014, 9002, 17014, 1002, CAST(N'2018-12-19' AS Date), 23121, 200, 20, 0.1)
INSERT CompraProducto (IDcompra, IDpedido, IDproveedor, IDproducto, Fecha_compra, Num_factura, Monto, Cantidad, Descuento) VALUES (3015, 9003, 17015, 1003, CAST(N'2019-01-10' AS Date), 23121, 100, 20, 0)
INSERT CompraProducto (IDcompra, IDpedido, IDproveedor, IDproducto, Fecha_compra, Num_factura, Monto, Cantidad, Descuento) VALUES (3016, 9004, 17016, 1004, CAST(N'2018-06-06' AS Date), 23121, 50, 20, 0)
INSERT CompraProducto (IDcompra, IDpedido, IDproveedor, IDproducto, Fecha_compra, Num_factura, Monto, Cantidad, Descuento) VALUES (3017, 9005, 17017, 1005, CAST(N'2018-12-20' AS Date), 23121, 300, 100, 0.1)
INSERT CompraProducto (IDcompra, IDpedido, IDproveedor, IDproducto, Fecha_compra, Num_factura, Monto, Cantidad, Descuento) VALUES (3018, 9006, 17018, 1006, CAST(N'2018-11-13' AS Date), 23121, 80, 40, 0)
INSERT CompraProducto (IDcompra, IDpedido, IDproveedor, IDproducto, Fecha_compra, Num_factura, Monto, Cantidad, Descuento) VALUES (3019, 9007, 17007, 1007, CAST(N'2018-11-13' AS Date), 23121, 120, 40, 0.04)
INSERT CompraProducto (IDcompra, IDpedido, IDproveedor, IDproducto, Fecha_compra, Num_factura, Monto, Cantidad, Descuento) VALUES (3020, 9008, 17019, 1008, CAST(N'2018-12-20' AS Date), 23121, 60, 10, 0)
INSERT CompraProducto (IDcompra, IDpedido, IDproveedor, IDproducto, Fecha_compra, Num_factura, Monto, Cantidad, Descuento) VALUES (3021, 9009, 17020, 1009, CAST(N'2018-12-20' AS Date), 23121, 450, 15, 0.05)
INSERT CompraProducto (IDcompra, IDpedido, IDproveedor, IDproducto, Fecha_compra, Num_factura, Monto, Cantidad, Descuento) VALUES (3022, 9010, 17021, 1010, CAST(N'2019-01-25' AS Date), 23121, 40, 40, 0)
INSERT CompraProducto (IDcompra, IDpedido, IDproveedor, IDproducto, Fecha_compra, Num_factura, Monto, Cantidad, Descuento) VALUES (3023, 9011, 17012, 1011, CAST(N'2018-09-07' AS Date), 23121, 50, 60, 0)
INSERT CompraProducto (IDcompra, IDpedido, IDproveedor, IDproducto, Fecha_compra, Num_factura, Monto, Cantidad, Descuento) VALUES (3024, 9012, 17003, 1012, CAST(N'2017-09-13' AS Date), 23121, 30, 10, 0 )
INSERT CompraProducto (IDcompra, IDpedido, IDproveedor, IDproducto, Fecha_compra, Num_factura, Monto, Cantidad, Descuento) VALUES (3025, 9013, 17012, 1013, CAST(N'2018-02-26' AS Date), 23121, 100, 25, 0.03)


--DetalleCompra
INSERT DetalleCompra (IDdetallecompra, IDcompra, IDproducto, Cantidad, Costo) VALUES (11001, 3001, 1001, 25, 433.0000)
INSERT DetalleCompra (IDdetallecompra, IDcompra, IDproducto, Cantidad, Costo) VALUES (11002, 3002, 1002, 100, 222.0000)
INSERT DetalleCompra (IDdetallecompra, IDcompra, IDproducto, Cantidad, Costo) VALUES (11003, 3003, 1003, 10, 762.7000)
INSERT DetalleCompra (IDdetallecompra, IDcompra, IDproducto, Cantidad, Costo) VALUES (11004, 3004, 1004, 10, 424.2000)
INSERT DetalleCompra (IDdetallecompra, IDcompra, IDproducto, Cantidad, Costo) VALUES (11005, 3005, 1005, 200, 636.0000)
INSERT DetalleCompra (IDdetallecompra, IDcompra, IDproducto, Cantidad, Costo) VALUES (11006, 3006, 1006, 300, 240.0000)
INSERT DetalleCompra (IDdetallecompra, IDcompra, IDproducto, Cantidad, Costo) VALUES (11007, 3014, 1007, 5, 198.0000)
INSERT DetalleCompra (IDdetallecompra, IDcompra, IDproducto, Cantidad, Costo) VALUES (11008, 3015, 1008, 100, 44.0000)
INSERT DetalleCompra (IDdetallecompra, IDcompra, IDproducto, Cantidad, Costo) VALUES (11009, 3016, 1009, 3, 57.0000)
INSERT DetalleCompra (IDdetallecompra, IDcompra, IDproducto, Cantidad, Costo) VALUES (11010, 3017, 1010, 3, 234.0000)
INSERT DetalleCompra (IDdetallecompra, IDcompra, IDproducto, Cantidad, Costo) VALUES (11011, 3018, 1011, 5, 380.0000)
INSERT DetalleCompra (IDdetallecompra, IDcompra, IDproducto, Cantidad, Costo) VALUES (11012, 3001, 1012, 6, 192.0000)
INSERT DetalleCompra (IDdetallecompra, IDcompra, IDproducto, Cantidad, Costo) VALUES (11013, 3006, 1013, 200, 960.0000)

--Detallefactura
INSERT DetalleFactura (NoFactura, IDproducto, PrecioUnitario, Cantidad, Total) VALUES (6001, 1001, 30.0000, 1, 30.0000)
INSERT DetalleFactura (NoFactura, IDproducto, PrecioUnitario, Cantidad, Total) VALUES (6002, 1006, 4.0000, 5, 20.0000)
INSERT DetalleFactura (NoFactura, IDproducto, PrecioUnitario, Cantidad, Total) VALUES (6003, 1007, 100.0000, 1, 100.0000)
INSERT DetalleFactura (NoFactura, IDproducto, PrecioUnitario, Cantidad, Total) VALUES (6004, 1013, 7.0000, 3, 21.0000)
INSERT DetalleFactura (NoFactura, IDproducto, PrecioUnitario, Cantidad, Total) VALUES (6005, 1008, 1.0000, 5, 5.0000)
INSERT DetalleFactura (NoFactura, IDproducto, PrecioUnitario, Cantidad, Total) VALUES (6006, 1011, 100.0000, 2, 190.0000)
INSERT DetalleFactura (NoFactura, IDproducto, PrecioUnitario, Cantidad, Total) VALUES (6007, 1002, 4.0000, 6, 24.0000)
INSERT DetalleFactura (NoFactura, IDproducto, PrecioUnitario, Cantidad, Total) VALUES (6008, 1012, 60.0000, 1, 60.0000)

--Detalle Pedido {Completo}
INSERT DetallePedido (IDproveedor, IDpedido, Cantidad, Monto, IDproducto) VALUES (17001, 9001, 12, 320, 1001)
INSERT DetallePedido (IDproveedor, IDpedido, Cantidad, Monto, IDproducto) VALUES (17002, 9002, 15, 120, 1002)
INSERT DetallePedido (IDproveedor, IDpedido, Cantidad, Monto, IDproducto) VALUES (17003, 9003, 20, 200, 1003)
INSERT DetallePedido (IDproveedor, IDpedido, Cantidad, Monto, IDproducto) VALUES (17004, 9004, 25, 350, 1004)
INSERT DetallePedido (IDproveedor, IDpedido, Cantidad, Monto, IDproducto) VALUES (17005, 9005, 10, 90, 1005)
INSERT DetallePedido (IDproveedor, IDpedido, Cantidad, Monto, IDproducto) VALUES (17006, 9006, 200, 400, 1006)
INSERT DetallePedido (IDproveedor, IDpedido, Cantidad, Monto, IDproducto) VALUES (17007, 9002, 25, 100, 1007)
INSERT DetallePedido (IDproveedor, IDpedido, Cantidad, Monto, IDproducto) VALUES (17008, 9003, 20, 300, 1008)
INSERT DetallePedido (IDproveedor, IDpedido, Cantidad, Monto, IDproducto) VALUES (17009, 9004, 25, 350, 1009)
INSERT DetallePedido (IDproveedor, IDpedido, Cantidad, Monto, IDproducto) VALUES (17010, 9005, 10, 90, 10010)
INSERT DetallePedido (IDproveedor, IDpedido, Cantidad, Monto, IDproducto) VALUES (17011, 9006, 12, 320, 1011)
INSERT DetallePedido (IDproveedor, IDpedido, Cantidad, Monto, IDproducto) VALUES (17012, 9007, 15, 190, 1012)
INSERT DetallePedido (IDproveedor, IDpedido, Cantidad, Monto, IDproducto) VALUES (17013, 9008, 25, 210, 1013)
INSERT DetallePedido (IDproveedor, IDpedido, Cantidad, Monto, IDproducto) VALUES (17014, 9009, 25, 350, 1001)
INSERT DetallePedido (IDproveedor, IDpedido, Cantidad, Monto, IDproducto) VALUES (17015, 9010, 10, 90, 1002)
INSERT DetallePedido (IDproveedor, IDpedido, Cantidad, Monto, IDproducto) VALUES (17016, 9011, 12, 320, 1003)
INSERT DetallePedido (IDproveedor, IDpedido, Cantidad, Monto, IDproducto) VALUES (17017, 9012, 15, 120, 1004)
INSERT DetallePedido (IDproveedor, IDpedido, Cantidad, Monto, IDproducto) VALUES (17018, 9013, 20, 200, 1005)
INSERT DetallePedido (IDproveedor, IDpedido, Cantidad, Monto, IDproducto) VALUES (17019, 9014, 25, 350, 1006)
INSERT DetallePedido (IDproveedor, IDpedido, Cantidad, Monto, IDproducto) VALUES (17020, 9015, 10, 90, 1020)
INSERT DetallePedido (IDproveedor, IDpedido, Cantidad, Monto, IDproducto) VALUES (17021, 9016, 12, 320, 1021)
INSERT DetallePedido (IDproveedor, IDpedido, Cantidad, Monto, IDproducto) VALUES (17022, 9017, 15, 120, 1022)
INSERT DetallePedido (IDproveedor, IDpedido, Cantidad, Monto, IDproducto) VALUES (17023, 9018, 20, 200, 1023)
INSERT DetallePedido (IDproveedor, IDpedido, Cantidad, Monto, IDproducto) VALUES (17024, 9019, 25, 350, 1024)
INSERT DetallePedido (IDproveedor, IDpedido, Cantidad, Monto, IDproducto) VALUES (17025, 9020, 10, 90, 1025)

--DetalleProducto
INSERT DetalleProducto (IDproducto, IDLote, FechaVenc, PrecioVenta, PrecioUnitario) VALUES (1001, 1812, CAST(N'2020-02-21' AS Date), 12, 3 )
INSERT DetalleProducto (IDproducto, IDLote, FechaVenc, PrecioVenta, PrecioUnitario) VALUES (1002, 4123, CAST(N'2019-11-30' AS Date), 15, 5 )
INSERT DetalleProducto (IDproducto, IDLote, FechaVenc, PrecioVenta, PrecioUnitario) VALUES (1003, 6812, CAST(N'2020-02-21' AS Date), 10, 10 )
INSERT DetalleProducto (IDproducto, IDLote, FechaVenc, PrecioVenta, PrecioUnitario) VALUES (1004, 7281, CAST(N'2020-02-21' AS Date), 43, 10 )
INSERT DetalleProducto (IDproducto, IDLote, FechaVenc, PrecioVenta, PrecioUnitario) VALUES (1005, 8371, CAST(N'2020-02-21' AS Date), 12, 3 )
INSERT DetalleProducto (IDproducto, IDLote, FechaVenc, PrecioVenta, PrecioUnitario) VALUES (1006, 23742, CAST(N'2020-02-21' AS Date), 100, 80 )
INSERT DetalleProducto (IDproducto, IDLote, FechaVenc, PrecioVenta, PrecioUnitario) VALUES (1007, 28391, CAST(N'2020-02-21' AS Date), 12, 3 )
INSERT DetalleProducto (IDproducto, IDLote, FechaVenc, PrecioVenta, PrecioUnitario) VALUES (1008, 31874, CAST(N'2020-02-21' AS Date), 12, 3 )
INSERT DetalleProducto (IDproducto, IDLote, FechaVenc, PrecioVenta, PrecioUnitario) VALUES (1009, 31979, CAST(N'2020-02-21' AS Date), 12, 3 )
INSERT DetalleProducto (IDproducto, IDLote, FechaVenc, PrecioVenta, PrecioUnitario) VALUES (1010, 32341, CAST(N'2020-02-21' AS Date), 12, 3 )
INSERT DetalleProducto (IDproducto, IDLote, FechaVenc, PrecioVenta, PrecioUnitario) VALUES (1011, 32113, CAST(N'2020-02-21' AS Date), 12, 3 )
INSERT DetalleProducto (IDproducto, IDLote, FechaVenc, PrecioVenta, PrecioUnitario) VALUES (1012, 34221, CAST(N'2020-02-21' AS Date), 12, 3 )
INSERT DetalleProducto (IDproducto, IDLote, FechaVenc, PrecioVenta, PrecioUnitario) VALUES (1013, 42114, CAST(N'2020-02-21' AS Date), 12, 3 )
INSERT DetalleProducto (IDproducto, IDLote, FechaVenc, PrecioVenta, PrecioUnitario) VALUES (1014, 38478, CAST(N'2019-11-30' AS Date), 15, 5 )
INSERT DetalleProducto (IDproducto, IDLote, FechaVenc, PrecioVenta, PrecioUnitario) VALUES (1015, 45816, CAST(N'2020-02-21' AS Date), 10, 10 )
INSERT DetalleProducto (IDproducto, IDLote, FechaVenc, PrecioVenta, PrecioUnitario) VALUES (1016, 49413, CAST(N'2020-02-21' AS Date), 43, 10 )
INSERT DetalleProducto (IDproducto, IDLote, FechaVenc, PrecioVenta, PrecioUnitario) VALUES (1017, 67346, CAST(N'2020-02-21' AS Date), 12, 3 )
INSERT DetalleProducto (IDproducto, IDLote, FechaVenc, PrecioVenta, PrecioUnitario) VALUES (1018, 72321, CAST(N'2020-02-21' AS Date), 100, 80 )
INSERT DetalleProducto (IDproducto, IDLote, FechaVenc, PrecioVenta, PrecioUnitario) VALUES (1019, 76376, CAST(N'2020-02-21' AS Date), 12, 3 )
INSERT DetalleProducto (IDproducto, IDLote, FechaVenc, PrecioVenta, PrecioUnitario) VALUES (1020, 231451, CAST(N'2020-02-21' AS Date), 12, 3 )
INSERT DetalleProducto (IDproducto, IDLote, FechaVenc, PrecioVenta, PrecioUnitario) VALUES (1021, 363472, CAST(N'2020-02-21' AS Date), 12, 3 )
INSERT DetalleProducto (IDproducto, IDLote, FechaVenc, PrecioVenta, PrecioUnitario) VALUES (1022, 813431, CAST(N'2020-02-21' AS Date), 12, 3 )
INSERT DetalleProducto (IDproducto, IDLote, FechaVenc, PrecioVenta, PrecioUnitario) VALUES (1023, 871711, CAST(N'2020-02-21' AS Date), 12, 3 )
INSERT DetalleProducto (IDproducto, IDLote, FechaVenc, PrecioVenta, PrecioUnitario) VALUES (1024, 522345, CAST(N'2020-02-21' AS Date), 12, 3 )
INSERT DetalleProducto (IDproducto, IDLote, FechaVenc, PrecioVenta, PrecioUnitario) VALUES (1025, 7231343, CAST(N'2020-02-21' AS Date), 12, 3 )


--Empleado {Completado}
INSERT Empleado (IDempleado, Nombre) VALUES (1, N'Francisco Silva')
INSERT Empleado (IDempleado, Nombre) VALUES (2, N'Gabriela Castillo')
INSERT Empleado (IDempleado, Nombre) VALUES (3, N'Isis Amador')

--Enfermedad {Completado}
INSERT Enfermedad (IDenfermedad, Descripcion) VALUES (5001, N'Fiebre')
INSERT Enfermedad (IDenfermedad, Descripcion) VALUES (5002, N'Herpes    ')
INSERT Enfermedad (IDenfermedad, Descripcion) VALUES (5003, N'Varicela  ')
INSERT Enfermedad (IDenfermedad, Descripcion) VALUES (5004, N'Gripe     ')
INSERT Enfermedad (IDenfermedad, Descripcion) VALUES (5005, N'Congestion')
INSERT Enfermedad (IDenfermedad, Descripcion) VALUES (5006, N'Dolor muscular')
INSERT Enfermedad (IDenfermedad, Descripcion) VALUES (5007, N'Diarrea   ')
INSERT Enfermedad (IDenfermedad, Descripcion) VALUES (5008, N'Dolor estomacal')
INSERT Enfermedad (IDenfermedad, Descripcion) VALUES (5009, N'Ansiedad  ')
INSERT Enfermedad (IDenfermedad, Descripcion) VALUES (5010, N'Infeccion estomacal')
INSERT Enfermedad (IDenfermedad, Descripcion) VALUES (5011, N'Bronquitis')
INSERT Enfermedad (IDenfermedad, Descripcion) VALUES (5012, N'Neumonia  ')
INSERT Enfermedad (IDenfermedad, Descripcion) VALUES (5013, N'Rinitis   ')
INSERT Enfermedad (IDenfermedad, Descripcion) VALUES (5014, N'Mucolitico')
INSERT Enfermedad (IDenfermedad, Descripcion) VALUES (5015, N'Deshidratacion')
INSERT Enfermedad (IDenfermedad, Descripcion) VALUES (5016, N'Relajar   ')
INSERT Enfermedad (IDenfermedad, Descripcion) VALUES (5017, N'Imsonmio   ')
INSERT Enfermedad (IDenfermedad, Descripcion) VALUES (5018, N'Mononucleosis')
INSERT Enfermedad (IDenfermedad, Descripcion) VALUES (5019, N'Dolor de cabeza')
INSERT Enfermedad (IDenfermedad, Descripcion) VALUES (5020, N'Dolor de muela')
INSERT Enfermedad (IDenfermedad, Descripcion) VALUES (5021, N'Tos')
INSERT Enfermedad (IDenfermedad, Descripcion) VALUES (5022, N'Vomito')
INSERT Enfermedad (IDenfermedad, Descripcion) VALUES (5023, N'Alergia')
INSERT Enfermedad (IDenfermedad, Descripcion) VALUES (5024, N'Sinucitis')
INSERT Enfermedad (IDenfermedad, Descripcion) VALUES (5025, N'Infeccion vaginal')

--Factura [COMPLETO - 99 REGISTROS]
INSERT Factura (NoFactura, IDempleado, Fecha) VALUES (6001, 2, CAST(N'2019-03-31 00:00:00.000' AS DateTime));
INSERT Factura (NoFactura, IDempleado, Fecha) VALUES (6002, 1, CAST(N'2019-03-20 00:00:00.000' AS DateTime));
INSERT Factura (NoFactura, IDempleado, Fecha) VALUES (6003, 2, CAST(N'2019-04-05 00:00:00.000' AS DateTime));
INSERT Factura (NoFactura, IDempleado, Fecha) VALUES (6004, 3, CAST(N'2019-04-01 00:00:00.000' AS DateTime));
INSERT Factura (NoFactura, IDempleado, Fecha) VALUES (6005, 2, CAST(N'2019-03-25 00:00:00.000' AS DateTime));
INSERT Factura (NoFactura, IDempleado, Fecha) VALUES (6006, 2, CAST(N'2019-04-01 00:00:00.000' AS DateTime));
INSERT Factura (NoFactura, IDempleado, Fecha) VALUES (6007, 2, CAST(N'2019-03-20 00:00:00.000' AS DateTime));
INSERT Factura (NoFactura, IDempleado, Fecha) VALUES (6008, 1, CAST(N'2019-04-07 00:00:00.000' AS DateTime));
INSERT Factura (NoFactura, IDempleado, Fecha) VALUES (6009, 2, CAST(N'2019-03-31 00:00:00.000' AS DateTime));
INSERT Factura (NoFactura, IDempleado, Fecha) VALUES (6010, 1, CAST(N'2019-03-20 00:00:00.000' AS DateTime));
INSERT Factura (NoFactura, IDempleado, Fecha) VALUES (6011, 2, CAST(N'2019-04-05 00:00:00.000' AS DateTime));
INSERT Factura (NoFactura, IDempleado, Fecha) VALUES (6012, 3, CAST(N'2019-04-01 00:00:00.000' AS DateTime));
INSERT Factura (NoFactura, IDempleado, Fecha) VALUES (6013, 1, CAST(N'2019-03-25 00:00:00.000' AS DateTime));
INSERT Factura (NoFactura, IDempleado, Fecha) VALUES (6014, 2, CAST(N'2019-04-01 00:00:00.000' AS DateTime));
INSERT Factura (NoFactura, IDempleado, Fecha) VALUES (6015, 2, CAST(N'2019-03-20 00:00:00.000' AS DateTime));
INSERT Factura (NoFactura, IDempleado, Fecha) VALUES (6016, 1, CAST(N'2019-04-07 00:00:00.000' AS DateTime));
INSERT Factura (NoFactura, IDempleado, Fecha) VALUES (6017, 2, CAST(N'2019-03-31 00:00:00.000' AS DateTime));
INSERT Factura (NoFactura, IDempleado, Fecha) VALUES (6018, 1, CAST(N'2019-03-20 00:00:00.000' AS DateTime));
INSERT Factura (NoFactura, IDempleado, Fecha) VALUES (6019, 2, CAST(N'2019-04-05 00:00:00.000' AS DateTime));
INSERT Factura (NoFactura, IDempleado, Fecha) VALUES (6020, 3, CAST(N'2019-04-01 00:00:00.000' AS DateTime));
INSERT Factura (NoFactura, IDempleado, Fecha) VALUES (6021, 3, CAST(N'2019-03-25 00:00:00.000' AS DateTime));
INSERT Factura (NoFactura, IDempleado, Fecha) VALUES (6022, 2, CAST(N'2019-04-01 00:00:00.000' AS DateTime));
INSERT Factura (NoFactura, IDempleado, Fecha) VALUES (6023, 2, CAST(N'2019-03-20 00:00:00.000' AS DateTime));
INSERT Factura (NoFactura, IDempleado, Fecha) VALUES (6024, 1, CAST(N'2019-04-07 00:00:00.000' AS DateTime));
INSERT Factura (NoFactura, IDempleado, Fecha) VALUES (6025, 1, CAST(N'2019-04-07 00:00:00.000' AS DateTime));
INSERT INTO Factura (NoFactura,IDempleado,Fecha) VALUES (6026,1,"2016-05-06 07:07:51");
INSERT INTO Factura (NoFactura,IDempleado,Fecha) VALUES (6027,1,"2016-06-01 14:56:29");
INSERT INTO Factura (NoFactura,IDempleado,Fecha) VALUES (6028,3,"2016-06-22 18:48:10");
INSERT INTO Factura (NoFactura,IDempleado,Fecha) VALUES (6029,1,"2016-10-23 18:03:22");
INSERT INTO Factura (NoFactura,IDempleado,Fecha) VALUES (6030,2,"2019-05-27 09:20:28");
INSERT INTO Factura (NoFactura,IDempleado,Fecha) VALUES (6031,2,"2018-09-10 03:24:55");
INSERT INTO Factura (NoFactura,IDempleado,Fecha) VALUES (6032,2,"2016-06-16 08:45:07");
INSERT INTO Factura (NoFactura,IDempleado,Fecha) VALUES (6033,1,"2016-12-15 05:58:25");
INSERT INTO Factura (NoFactura,IDempleado,Fecha) VALUES (6034,3,"2019-04-19 10:30:27");
INSERT INTO Factura (NoFactura,IDempleado,Fecha) VALUES (6035,3,"2017-06-04 06:23:18");
INSERT INTO Factura (NoFactura,IDempleado,Fecha) VALUES (6036,1,"2018-03-11 08:32:21");
INSERT INTO Factura (NoFactura,IDempleado,Fecha) VALUES (6037,1,"2018-05-09 19:58:16");
INSERT INTO Factura (NoFactura,IDempleado,Fecha) VALUES (6038,3,"2018-08-15 03:31:43");
INSERT INTO Factura (NoFactura,IDempleado,Fecha) VALUES (6039,3,"2019-01-24 05:58:03");
INSERT INTO Factura (NoFactura,IDempleado,Fecha) VALUES (6040,3,"2019-01-20 17:54:21");
INSERT INTO Factura (NoFactura,IDempleado,Fecha) VALUES (6041,3,"2016-10-13 16:20:24");
INSERT INTO Factura (NoFactura,IDempleado,Fecha) VALUES (6042,1,"2019-06-10 01:24:45");
INSERT INTO Factura (NoFactura,IDempleado,Fecha) VALUES (6043,1,"2016-08-04 02:30:41");
INSERT INTO Factura (NoFactura,IDempleado,Fecha) VALUES (6044,2,"2018-01-17 01:53:25");
INSERT INTO Factura (NoFactura,IDempleado,Fecha) VALUES (6045,2,"2016-09-02 21:57:18");
INSERT INTO Factura (NoFactura,IDempleado,Fecha) VALUES (6046,3,"2017-04-27 05:51:40");
INSERT INTO Factura (NoFactura,IDempleado,Fecha) VALUES (6047,3,"2019-01-02 02:56:37");
INSERT INTO Factura (NoFactura,IDempleado,Fecha) VALUES (6048,1,"2016-05-27 12:03:29");
INSERT INTO Factura (NoFactura,IDempleado,Fecha) VALUES (6049,1,"2017-04-10 13:41:23");
INSERT INTO Factura (NoFactura,IDempleado,Fecha) VALUES (6050,3,"2016-12-29 21:32:28");
INSERT INTO Factura (NoFactura,IDempleado,Fecha) VALUES (6051,3,"2018-03-03 01:32:02");
INSERT INTO Factura (NoFactura,IDempleado,Fecha) VALUES (6052,1,"2017-08-21 10:28:13");
INSERT INTO Factura (NoFactura,IDempleado,Fecha) VALUES (6053,1,"2016-12-27 08:31:55");
INSERT INTO Factura (NoFactura,IDempleado,Fecha) VALUES (6054,2,"2017-01-24 05:03:43");
INSERT INTO Factura (NoFactura,IDempleado,Fecha) VALUES (6055,1,"2017-02-22 08:08:20");
INSERT INTO Factura (NoFactura,IDempleado,Fecha) VALUES (6056,3,"2019-01-16 17:32:41");
INSERT INTO Factura (NoFactura,IDempleado,Fecha) VALUES (6057,1,"2017-02-26 21:48:07");
INSERT INTO Factura (NoFactura,IDempleado,Fecha) VALUES (6058,3,"2016-11-17 21:22:43");
INSERT INTO Factura (NoFactura,IDempleado,Fecha) VALUES (6059,1,"2018-06-11 04:08:15");
INSERT INTO Factura (NoFactura,IDempleado,Fecha) VALUES (6060,2,"2019-05-03 04:44:08");
INSERT INTO Factura (NoFactura,IDempleado,Fecha) VALUES (6061,3,"2018-01-07 12:02:32");
INSERT INTO Factura (NoFactura,IDempleado,Fecha) VALUES (6062,3,"2018-02-27 16:19:15");
INSERT INTO Factura (NoFactura,IDempleado,Fecha) VALUES (6063,1,"2016-04-24 10:37:19");
INSERT INTO Factura (NoFactura,IDempleado,Fecha) VALUES (6064,3,"2018-08-27 00:40:18");
INSERT INTO Factura (NoFactura,IDempleado,Fecha) VALUES (6065,2,"2016-08-01 17:30:26");
INSERT INTO Factura (NoFactura,IDempleado,Fecha) VALUES (6066,2,"2016-05-25 14:39:09");
INSERT INTO Factura (NoFactura,IDempleado,Fecha) VALUES (6067,2,"2017-12-23 10:52:59");
INSERT INTO Factura (NoFactura,IDempleado,Fecha) VALUES (6068,3,"2017-02-04 05:34:38");
INSERT INTO Factura (NoFactura,IDempleado,Fecha) VALUES (6069,2,"2017-10-25 06:38:46");
INSERT INTO Factura (NoFactura,IDempleado,Fecha) VALUES (6070,1,"2017-10-16 14:37:34");
INSERT INTO Factura (NoFactura,IDempleado,Fecha) VALUES (6071,2,"2017-02-14 21:36:00");
INSERT INTO Factura (NoFactura,IDempleado,Fecha) VALUES (6072,2,"2016-05-04 15:45:04");
INSERT INTO Factura (NoFactura,IDempleado,Fecha) VALUES (6073,2,"2019-07-30 13:47:25");
INSERT INTO Factura (NoFactura,IDempleado,Fecha) VALUES (6074,3,"2019-01-15 07:52:24");
INSERT INTO Factura (NoFactura,IDempleado,Fecha) VALUES (6075,2,"2019-05-05 05:38:09");
INSERT INTO Factura (NoFactura,IDempleado,Fecha) VALUES (6076,1,"2018-02-02 14:52:34");
INSERT INTO Factura (NoFactura,IDempleado,Fecha) VALUES (6077,1,"2019-08-03 03:34:53");
INSERT INTO Factura (NoFactura,IDempleado,Fecha) VALUES (6078,3,"2017-09-08 22:11:48");
INSERT INTO Factura (NoFactura,IDempleado,Fecha) VALUES (6079,3,"2016-12-05 16:43:56");
INSERT INTO Factura (NoFactura,IDempleado,Fecha) VALUES (6080,2,"2018-11-29 06:35:00");
INSERT INTO Factura (NoFactura,IDempleado,Fecha) VALUES (6081,3,"2018-01-17 11:35:34");
INSERT INTO Factura (NoFactura,IDempleado,Fecha) VALUES (6082,2,"2016-12-05 21:29:58");
INSERT INTO Factura (NoFactura,IDempleado,Fecha) VALUES (6083,3,"2018-03-06 16:54:10");
INSERT INTO Factura (NoFactura,IDempleado,Fecha) VALUES (6084,3,"2018-08-12 04:09:58");
INSERT INTO Factura (NoFactura,IDempleado,Fecha) VALUES (6085,1,"2017-04-01 15:08:47");
INSERT INTO Factura (NoFactura,IDempleado,Fecha) VALUES (6086,2,"2018-10-02 06:45:34");
INSERT INTO Factura (NoFactura,IDempleado,Fecha) VALUES (6087,1,"2018-08-12 11:10:06");
INSERT INTO Factura (NoFactura,IDempleado,Fecha) VALUES (6088,2,"2016-09-05 20:00:39");
INSERT INTO Factura (NoFactura,IDempleado,Fecha) VALUES (6089,2,"2016-10-11 15:07:16");
INSERT INTO Factura (NoFactura,IDempleado,Fecha) VALUES (6090,2,"2019-05-06 18:45:48");
INSERT INTO Factura (NoFactura,IDempleado,Fecha) VALUES (6091,1,"2017-11-02 13:19:46");
INSERT INTO Factura (NoFactura,IDempleado,Fecha) VALUES (6092,2,"2017-02-11 00:40:48");
INSERT INTO Factura (NoFactura,IDempleado,Fecha) VALUES (6093,2,"2018-03-13 04:44:00");
INSERT INTO Factura (NoFactura,IDempleado,Fecha) VALUES (6094,3,"2018-02-11 04:56:49");
INSERT INTO Factura (NoFactura,IDempleado,Fecha) VALUES (6095,3,"2019-07-11 11:30:12");
INSERT INTO Factura (NoFactura,IDempleado,Fecha) VALUES (6096,3,"2019-05-05 04:22:53");
INSERT INTO Factura (NoFactura,IDempleado,Fecha) VALUES (6097,3,"2016-06-03 23:19:16");
INSERT INTO Factura (NoFactura,IDempleado,Fecha) VALUES (6098,3,"2016-07-09 01:36:35");
INSERT INTO Factura (NoFactura,IDempleado,Fecha) VALUES (6099,3,"2016-09-19 19:49:57");


--Indicacion
INSERT Indicacion (IDindicacion, Descripcion) VALUES (7001, N'Mayores de doce años')
INSERT Indicacion (IDindicacion, Descripcion) VALUES (7002, N'0-18 años')
INSERT Indicacion (IDindicacion, Descripcion) VALUES (7003, N'Mayores de 3 años')
INSERT Indicacion (IDindicacion, Descripcion) VALUES (7004, N'Mayores de 18')
INSERT Indicacion (IDindicacion, Descripcion) VALUES (7005, N'Mayores de 5 años')
INSERT Indicacion (IDindicacion, Descripcion) VALUES (7006, N'TE')
INSERT Indicacion (IDindicacion, Descripcion) VALUES (7007, N'2-5 años')


--IndicacionProducto {Completado}
INSERT IndicacionProducto (IDproducto, IDindicacion) VALUES (1001, 7001)
INSERT IndicacionProducto (IDproducto, IDindicacion) VALUES (1002, 7001)
INSERT IndicacionProducto (IDproducto, IDindicacion) VALUES (1003, 7002)
INSERT IndicacionProducto (IDproducto, IDindicacion) VALUES (1004, 7003)
INSERT IndicacionProducto (IDproducto, IDindicacion) VALUES (1005, 7001)
INSERT IndicacionProducto (IDproducto, IDindicacion) VALUES (1006, 7001)
INSERT IndicacionProducto (IDproducto, IDindicacion) VALUES (1007, 7005)
INSERT IndicacionProducto (IDproducto, IDindicacion) VALUES (1008, 7001)
INSERT IndicacionProducto (IDproducto, IDindicacion) VALUES (1009, 7007)
INSERT IndicacionProducto (IDproducto, IDindicacion) VALUES (1010, 7005)
INSERT IndicacionProducto (IDproducto, IDindicacion) VALUES (1011, 7906)

--Lote {Completado}
INSERT Lote (IDlote, Fecha_venc) VALUES (1812, CAST(N'2020-01-01 00:00:00.000' AS DateTime));
INSERT Lote (IDlote, Fecha_venc) VALUES (6812, CAST(N'2021-07-19 00:00:00.000' AS DateTime));
INSERT Lote (IDlote, Fecha_venc) VALUES (7281, CAST(N'2019-12-01 00:00:00.000' AS DateTime));
INSERT Lote (IDlote, Fecha_venc) VALUES (8371, CAST(N'2020-01-19 00:00:00.000' AS DateTime));
INSERT Lote (IDlote, Fecha_venc) VALUES (28391, CAST(N'2019-12-12 00:00:00.000' AS DateTime));
INSERT Lote (IDlote, Fecha_venc) VALUES (31874, CAST(N'2019-04-28 00:00:00.000' AS DateTime));
INSERT Lote (IDlote, Fecha_venc) VALUES (31979, CAST(N'2019-12-26 00:00:00.000' AS DateTime));
INSERT Lote (IDlote, Fecha_venc) VALUES (32341, CAST(N'2019-01-09 00:00:00.000' AS DateTime));
INSERT Lote (IDlote, Fecha_venc) VALUES (49413, CAST(N'2019-06-19 00:00:00.000' AS DateTime));
INSERT Lote (IDlote, Fecha_venc) VALUES (72321, CAST(N'2020-10-01 00:00:00.000' AS DateTime));
INSERT Lote (IDlote, Fecha_venc) VALUES (231451, CAST(N'2019-07-31 00:00:00.000' AS DateTime));
INSERT Lote (IDlote, Fecha_venc) VALUES (522345, CAST(N'2021-02-04 00:00:00.000' AS DateTime));
INSERT Lote (IDlote, Fecha_venc) VALUES (721489, CAST(N'2019-08-07 00:00:00.000' AS DateTime));
INSERT Lote (IDlote, Fecha_venc) VALUES (823134, CAST(N'2019-07-02 00:00:00.000' AS DateTime));
INSERT Lote (IDlote, Fecha_venc) VALUES (837328, CAST(N'2021-08-02 00:00:00.000' AS DateTime));
INSERT Lote (IDlote, Fecha_venc) VALUES (2033145, CAST(N'2019-09-20 00:00:00.000' AS DateTime));
INSERT Lote (IDlote, Fecha_venc) VALUES (7231343, CAST(N'2019-05-11 00:00:00.000' AS DateTime));
INSERT Lote (IDlote, Fecha_venc) VALUES (9142181, CAST(N'2019-05-21 00:00:00.000' AS DateTime));
INSERT Lote (IDlote, Fecha_venc) VALUES (30134221, CAST(N'2020-04-18 00:00:00.000' AS DateTime));
INSERT Lote (IDlote, Fecha_venc) VALUES (324113, CAST(N'2021-02-01 00:00:00.000' AS DateTime));
INSERT Lote (IDlote, Fecha_venc) VALUES (67346, CAST(N'2020-07-19 00:00:00.000' AS DateTime));
INSERT Lote (IDlote, Fecha_venc) VALUES (984721, CAST(N'2020-12-01 00:00:00.000' AS DateTime));
INSERT Lote (IDlote, Fecha_venc) VALUES (23742, CAST(N'2021-01-19 00:00:00.000' AS DateTime));
INSERT Lote (IDlote, Fecha_venc) VALUES (872611, CAST(N'2022-11-12 00:00:00.000' AS DateTime));
INSERT Lote (IDlote, Fecha_venc) VALUES (38478, CAST(N'2019-10-28 00:00:00.000' AS DateTime));
INSERT Lote (IDlote, Fecha_venc) VALUES (363472, CAST(N'2020-12-26 00:00:00.000' AS DateTime));
INSERT Lote (IDlote, Fecha_venc) VALUES (813431, CAST(N'2019-11-09 00:00:00.000' AS DateTime));
INSERT Lote (IDlote, Fecha_venc) VALUES (4123, CAST(N'2020-06-19 00:00:00.000' AS DateTime));
INSERT Lote (IDlote, Fecha_venc) VALUES (97631, CAST(N'2021-10-01 00:00:00.000' AS DateTime));
INSERT Lote (IDlote, Fecha_venc) VALUES (97463, CAST(N'2020-07-31 00:00:00.000' AS DateTime));
INSERT Lote (IDlote, Fecha_venc) VALUES (871711, CAST(N'2022-02-04 00:00:00.000' AS DateTime));
INSERT Lote (IDlote, Fecha_venc) VALUES (232131, CAST(N'2019-12-23 00:00:00.000' AS DateTime));
INSERT Lote (IDlote, Fecha_venc) VALUES (42114, CAST(N'2021-07-02 00:00:00.000' AS DateTime));
INSERT Lote (IDlote, Fecha_venc) VALUES (76376, CAST(N'2020-01-02 00:00:00.000' AS DateTime));
INSERT Lote (IDlote, Fecha_venc) VALUES (45816, CAST(N'2019-10-22 00:00:00.000' AS DateTime));
INSERT Lote (IDlote, Fecha_venc) VALUES (928112, CAST(N'2020-08-21 00:00:00.000' AS DateTime));
INSERT Lote (IDlote, Fecha_venc) VALUES (32113, CAST(N'2019-05-21 00:00:00.000' AS DateTime));
INSERT Lote (IDlote, Fecha_venc) VALUES (34221, CAST(N'2021-08-28 00:00:00.000' AS DateTime));

--PagoServicios
INSERT PagoServicios (IDPagoServicios, IDempleado, TipodePagoServicios, PagoServicio, FechaPago) VALUES (16001, 1, 'Luz', '500', CAST(N'2019-06-28 00:00:00.000' AS DateTime));
INSERT PagoServicios (IDPagoServicios, IDempleado, TipodePagoServicios, PagoServicio, FechaPago) VALUES (16002, 1, 'Agua', '200', CAST(N'2019-06-28 00:00:00.000' AS DateTime));
INSERT PagoServicios (IDPagoServicios, IDempleado, TipodePagoServicios, PagoServicio, FechaPago) VALUES (16003, 1, 'CasaClaro', '1550', CAST(N'2019-06-28 00:00:00.000' AS DateTime));
INSERT PagoServicios (IDPagoServicios, IDempleado, TipodePagoServicios, PagoServicio, FechaPago) VALUES (16004, 1, 'Nmina', '15000', CAST(N'2019-06-28 00:00:00.000' AS DateTime));

--Pedido {Completado}
INSERT Pedido (IDempleado, IDPedido, Fecha) VALUES (1, 9001, CAST(N'2019-07-18 00:00:00.000' AS DateTime));
INSERT Pedido (IDempleado, IDPedido, Fecha) VALUES (1, 9002, CAST(N'2019-07-15 00:00:00.000' AS DateTime));
INSERT Pedido (IDempleado, IDPedido, Fecha) VALUES (1, 9003, CAST(N'2019-07-13 00:00:00.000' AS DateTime));
INSERT Pedido (IDempleado, IDPedido, Fecha) VALUES (1, 9004, CAST(N'2019-07-10 00:00:00.000' AS DateTime));
INSERT Pedido (IDempleado, IDPedido, Fecha) VALUES (1, 9005, CAST(N'2019-07-09 00:00:00.000' AS DateTime));
INSERT Pedido (IDempleado, IDPedido, Fecha) VALUES (1, 9006, CAST(N'2019-07-05 00:00:00.000' AS DateTime));
INSERT Pedido (IDempleado, IDPedido, Fecha) VALUES (1, 9007, CAST(N'2019-07-01 00:00:00.000' AS DateTime));
INSERT Pedido (IDempleado, IDPedido, Fecha) VALUES (1, 9008, CAST(N'2019-06-28 00:00:00.000' AS DateTime));
INSERT Pedido (IDempleado, IDPedido, Fecha) VALUES (1, 9009, CAST(N'2019-06-24 00:00:00.000' AS DateTime));
INSERT Pedido (IDempleado, IDPedido, Fecha) VALUES (1, 9010, CAST(N'2019-06-21 00:00:00.000' AS DateTime));
INSERT Pedido (IDempleado, IDPedido, Fecha) VALUES (1, 9011, CAST(N'2019-06-17 00:00:00.000' AS DateTime));
INSERT Pedido (IDempleado, IDPedido, Fecha) VALUES (1, 9012, CAST(N'2019-06-14 00:00:00.000' AS DateTime));
INSERT Pedido (IDempleado, IDPedido, Fecha) VALUES (1, 9013, CAST(N'2019-06-10 00:00:00.000' AS DateTime));
INSERT Pedido (IDempleado, IDPedido, Fecha) VALUES (1, 9014, CAST(N'2019-06-06 00:00:00.000' AS DateTime));
INSERT Pedido (IDempleado, IDPedido, Fecha) VALUES (1, 9015, CAST(N'2019-06-04 00:00:00.000' AS DateTime));
INSERT Pedido (IDempleado, IDPedido, Fecha) VALUES (1, 9016, CAST(N'2019-06-02 00:00:00.000' AS DateTime));
INSERT Pedido (IDempleado, IDPedido, Fecha) VALUES (1, 9017, CAST(N'2019-06-01 00:00:00.000' AS DateTime));
INSERT Pedido (IDempleado, IDPedido, Fecha) VALUES (1, 9018, CAST(N'2019-05-31 00:00:00.000' AS DateTime));
INSERT Pedido (IDempleado, IDPedido, Fecha) VALUES (1, 9019, CAST(N'2019-05-28 00:00:00.000' AS DateTime));
INSERT Pedido (IDempleado, IDPedido, Fecha) VALUES (1, 9020, CAST(N'2019-05-25 00:00:00.000' AS DateTime));
INSERT Pedido (IDempleado, IDPedido, Fecha) VALUES (1, 9021, CAST(N'2019-05-23 00:00:00.000' AS DateTime));
INSERT Pedido (IDempleado, IDPedido, Fecha) VALUES (1, 9022, CAST(N'2019-05-20 00:00:00.000' AS DateTime));
INSERT Pedido (IDempleado, IDPedido, Fecha) VALUES (1, 9023, CAST(N'2019-05-18 00:00:00.000' AS DateTime));
INSERT Pedido (IDempleado, IDPedido, Fecha) VALUES (1, 9024, CAST(N'2019-05-13 00:00:00.000' AS DateTime));
INSERT Pedido (IDempleado, IDPedido, Fecha) VALUES (1, 9025, CAST(N'2019-05-10 00:00:00.000' AS DateTime));

--Producto
INSERT Producto (IDproducto, Nombre, Forma_farmaceutica, Restriccion, Unidad_medida, Descontinuado, Generico, StockBodega, StockEstante) VALUES (1001, N'Acetaminofen', N'Gotas', 0, N'30 ml', 0, 1, 25, 25)
INSERT Producto (IDproducto, Nombre, Forma_farmaceutica, Restriccion, Unidad_medida, Descontinuado, Generico, StockBodega, StockEstante) VALUES (1002, N'Aciclovir', N'Tabletas', 0, N'400 mg', 0, 1, 50, 100)
INSERT Producto (IDproducto, Nombre, Forma_farmaceutica, Restriccion, Unidad_medida, Descontinuado, Generico, StockBodega, StockEstante) VALUES (1003, N'Mucolex', N'Jarabe', 0, N'90 ml', 0, 0, 15, 20)
INSERT Producto (IDproducto, Nombre, Forma_farmaceutica, Restriccion, Unidad_medida, Descontinuado, Generico, StockBodega, StockEstante) VALUES (1004, N'Zepol Deportista', N'Crema', 0, N'30 gr', 0, 0, 20, 20)
INSERT Producto (IDproducto, Nombre, Forma_farmaceutica, Restriccion, Unidad_medida, Descontinuado, Generico, StockBodega, StockEstante) VALUES (1005, N'Alka-D', N'Tabletas', 0, N'25 gr', 1, 0, 40, 0)
INSERT Producto (IDproducto, Nombre, Forma_farmaceutica, Restriccion, Unidad_medida, Descontinuado, Generico, StockBodega, StockEstante) VALUES (1006, N'Amoxicilina', N'Tabletas',0, N'500 mg',  0, 0, 50, 100)
INSERT Producto (IDproducto, Nombre, Forma_farmaceutica, Restriccion, Unidad_medida, Descontinuado, Generico, StockBodega, StockEstante) VALUES (1007, N'Ambroxol', N'Jarabe', 0, N'100 ml', 0, 0, 10, 15)
INSERT Producto (IDproducto, Nombre, Forma_farmaceutica, Restriccion, Unidad_medida, Descontinuado, Generico, StockBodega, StockEstante) VALUES (1008, N'Ketotifeno', N'Tabletas',0, N'1 mg', 0, 0, 40, 60)
INSERT Producto (IDproducto, Nombre, Forma_farmaceutica, Restriccion, Unidad_medida, Descontinuado, Generico, StockBodega, StockEstante) VALUES (1009, N'Bromexina', N'Jarabe', 0, N'120 ml', 0, 0, 5, 10)
INSERT Producto (IDproducto, Nombre, Forma_farmaceutica, Restriccion, Unidad_medida, Descontinuado, Generico, StockBodega, StockEstante) VALUES (1010, N'Broncodil', N'Gotas', 0, N'30 ml', 0, 0, 14, 21)
INSERT Producto (IDproducto, Nombre, Forma_farmaceutica, Restriccion, Unidad_medida, Descontinuado, Generico, StockBodega, StockEstante) VALUES (1011, N'Electrolit', N'Suero', 0, N'625 ml', 0, 0, 5, 5)
INSERT Producto (IDproducto, Nombre, Forma_farmaceutica, Restriccion, Unidad_medida, Descontinuado, Generico, StockBodega, StockEstante) VALUES (1012, N'Kalizzer', N'Suspension',0, N'180 ml', 0, 0, 20, 10)
INSERT Producto (IDproducto, Nombre, Forma_farmaceutica, Restriccion, Unidad_medida, Descontinuado, Generico, StockBodega, StockEstante) VALUES (1013, N'Lorazepam', N'Tableta', 1, N'2 mg', 0, 0, 75, 40)
INSERT Producto (IDproducto, Nombre, Forma_farmaceutica, Restriccion, Unidad_medida, Descontinuado, Generico, StockBodega, StockEstante) VALUES (1014, N'Panesia', N'Spray', 0, N'20 ml', 0, 0, 10, 9)
INSERT Producto (IDproducto, Nombre, Forma_farmaceutica, Restriccion, Unidad_medida, Descontinuado, Generico, StockBodega, StockEstante) VALUES (1015, N'Clotrimazol', N'Crema', 0, N'20 gr', 0, 0, 10, 5)
INSERT Producto (IDproducto, Nombre, Forma_farmaceutica, Restriccion, Unidad_medida, Descontinuado, Generico, StockBodega, StockEstante) VALUES (1016, N'ViroGrip Gel AM', N'Tabletas', 0, N'24 mg', 0, 0, 15, 15)
INSERT Producto (IDproducto, Nombre, Forma_farmaceutica, Restriccion, Unidad_medida, Descontinuado, Generico, StockBodega, StockEstante) VALUES (1017, N'ViroGrip Gel PM', N'Tabletas', 0, N'24 mg', 0, 0, 15, 15)
INSERT Producto (IDproducto, Nombre, Forma_farmaceutica, Restriccion, Unidad_medida, Descontinuado, Generico, StockBodega, StockEstante) VALUES (1018, N'Prueba de embarazo', N'-', 0, N'-', 0, 0, 30, 0)
INSERT Producto (IDproducto, Nombre, Forma_farmaceutica, Restriccion, Unidad_medida, Descontinuado, Generico, StockBodega, StockEstante) VALUES (1019, N'ViroGrip Gel AM', N'Tabletas', 0, N'24 mg', 0, 0, 15, 15)
INSERT Producto (IDproducto, Nombre, Forma_farmaceutica, Restriccion, Unidad_medida, Descontinuado, Generico, StockBodega, StockEstante) VALUES (1020, N'Loratadina', N'Tabletas', 0, N'10 mg', 0, 0, 100, 0)
INSERT Producto (IDproducto, Nombre, Forma_farmaceutica, Restriccion, Unidad_medida, Descontinuado, Generico, StockBodega, StockEstante) VALUES (1021, N'ViroGrip Gel AM', N'Tabletas', 0, N'24 mg', 0, 0, 15, 15)
INSERT Producto (IDproducto, Nombre, Forma_farmaceutica, Restriccion, Unidad_medida, Descontinuado, Generico, StockBodega, StockEstante) VALUES (1013, N'Ketrolac', N'Ampolla', 0, N'30 mg', 0, 0, 3, 35)
INSERT Producto (IDproducto, Nombre, Forma_farmaceutica, Restriccion, Unidad_medida, Descontinuado, Generico, StockBodega, StockEstante) VALUES (1013, N'Ketrolac', N'Ampolla', 0, N'60 mg',  0, 0,3, 60)

--Proveedor {Completado}
INSERT Proveedor (IDproveedor, Tipo_proveedor, Nombre_proveedor) VALUES (17001, N'Laboratorio         ', N'Unifarm                      ')
INSERT Proveedor (IDproveedor, Tipo_proveedor, Nombre_proveedor) VALUES (17002, N'Laboratorio         ', N'Pharmalat                     ')
INSERT Proveedor (IDproveedor, Tipo_proveedor, Nombre_proveedor) VALUES (17003, N'Laboratorio         ', N'Ramos                         ')
INSERT Proveedor (IDproveedor, Tipo_proveedor, Nombre_proveedor) VALUES (17004, N'Laboratorio         ', N'Caplin Point                  ')
INSERT Proveedor (IDproveedor, Tipo_proveedor, Nombre_proveedor) VALUES (17005, N'Laboratorio         ', N'Procaps                       ')
INSERT Proveedor (IDproveedor, Tipo_proveedor, Nombre_proveedor) VALUES (17006, N'Laboratorio         ', N'Chia Fong                     ')
INSERT Proveedor (IDproveedor, Tipo_proveedor, Nombre_proveedor) VALUES (17007, N'Laboratorio         ', N'Ceguel                        ')
INSERT Proveedor (IDproveedor, Tipo_proveedor, Nombre_proveedor) VALUES (17008, N'Laboratorio         ', N'Rarpe                         ')
INSERT Proveedor (IDproveedor, Tipo_proveedor, Nombre_proveedor) VALUES (17009, N'Laboratorio         ', N'Pisa                          ')
INSERT Proveedor (IDproveedor, Tipo_proveedor, Nombre_proveedor) VALUES (17010, N'Laboratorio         ', N'Panzyma                       ')
INSERT Proveedor (IDproveedor, Tipo_proveedor, Nombre_proveedor) VALUES (17011, N'Laboratorio         ', N'Infasa                        ')
INSERT Proveedor (IDproveedor, Tipo_proveedor, Nombre_proveedor) VALUES (17012, N'Laboratorio         ', N'PFizer                        ')
INSERT Proveedor (IDproveedor, Tipo_proveedor, Nombre_proveedor) VALUES (17013, N'Laboratorio         ', N'La Santé                      ')
INSERT Proveedor (IDproveedor, Tipo_proveedor, Nombre_proveedor) VALUES (17014, N'Laboratorio         ', N'Bengoechea                    ')
INSERT Proveedor (IDproveedor, Tipo_proveedor, Nombre_proveedor) VALUES (17015, N'Distribuidor        ', N'Rocha                         ')
INSERT Proveedor (IDproveedor, Tipo_proveedor, Nombre_proveedor) VALUES (17016, N'Distribuidor        ', N'J.Ruiz                        ')
INSERT Proveedor (IDproveedor, Tipo_proveedor, Nombre_proveedor) VALUES (17017, N'Distribuidor        ', N'Jazmin                        ')
INSERT Proveedor (IDproveedor, Tipo_proveedor, Nombre_proveedor) VALUES (17018, N'Distribuidor        ', N'Refanic                       ')
INSERT Proveedor (IDproveedor, Tipo_proveedor, Nombre_proveedor) VALUES (17019, N'Distribuidor        ', N'Los Paisanos                  ')
INSERT Proveedor (IDproveedor, Tipo_proveedor, Nombre_proveedor) VALUES (17020, N'Distribuidor        ', N'Krisan                        ')
INSERT Proveedor (IDproveedor, Tipo_proveedor, Nombre_proveedor) VALUES (17021, N'Laboratorio         ', N'Solka                         ')
INSERT Proveedor (IDproveedor, Tipo_proveedor, Nombre_proveedor) VALUES (17022, N'Laboratorio         ', N'Calox                         ')
INSERT Proveedor (IDproveedor, Tipo_proveedor, Nombre_proveedor) VALUES (17023, N'Laboratorio         ', N'Unimark                       ')
INSERT Proveedor (IDproveedor, Tipo_proveedor, Nombre_proveedor) VALUES (17024, N'Laboratorio         ', N'Zepol                         ')
INSERT Proveedor (IDproveedor, Tipo_proveedor, Nombre_proveedor) VALUES (17025, N'Laboratorio         ', N'Altasa                        ')
INSERT Proveedor (IDproveedor, Tipo_proveedor, Nombre_proveedor) VALUES (17026, N'Laboratorio         ', N'Winzzer                       ')
INSERT Proveedor (IDproveedor, Tipo_proveedor, Nombre_proveedor) VALUES (17027, N'Laboratorio         ', N'Bayer                         ')
INSERT Proveedor (IDproveedor, Tipo_proveedor, Nombre_proveedor) VALUES (17028, N'Laboratorio         ', N'Discarsa                      ')
INSERT Proveedor (IDproveedor, Tipo_proveedor, Nombre_proveedor) VALUES (17029, N'Laboratorio         ', N'Euros                         ')
INSERT Proveedor (IDproveedor, Tipo_proveedor, Nombre_proveedor) VALUES (17030, N'Distribuidor        ', N'Refanic                       ')
INSERT Proveedor (IDproveedor, Tipo_proveedor, Nombre_proveedor) VALUES (17031, N'Distribuidor        ', N'Dicegsa                       ')
INSERT Proveedor (IDproveedor, Tipo_proveedor, Nombre_proveedor) VALUES (17032, N'Distribuidor        ', N'Farcosa                       ')
INSERT Proveedor (IDproveedor, Tipo_proveedor, Nombre_proveedor) VALUES (17033, N'Distribuidor        ', N'Disprofar                     ')
INSERT Proveedor (IDproveedor, Tipo_proveedor, Nombre_proveedor) VALUES (17034, N'Distribuidor        ', N'Pushendorf                    ')
INSERT Proveedor (IDproveedor, Tipo_proveedor, Nombre_proveedor) VALUES (17035, N'Distribuidor        ', N'Generifar                     ')

--UtilidadProducto {Completado}
INSERT UtilidadProducto (IDproducto, IDenfermedad) VALUES (1001, 10001)
INSERT UtilidadProducto (IDproducto, IDenfermedad) VALUES (1001, 10004)
INSERT UtilidadProducto (IDproducto, IDenfermedad) VALUES (1002, 10002)
INSERT UtilidadProducto (IDproducto, IDenfermedad) VALUES (1002, 10003)
INSERT UtilidadProducto (IDproducto, IDenfermedad) VALUES (1003, 10004)
INSERT UtilidadProducto (IDproducto, IDenfermedad) VALUES (1003, 10005)
INSERT UtilidadProducto (IDproducto, IDenfermedad) VALUES (1004, 10006)
INSERT UtilidadProducto (IDproducto, IDenfermedad) VALUES (1005, 10007)
INSERT UtilidadProducto (IDproducto, IDenfermedad) VALUES (1006, 10010)
INSERT UtilidadProducto (IDproducto, IDenfermedad) VALUES (1007, 10011)
INSERT UtilidadProducto (IDproducto, IDenfermedad) VALUES (1007, 10012)
INSERT UtilidadProducto (IDproducto, IDenfermedad) VALUES (1007, 10013)
INSERT UtilidadProducto (IDproducto, IDenfermedad) VALUES (1008, 10011)
INSERT UtilidadProducto (IDproducto, IDenfermedad) VALUES (1008, 10013)
INSERT UtilidadProducto (IDproducto, IDenfermedad) VALUES (1009, 10011)
INSERT UtilidadProducto (IDproducto, IDenfermedad) VALUES (1009, 10014)
INSERT UtilidadProducto (IDproducto, IDenfermedad) VALUES (1010, 10014)
INSERT UtilidadProducto (IDproducto, IDenfermedad) VALUES (1011, 10015)
INSERT UtilidadProducto (IDproducto, IDenfermedad) VALUES (1012, 10008)
INSERT UtilidadProducto (IDproducto, IDenfermedad) VALUES (1013, 10009)
INSERT UtilidadProducto (IDproducto, IDenfermedad) VALUES (1014, 10016)
INSERT UtilidadProducto (IDproducto, IDenfermedad) VALUES (1015, 10001)
INSERT UtilidadProducto (IDproducto, IDenfermedad) VALUES (1016, 10004)
INSERT UtilidadProducto (IDproducto, IDenfermedad) VALUES (1017, 10002)
INSERT UtilidadProducto (IDproducto, IDenfermedad) VALUES (1018, 10003)
