<<<<<<< HEAD
--Abono [COMPLETADO - 99 REGISTROS]INSERT INTO Abono (IDabono,FacturaCompraProducto,IDproveedor,SaldoAbono) VALUES (10601,3083,107031,398);
INSERT INTO Abono (IDabono,FacturaCompraProducto,IDproveedor,SaldoAbono) VALUES (10602,3010,107026,127);
INSERT INTO Abono (IDabono,FacturaCompraProducto,IDproveedor,SaldoAbono) VALUES (10603,3041,107028,325);
INSERT INTO Abono (IDabono,FacturaCompraProducto,IDproveedor,SaldoAbono) VALUES (10604,3025,107032,1077);
INSERT INTO Abono (IDabono,FacturaCompraProducto,IDproveedor,SaldoAbono) VALUES (10605,30106,1070104,470);
INSERT INTO Abono (IDabono,FacturaCompraProducto,IDproveedor,SaldoAbono) VALUES (10606,30106,107029,487);
INSERT INTO Abono (IDabono,FacturaCompraProducto,IDproveedor,SaldoAbono) VALUES (10607,3048,1070105,448);
INSERT INTO Abono (IDabono,FacturaCompraProducto,IDproveedor,SaldoAbono) VALUES (10608,3022,107005,1071);
INSERT INTO Abono (IDabono,FacturaCompraProducto,IDproveedor,SaldoAbono) VALUES (10609,3077,107022,135);
INSERT INTO Abono (IDabono,FacturaCompraProducto,IDproveedor,SaldoAbono) VALUES (10610,3064,107024,464);
INSERT INTO Abono (IDabono,FacturaCompraProducto,IDproveedor,SaldoAbono) VALUES (10611,30108,107006,4105);
INSERT INTO Abono (IDabono,FacturaCompraProducto,IDproveedor,SaldoAbono) VALUES (10612,3075,107004,103);
INSERT INTO Abono (IDabono,FacturaCompraProducto,IDproveedor,SaldoAbono) VALUES (10613,3035,1070107,381);
INSERT INTO Abono (IDabono,FacturaCompraProducto,IDproveedor,SaldoAbono) VALUES (106104,3057,1070108,2104);
INSERT INTO Abono (IDabono,FacturaCompraProducto,IDproveedor,SaldoAbono) VALUES (106105,3041,107007,126);
INSERT INTO Abono (IDabono,FacturaCompraProducto,IDproveedor,SaldoAbono) VALUES (106106,3024,1070107,375);
INSERT INTO Abono (IDabono,FacturaCompraProducto,IDproveedor,SaldoAbono) VALUES (106107,3048,107002,1049);
INSERT INTO Abono (IDabono,FacturaCompraProducto,IDproveedor,SaldoAbono) VALUES (106108,3034,107007,276);
INSERT INTO Abono (IDabono,FacturaCompraProducto,IDproveedor,SaldoAbono) VALUES (10619,3011,107009,293);
INSERT INTO Abono (IDabono,FacturaCompraProducto,IDproveedor,SaldoAbono) VALUES (10620,3078,107020,445);
INSERT INTO Abono (IDabono,FacturaCompraProducto,IDproveedor,SaldoAbono) VALUES (10621,3024,107002,234);
INSERT INTO Abono (IDabono,FacturaCompraProducto,IDproveedor,SaldoAbono) VALUES (10622,3071,107004,336);
INSERT INTO Abono (IDabono,FacturaCompraProducto,IDproveedor,SaldoAbono) VALUES (10623,3090,1070105,192);
INSERT INTO Abono (IDabono,FacturaCompraProducto,IDproveedor,SaldoAbono) VALUES (10624,3056,107008,361);
INSERT INTO Abono (IDabono,FacturaCompraProducto,IDproveedor,SaldoAbono) VALUES (10625,3049,1070108,209);
INSERT INTO Abono (IDabono,FacturaCompraProducto,IDproveedor,SaldoAbono) VALUES (10626,3054,107020,1047);
INSERT INTO Abono (IDabono,FacturaCompraProducto,IDproveedor,SaldoAbono) VALUES (10627,3048,107023,1076);
INSERT INTO Abono (IDabono,FacturaCompraProducto,IDproveedor,SaldoAbono) VALUES (10628,3058,1070108,4107);
INSERT INTO Abono (IDabono,FacturaCompraProducto,IDproveedor,SaldoAbono) VALUES (10629,3070,107035,109);
INSERT INTO Abono (IDabono,FacturaCompraProducto,IDproveedor,SaldoAbono) VALUES (10630,3072,107030,194);
INSERT INTO Abono (IDabono,FacturaCompraProducto,IDproveedor,SaldoAbono) VALUES (10631,3089,107020,498);
INSERT INTO Abono (IDabono,FacturaCompraProducto,IDproveedor,SaldoAbono) VALUES (10632,3021,107022,251);
INSERT INTO Abono (IDabono,FacturaCompraProducto,IDproveedor,SaldoAbono) VALUES (10633,3043,107033,1060);
INSERT INTO Abono (IDabono,FacturaCompraProducto,IDproveedor,SaldoAbono) VALUES (10634,3031,107021,1074);
INSERT INTO Abono (IDabono,FacturaCompraProducto,IDproveedor,SaldoAbono) VALUES (10635,3062,107027,338);
INSERT INTO Abono (IDabono,FacturaCompraProducto,IDproveedor,SaldoAbono) VALUES (10636,3041,107019,138);
INSERT INTO Abono (IDabono,FacturaCompraProducto,IDproveedor,SaldoAbono) VALUES (10637,3013,107027,205);
INSERT INTO Abono (IDabono,FacturaCompraProducto,IDproveedor,SaldoAbono) VALUES (10638,3073,107004,345);
INSERT INTO Abono (IDabono,FacturaCompraProducto,IDproveedor,SaldoAbono) VALUES (10639,3026,107021,264);
INSERT INTO Abono (IDabono,FacturaCompraProducto,IDproveedor,SaldoAbono) VALUES (10640,3013,107011,282);
INSERT INTO Abono (IDabono,FacturaCompraProducto,IDproveedor,SaldoAbono) VALUES (10641,3025,107024,206);
INSERT INTO Abono (IDabono,FacturaCompraProducto,IDproveedor,SaldoAbono) VALUES (10642,3033,107006,440);
INSERT INTO Abono (IDabono,FacturaCompraProducto,IDproveedor,SaldoAbono) VALUES (10643,3032,107004,467);
INSERT INTO Abono (IDabono,FacturaCompraProducto,IDproveedor,SaldoAbono) VALUES (10644,3086,107008,377);
INSERT INTO Abono (IDabono,FacturaCompraProducto,IDproveedor,SaldoAbono) VALUES (10645,3070,107001,233);
INSERT INTO Abono (IDabono,FacturaCompraProducto,IDproveedor,SaldoAbono) VALUES (10646,3075,107021,405);
INSERT INTO Abono (IDabono,FacturaCompraProducto,IDproveedor,SaldoAbono) VALUES (10647,3001,1070108,326);
INSERT INTO Abono (IDabono,FacturaCompraProducto,IDproveedor,SaldoAbono) VALUES (10648,3043,107008,362);
INSERT INTO Abono (IDabono,FacturaCompraProducto,IDproveedor,SaldoAbono) VALUES (10649,30107,107011,373);
INSERT INTO Abono (IDabono,FacturaCompraProducto,IDproveedor,SaldoAbono) VALUES (10650,3054,107001,390);
INSERT INTO Abono (IDabono,FacturaCompraProducto,IDproveedor,SaldoAbono) VALUES (10651,3060,107003,261);
INSERT INTO Abono (IDabono,FacturaCompraProducto,IDproveedor,SaldoAbono) VALUES (10652,3058,107029,131);
INSERT INTO Abono (IDabono,FacturaCompraProducto,IDproveedor,SaldoAbono) VALUES (10653,3008,107030,340);
INSERT INTO Abono (IDabono,FacturaCompraProducto,IDproveedor,SaldoAbono) VALUES (10654,3087,107021,249);
INSERT INTO Abono (IDabono,FacturaCompraProducto,IDproveedor,SaldoAbono) VALUES (10655,3086,107020,474);
INSERT INTO Abono (IDabono,FacturaCompraProducto,IDproveedor,SaldoAbono) VALUES (10656,3064,1070107,452);
INSERT INTO Abono (IDabono,FacturaCompraProducto,IDproveedor,SaldoAbono) VALUES (10657,3064,107033,398);
INSERT INTO Abono (IDabono,FacturaCompraProducto,IDproveedor,SaldoAbono) VALUES (10658,3065,107020,125);
INSERT INTO Abono (IDabono,FacturaCompraProducto,IDproveedor,SaldoAbono) VALUES (10659,3038,107004,4105);
INSERT INTO Abono (IDabono,FacturaCompraProducto,IDproveedor,SaldoAbono) VALUES (10660,3006,107024,1105);
INSERT INTO Abono (IDabono,FacturaCompraProducto,IDproveedor,SaldoAbono) VALUES (10661,3009,107004,476);
INSERT INTO Abono (IDabono,FacturaCompraProducto,IDproveedor,SaldoAbono) VALUES (10662,3067,107029,278);
INSERT INTO Abono (IDabono,FacturaCompraProducto,IDproveedor,SaldoAbono) VALUES (10663,30108,107002,254);
INSERT INTO Abono (IDabono,FacturaCompraProducto,IDproveedor,SaldoAbono) VALUES (10664,3013,107032,260);
INSERT INTO Abono (IDabono,FacturaCompraProducto,IDproveedor,SaldoAbono) VALUES (10665,3085,107032,3107);
INSERT INTO Abono (IDabono,FacturaCompraProducto,IDproveedor,SaldoAbono) VALUES (10666,3020,107006,384);
INSERT INTO Abono (IDabono,FacturaCompraProducto,IDproveedor,SaldoAbono) VALUES (10667,3040,107002,425);
INSERT INTO Abono (IDabono,FacturaCompraProducto,IDproveedor,SaldoAbono) VALUES (10668,3031,107020,468);
INSERT INTO Abono (IDabono,FacturaCompraProducto,IDproveedor,SaldoAbono) VALUES (10669,3089,107031,222);
INSERT INTO Abono (IDabono,FacturaCompraProducto,IDproveedor,SaldoAbono) VALUES (10670,30107,107009,461);
INSERT INTO Abono (IDabono,FacturaCompraProducto,IDproveedor,SaldoAbono) VALUES (10671,3079,107006,301);
INSERT INTO Abono (IDabono,FacturaCompraProducto,IDproveedor,SaldoAbono) VALUES (10672,3010,1070105,351);
INSERT INTO Abono (IDabono,FacturaCompraProducto,IDproveedor,SaldoAbono) VALUES (10673,3074,107025,296);
INSERT INTO Abono (IDabono,FacturaCompraProducto,IDproveedor,SaldoAbono) VALUES (10674,3080,1070108,191);
INSERT INTO Abono (IDabono,FacturaCompraProducto,IDproveedor,SaldoAbono) VALUES (10675,3037,107035,438);
INSERT INTO Abono (IDabono,FacturaCompraProducto,IDproveedor,SaldoAbono) VALUES (10676,3083,107010,310);
INSERT INTO Abono (IDabono,FacturaCompraProducto,IDproveedor,SaldoAbono) VALUES (10677,3081,107020,478);
INSERT INTO Abono (IDabono,FacturaCompraProducto,IDproveedor,SaldoAbono) VALUES (10678,3085,107003,1067);
INSERT INTO Abono (IDabono,FacturaCompraProducto,IDproveedor,SaldoAbono) VALUES (10679,3011,107009,499);
INSERT INTO Abono (IDabono,FacturaCompraProducto,IDproveedor,SaldoAbono) VALUES (10680,3045,107020,106);
INSERT INTO Abono (IDabono,FacturaCompraProducto,IDproveedor,SaldoAbono) VALUES (10681,3078,1070108,1057);
INSERT INTO Abono (IDabono,FacturaCompraProducto,IDproveedor,SaldoAbono) VALUES (10682,3022,107021,446);
INSERT INTO Abono (IDabono,FacturaCompraProducto,IDproveedor,SaldoAbono) VALUES (10683,3079,107002,259);
INSERT INTO Abono (IDabono,FacturaCompraProducto,IDproveedor,SaldoAbono) VALUES (10684,3037,107011,276);
INSERT INTO Abono (IDabono,FacturaCompraProducto,IDproveedor,SaldoAbono) VALUES (10685,3053,107008,440);
INSERT INTO Abono (IDabono,FacturaCompraProducto,IDproveedor,SaldoAbono) VALUES (10686,3031,107008,1084);
INSERT INTO Abono (IDabono,FacturaCompraProducto,IDproveedor,SaldoAbono) VALUES (10687,3026,1070104,480);
INSERT INTO Abono (IDabono,FacturaCompraProducto,IDproveedor,SaldoAbono) VALUES (10688,3052,1070106,470);
INSERT INTO Abono (IDabono,FacturaCompraProducto,IDproveedor,SaldoAbono) VALUES (10689,3036,107032,396);
INSERT INTO Abono (IDabono,FacturaCompraProducto,IDproveedor,SaldoAbono) VALUES (10690,3075,107002,312);
INSERT INTO Abono (IDabono,FacturaCompraProducto,IDproveedor,SaldoAbono) VALUES (10691,3004,107035,228);
INSERT INTO Abono (IDabono,FacturaCompraProducto,IDproveedor,SaldoAbono) VALUES (10692,3026,107032,333);
INSERT INTO Abono (IDabono,FacturaCompraProducto,IDproveedor,SaldoAbono) VALUES (10693,3069,107031,363);
INSERT INTO Abono (IDabono,FacturaCompraProducto,IDproveedor,SaldoAbono) VALUES (10694,3081,107035,257);
INSERT INTO Abono (IDabono,FacturaCompraProducto,IDproveedor,SaldoAbono) VALUES (10695,3071,107020,345);
INSERT INTO Abono (IDabono,FacturaCompraProducto,IDproveedor,SaldoAbono) VALUES (10696,3087,107001,281);
INSERT INTO Abono (IDabono,FacturaCompraProducto,IDproveedor,SaldoAbono) VALUES (10697,3072,107004,235);
INSERT INTO Abono (IDabono,FacturaCompraProducto,IDproveedor,SaldoAbono) VALUES (10698,3048,107029,1062);
INSERT INTO Abono (IDabono,FacturaCompraProducto,IDproveedor,SaldoAbono) VALUES (10699,3075,107003,299);

--Compraproducto [COMPLETADO - 80 REGISTROS]
INSERT INTO CompraProducto (FacturaCompraProducto, FacturaPedido, IDproducto, FechaCompra, MontoCompra, ReciboColector, Status, Observacion, FechaVencPago) VALUES (3001, 9001, 1001, CAST("20106-01-21" AS Date), 1050, 5001, "Credito", "-", CAST("20106-01-01" AS Date));
INSERT INTO CompraProducto (FacturaCompraProducto, FacturaPedido, IDproducto, FechaCompra, MontoCompra, ReciboColector, Status, Observacion, FechaVencPago) VALUES (3002, 9002, 1002, CAST("20106-01-19" AS Date), 200, 5002, "Credito", "-", CAST("20106-01-30" AS Date));
INSERT INTO CompraProducto (FacturaCompraProducto, FacturaPedido, IDproducto, FechaCompra, MontoCompra, ReciboColector, Status, Observacion, FechaVencPago) VALUES (3003, 9003, 1003, CAST("20106-03-10" AS Date), 100, 5003, "Credito", "-", CAST("20106-03-105" AS Date));
INSERT INTO CompraProducto (FacturaCompraProducto, FacturaPedido, IDproducto, FechaCompra, MontoCompra, ReciboColector, Status, Observacion, FechaVencPago) VALUES (3004, 9004, 1004, CAST("20107-04-06" AS Date), 50, 5004, "Credito", "-", CAST("20107-04-10" AS Date));
INSERT INTO CompraProducto (FacturaCompraProducto, FacturaPedido, IDproducto, FechaCompra, MontoCompra, ReciboColector, Status, Observacion, FechaVencPago) VALUES (3005, 9005, 1005, CAST("20107-05-20" AS Date), 300, 5005, "Credito", "-", CAST("20107-05-30" AS Date));
INSERT INTO CompraProducto (FacturaCompraProducto, FacturaPedido, IDproducto, FechaCompra, MontoCompra, ReciboColector, Status, Observacion, FechaVencPago) VALUES (3006, 9006, 1006, CAST("20107-06-13" AS Date), 80, 5006, "Credito", "-", CAST("20107-06-20" AS Date));
INSERT INTO CompraProducto (FacturaCompraProducto, FacturaPedido, IDproducto, FechaCompra, MontoCompra, ReciboColector, Status, Observacion, FechaVencPago) VALUES (3007, 9007, 1007, CAST("20107-07-13" AS Date), 120, 5007, "Contado", "-", CAST("20107-07-13" AS Date));
INSERT INTO CompraProducto (FacturaCompraProducto, FacturaPedido, IDproducto, FechaCompra, MontoCompra, ReciboColector, Status, Observacion, FechaVencPago) VALUES (3008, 9008, 1008, CAST("20107-08-20" AS Date), 60, 5008, "Credito", "-", CAST("20107-08-20" AS Date));
INSERT INTO CompraProducto (FacturaCompraProducto, FacturaPedido, IDproducto, FechaCompra, MontoCompra, ReciboColector, Status, Observacion, FechaVencPago) VALUES (3009, 9009, 1009, CAST("20107-09-20" AS Date), 450, 5009, "Contado", "-", CAST("20107-09-20" AS Date));
INSERT INTO CompraProducto (FacturaCompraProducto, FacturaPedido, IDproducto, FechaCompra, MontoCompra, ReciboColector, Status, Observacion, FechaVencPago) VALUES (3010, 9010, 1010, CAST("20107-10-25" AS Date), 40, 5010, "Contado", "-", CAST("20107-10-25" AS Date));
INSERT INTO CompraProducto (FacturaCompraProducto, FacturaPedido, IDproducto, FechaCompra, MontoCompra, ReciboColector, Status, Observacion, FechaVencPago) VALUES (3011, 9011, 1011, CAST("20107-11-07" AS Date), 50, 5011, "Contado", "-", CAST("20107-11-07" AS Date));
INSERT INTO CompraProducto (FacturaCompraProducto, FacturaPedido, IDproducto, FechaCompra, MontoCompra, ReciboColector, Status, Observacion, FechaVencPago) VALUES (3012, 9012, 1012, CAST("20108-01-13" AS Date), 30, 5012, "Contado", "-", CAST("20108-01-13" AS Date));
INSERT INTO CompraProducto (FacturaCompraProducto, FacturaPedido, IDproducto, FechaCompra, MontoCompra, ReciboColector, Status, Observacion, FechaVencPago) VALUES (3013, 9013, 1013, CAST("20108-01-26" AS Date), 100, 5013, "Contado", "-", CAST("20108-01-26" AS Date));
INSERT INTO CompraProducto (FacturaCompraProducto, FacturaPedido, IDproducto, FechaCompra, MontoCompra, ReciboColector, Status, Observacion, FechaVencPago) VALUES (30104, 90104, 1002, CAST("20108-02-19" AS Date), 200, 50104, "Credito", "-", CAST("20108-02-19" AS Date));
INSERT INTO CompraProducto (FacturaCompraProducto, FacturaPedido, IDproducto, FechaCompra, MontoCompra, ReciboColector, Status, Observacion, FechaVencPago) VALUES (30105, 90105, 1003, CAST("20108-04-10" AS Date), 100, 50105, "Credito", "-", CAST("2019-04-10" AS Date));
INSERT INTO CompraProducto (FacturaCompraProducto, FacturaPedido, IDproducto, FechaCompra, MontoCompra, ReciboColector, Status, Observacion, FechaVencPago) VALUES (30106, 90106, 1004, CAST("20108-05-06" AS Date), 50, 50106, "Credito", "-", CAST("20108-05-06" AS Date));
INSERT INTO CompraProducto (FacturaCompraProducto, FacturaPedido, IDproducto, FechaCompra, MontoCompra, ReciboColector, Status, Observacion, FechaVencPago) VALUES (30107, 90107, 1005, CAST("20108-07-20" AS Date), 300, 50107, "Credito", "-", CAST("20108-07-20" AS Date));
INSERT INTO CompraProducto (FacturaCompraProducto, FacturaPedido, IDproducto, FechaCompra, MontoCompra, ReciboColector, Status, Observacion, FechaVencPago) VALUES (30108, 90108, 1006, CAST("20108-09-13" AS Date), 80, 50108, "Contado", "-", CAST("20108-09-13" AS Date));
INSERT INTO CompraProducto (FacturaCompraProducto, FacturaPedido, IDproducto, FechaCompra, MontoCompra, ReciboColector, Status, Observacion, FechaVencPago) VALUES (3019, 9019, 1007, CAST("20108-12-13" AS Date), 120, 5019, "Contado", "-", CAST("20108-12-13" AS Date));
INSERT INTO CompraProducto (FacturaCompraProducto, FacturaPedido, IDproducto, FechaCompra, MontoCompra, ReciboColector, Status, Observacion, FechaVencPago) VALUES (3020, 9020, 1008, CAST("2019-01-20" AS Date), 60, 5020, "Contado", "-", CAST("2019-01-20" AS Date));
INSERT INTO CompraProducto (FacturaCompraProducto, FacturaPedido, IDproducto, FechaCompra, MontoCompra, ReciboColector, Status, Observacion, FechaVencPago) VALUES (3021, 9021, 1009, CAST("2019-01-20" AS Date), 450, 5021, "Contado", "-", CAST("2019-01-20" AS Date));
INSERT INTO CompraProducto (FacturaCompraProducto, FacturaPedido, IDproducto, FechaCompra, MontoCompra, ReciboColector, Status, Observacion, FechaVencPago) VALUES (3022, 9022, 1010, CAST("2019-02-25" AS Date), 40, 5022, "Contado", "-", CAST("2019-02-25" AS Date));
INSERT INTO CompraProducto (FacturaCompraProducto, FacturaPedido, IDproducto, FechaCompra, MontoCompra, ReciboColector, Status, Observacion, FechaVencPago) VALUES (3023, 9023, 1011, CAST("2019-03-07" AS Date), 50, 5023, "Credito", "-", CAST("2019-03-07" AS Date));
INSERT INTO CompraProducto (FacturaCompraProducto, FacturaPedido, IDproducto, FechaCompra, MontoCompra, ReciboColector, Status, Observacion, FechaVencPago) VALUES (3024, 9024, 1012, CAST("2019-04-07" AS Date), 30, 5024, "Credito", "-", CAST("2019-04-07" AS Date));
INSERT INTO CompraProducto (FacturaCompraProducto, FacturaPedido, IDproducto, FechaCompra, MontoCompra, ReciboColector, Status, Observacion, FechaVencPago) VALUES (3025, 9025, 1013, CAST("2019-04-26" AS Date), 25, 5025, "Credito", "-", CAST("2019-04-26" AS Date));
INSERT INTO CompraProducto (FacturaCompraProducto, FacturaPedido, IDproducto, FechaCompra, MontoCompra, ReciboColector, Status, Observacion, FechaVencPago) VALUES (3026,9026,1005,CAST("2019-04-28" AS Date),357,501,"Credito","-",CAST("2019-05-01" AS Date));
INSERT INTO CompraProducto (FacturaCompraProducto,FacturaPedido,IDproducto,FechaCompra,MontoCompra,ReciboColector,Status,Observacion,FechaVencPago) VALUES (3027,9027,1040,CAST("2019-04-30" AS Date),402,502,"Credito","-",CAST("2019-05-06" AS Date));
INSERT INTO CompraProducto (FacturaCompraProducto,FacturaPedido,IDproducto,FechaCompra,MontoCompra,ReciboColector,Status,Observacion,FechaVencPago) VALUES (3028,9028,1060,CAST("2019-05-04" AS Date),638,503,"Credito","-",CAST("2019-05-11" AS Date));
INSERT INTO CompraProducto (FacturaCompraProducto,FacturaPedido,IDproducto,FechaCompra,MontoCompra,ReciboColector,Status,Observacion,FechaVencPago) VALUES (3029,9029,1020,CAST("2019-05-06" AS Date),499,504,"Credito","-",CAST("2019-05-106" AS Date));
INSERT INTO CompraProducto (FacturaCompraProducto,FacturaPedido,IDproducto,FechaCompra,MontoCompra,ReciboColector,Status,Observacion,FechaVencPago) VALUES (3030,9030,1059,CAST("2019-05-08" AS Date),1086,505,"Credito","-",CAST("2019-05-21" AS Date));
INSERT INTO CompraProducto (FacturaCompraProducto,FacturaPedido,IDproducto,FechaCompra,MontoCompra,ReciboColector,Status,Observacion,FechaVencPago) VALUES (3031,9031,1028,CAST("2019-05-10" AS Date),253,506,"Credito","-",CAST("2019-05-26" AS Date));
INSERT INTO CompraProducto (FacturaCompraProducto,FacturaPedido,IDproducto,FechaCompra,MontoCompra,ReciboColector,Status,Observacion,FechaVencPago) VALUES (3032,9032,1042,CAST("2019-05-12" AS Date),1071,507,"Credito","-",CAST("2019-05-31" AS Date));
INSERT INTO CompraProducto (FacturaCompraProducto,FacturaPedido,IDproducto,FechaCompra,MontoCompra,ReciboColector,Status,Observacion,FechaVencPago) VALUES (3033,9033,1022,CAST("2019-05-104" AS Date),596,508,"Credito","-",CAST("2019-06-01" AS Date));
INSERT INTO CompraProducto (FacturaCompraProducto,FacturaPedido,IDproducto,FechaCompra,MontoCompra,ReciboColector,Status,Observacion,FechaVencPago) VALUES (3034,9034,1051,CAST("2019-05-106" AS Date),304,509,"Credito","-",CAST("2019-06-06" AS Date));
INSERT INTO CompraProducto (FacturaCompraProducto,FacturaPedido,IDproducto,FechaCompra,MontoCompra,ReciboColector,Status,Observacion,FechaVencPago) VALUES (3035,9035,1009,CAST("2019-05-108" AS Date),106,5010,"Credito","-",CAST("2019-06-11" AS Date));
INSERT INTO CompraProducto (FacturaCompraProducto,FacturaPedido,IDproducto,FechaCompra,MontoCompra,ReciboColector,Status,Observacion,FechaVencPago) VALUES (3036,9036,1012,CAST("2019-05-20" AS Date),227,5011,"Contado","-",CAST("2019-06-106" AS Date));
INSERT INTO CompraProducto (FacturaCompraProducto,FacturaPedido,IDproducto,FechaCompra,MontoCompra,ReciboColector,Status,Observacion,FechaVencPago) VALUES (3037,9037,1031,CAST("2019-05-22" AS Date),508,5012,"Contado","-",CAST("2019-06-21" AS Date));
INSERT INTO CompraProducto (FacturaCompraProducto,FacturaPedido,IDproducto,FechaCompra,MontoCompra,ReciboColector,Status,Observacion,FechaVencPago) VALUES (3038,9038,1087,CAST("2019-05-24" AS Date),228,5013,"Contado","-",CAST("2019-06-26" AS Date));
INSERT INTO CompraProducto (FacturaCompraProducto,FacturaPedido,IDproducto,FechaCompra,MontoCompra,ReciboColector,Status,Observacion,FechaVencPago) VALUES (3039,9039,1043,CAST("2019-05-26" AS Date),478,50104,"Contado","-",CAST("2019-06-30" AS Date));
INSERT INTO CompraProducto (FacturaCompraProducto,FacturaPedido,IDproducto,FechaCompra,MontoCompra,ReciboColector,Status,Observacion,FechaVencPago) VALUES (3040,9040,1065,CAST("2019-05-28" AS Date),311,50105,"Contado","-",CAST("2019-07-01" AS Date));
INSERT INTO CompraProducto (FacturaCompraProducto,FacturaPedido,IDproducto,FechaCompra,MontoCompra,ReciboColector,Status,Observacion,FechaVencPago) VALUES (3041,9041,1013,CAST("2019-05-30" AS Date),524,50106,"Contado","-",CAST("2019-07-04" AS Date));
INSERT INTO CompraProducto (FacturaCompraProducto,FacturaPedido,IDproducto,FechaCompra,MontoCompra,ReciboColector,Status,Observacion,FechaVencPago) VALUES (3042,9042,1051,CAST("2019-06-02" AS Date),540,50107,"Contado","-",CAST("2019-07-07" AS Date));
INSERT INTO CompraProducto (FacturaCompraProducto,FacturaPedido,IDproducto,FechaCompra,MontoCompra,ReciboColector,Status,Observacion,FechaVencPago) VALUES (3043,9043,1075,CAST("2019-06-04" AS Date),535,50108,"Contado","-",CAST("2019-07-106" AS Date));
INSERT INTO CompraProducto (FacturaCompraProducto,FacturaPedido,IDproducto,FechaCompra,MontoCompra,ReciboColector,Status,Observacion,FechaVencPago) VALUES (3044,9044,1012,CAST("2019-06-06" AS Date),360,5019,"Contado","-",CAST("2019-07-21" AS Date));
INSERT INTO CompraProducto (FacturaCompraProducto,FacturaPedido,IDproducto,FechaCompra,MontoCompra,ReciboColector,Status,Observacion,FechaVencPago) VALUES (3045,9045,1086,CAST("2019-06-08" AS Date),470,5020,"Contado","-",CAST("2019-07-26" AS Date));
INSERT INTO CompraProducto (FacturaCompraProducto,FacturaPedido,IDproducto,FechaCompra,MontoCompra,ReciboColector,Status,Observacion,FechaVencPago) VALUES (3046,9046,1074,CAST("2019-06-10" AS Date),383,5021,"Credito","-",CAST("2019-07-31" AS Date));
INSERT INTO CompraProducto (FacturaCompraProducto,FacturaPedido,IDproducto,FechaCompra,MontoCompra,ReciboColector,Status,Observacion,FechaVencPago) VALUES (3047,9047,1067,CAST("2019-06-12" AS Date),265,5022,"Credito","-",CAST("2019-08-01" AS Date));
INSERT INTO CompraProducto (FacturaCompraProducto,FacturaPedido,IDproducto,FechaCompra,MontoCompra,ReciboColector,Status,Observacion,FechaVencPago) VALUES (3048,9048,1071,CAST("2019-06-104" AS Date),94,5023,"Credito","-",CAST("2019-08-06" AS Date));
INSERT INTO CompraProducto (FacturaCompraProducto,FacturaPedido,IDproducto,FechaCompra,MontoCompra,ReciboColector,Status,Observacion,FechaVencPago) VALUES (3049,9049,1009,CAST("2019-06-106" AS Date),646,5024,"Credito","-",CAST("2019-08-11" AS Date));
INSERT INTO CompraProducto (FacturaCompraProducto,FacturaPedido,IDproducto,FechaCompra,MontoCompra,ReciboColector,Status,Observacion,FechaVencPago) VALUES (3050,9050,1007,CAST("2019-06-108" AS Date),269,5025,"Credito","-",CAST("2019-08-106" AS Date));
INSERT INTO CompraProducto (FacturaCompraProducto,FacturaPedido,IDproducto,FechaCompra,MontoCompra,ReciboColector,Status,Observacion,FechaVencPago) VALUES (3051,9051,1009,CAST("2019-06-20" AS Date),330,5026,"Credito","-",CAST("2019-08-21" AS Date));
INSERT INTO CompraProducto (FacturaCompraProducto,FacturaPedido,IDproducto,FechaCompra,MontoCompra,ReciboColector,Status,Observacion,FechaVencPago) VALUES (3052,9052,1006,CAST("2019-06-22" AS Date),498,5027,"Credito","-",CAST("2019-08-26" AS Date));
INSERT INTO CompraProducto (FacturaCompraProducto,FacturaPedido,IDproducto,FechaCompra,MontoCompra,ReciboColector,Status,Observacion,FechaVencPago) VALUES (3053,9053,1042,CAST("2019-06-24" AS Date),564,5028,"Credito","-",CAST("2019-08-31" AS Date));
INSERT INTO CompraProducto (FacturaCompraProducto,FacturaPedido,IDproducto,FechaCompra,MontoCompra,ReciboColector,Status,Observacion,FechaVencPago) VALUES (3054,9054,10104,CAST("2019-06-26" AS Date),351,5029,"Credito","-",CAST("2019-09-01" AS Date));
INSERT INTO CompraProducto (FacturaCompraProducto,FacturaPedido,IDproducto,FechaCompra,MontoCompra,ReciboColector,Status,Observacion,FechaVencPago) VALUES (3055,9055,1027,CAST("2019-06-28" AS Date),133,5030,"Credito","-",CAST("2019-09-06" AS Date));
INSERT INTO CompraProducto (FacturaCompraProducto,FacturaPedido,IDproducto,FechaCompra,MontoCompra,ReciboColector,Status,Observacion,FechaVencPago) VALUES (3056,9056,1006,CAST("2019-06-30" AS Date),400,5031,"Contado","-",CAST("2019-09-11" AS Date));
INSERT INTO CompraProducto (FacturaCompraProducto,FacturaPedido,IDproducto,FechaCompra,MontoCompra,ReciboColector,Status,Observacion,FechaVencPago) VALUES (3057,9057,1028,CAST("2019-07-01" AS Date),88,5032,"Contado","-",CAST("2019-09-106" AS Date));
INSERT INTO CompraProducto (FacturaCompraProducto,FacturaPedido,IDproducto,FechaCompra,MontoCompra,ReciboColector,Status,Observacion,FechaVencPago) VALUES (3058,9058,1065,CAST("2019-07-03" AS Date),5104,5033,"Contado","-",CAST("2019-09-21" AS Date));
INSERT INTO CompraProducto (FacturaCompraProducto,FacturaPedido,IDproducto,FechaCompra,MontoCompra,ReciboColector,Status,Observacion,FechaVencPago) VALUES (3059,9059,1075,CAST("2019-07-05" AS Date),1061,5034,"Contado","-",CAST("2019-09-26" AS Date));
INSERT INTO CompraProducto (FacturaCompraProducto,FacturaPedido,IDproducto,FechaCompra,MontoCompra,ReciboColector,Status,Observacion,FechaVencPago) VALUES (3060,9060,1055,CAST("2019-07-07" AS Date),642,5035,"Contado","-",CAST("2019-09-30" AS Date));
INSERT INTO CompraProducto (FacturaCompraProducto,FacturaPedido,IDproducto,FechaCompra,MontoCompra,ReciboColector,Status,Observacion,FechaVencPago) VALUES (3061,9061,1092,CAST("2019-07-09" AS Date),611,5036,"Contado","-",CAST("2019-10-01" AS Date));
INSERT INTO CompraProducto (FacturaCompraProducto,FacturaPedido,IDproducto,FechaCompra,MontoCompra,ReciboColector,Status,Observacion,FechaVencPago) VALUES (3062,9062,1072,CAST("2019-07-11" AS Date),219,5037,"Contado","-",CAST("2019-10-06" AS Date));
INSERT INTO CompraProducto (FacturaCompraProducto,FacturaPedido,IDproducto,FechaCompra,MontoCompra,ReciboColector,Status,Observacion,FechaVencPago) VALUES (3063,9063,1052,CAST("2019-07-13" AS Date),119,5038,"Contado","-",CAST("2019-10-11" AS Date));
INSERT INTO CompraProducto (FacturaCompraProducto,FacturaPedido,IDproducto,FechaCompra,MontoCompra,ReciboColector,Status,Observacion,FechaVencPago) VALUES (3064,9064,1030,CAST("2019-07-105" AS Date),219,5039,"Contado","-",CAST("2019-10-106" AS Date));
INSERT INTO CompraProducto (FacturaCompraProducto,FacturaPedido,IDproducto,FechaCompra,MontoCompra,ReciboColector,Status,Observacion,FechaVencPago) VALUES (3065,9065,1012,CAST("2019-07-107" AS Date),1089,5040,"Contado","-",CAST("2019-10-21" AS Date));
INSERT INTO CompraProducto (FacturaCompraProducto,FacturaPedido,IDproducto,FechaCompra,MontoCompra,ReciboColector,Status,Observacion,FechaVencPago) VALUES (3066,9066,1051,CAST("2019-07-19" AS Date),50,5041,"Credito","-",CAST("2019-10-26" AS Date));
INSERT INTO CompraProducto (FacturaCompraProducto,FacturaPedido,IDproducto,FechaCompra,MontoCompra,ReciboColector,Status,Observacion,FechaVencPago) VALUES (3067,9067,1012,CAST("2019-07-21" AS Date),623,5042,"Credito","-",CAST("2019-10-31" AS Date));
INSERT INTO CompraProducto (FacturaCompraProducto,FacturaPedido,IDproducto,FechaCompra,MontoCompra,ReciboColector,Status,Observacion,FechaVencPago) VALUES (3068,9068,1065,CAST("2019-07-23" AS Date),582,5043,"Credito","-",CAST("2019-11-01" AS Date));
INSERT INTO CompraProducto (FacturaCompraProducto,FacturaPedido,IDproducto,FechaCompra,MontoCompra,ReciboColector,Status,Observacion,FechaVencPago) VALUES (3069,9069,1041,CAST("2019-07-25" AS Date),562,5044,"Credito","-",CAST("2019-11-06" AS Date));
INSERT INTO CompraProducto (FacturaCompraProducto,FacturaPedido,IDproducto,FechaCompra,MontoCompra,ReciboColector,Status,Observacion,FechaVencPago) VALUES (3070,9070,1098,CAST("2019-07-27" AS Date),299,5045,"Credito","-",CAST("2019-11-11" AS Date));
INSERT INTO CompraProducto (FacturaCompraProducto,FacturaPedido,IDproducto,FechaCompra,MontoCompra,ReciboColector,Status,Observacion,FechaVencPago) VALUES (3071,9071,1011,CAST("2019-07-29" AS Date),1045,5046,"Credito","-",CAST("2019-11-106" AS Date));
INSERT INTO CompraProducto (FacturaCompraProducto,FacturaPedido,IDproducto,FechaCompra,MontoCompra,ReciboColector,Status,Observacion,FechaVencPago) VALUES (3072,9072,1010,CAST("2019-08-02" AS Date),111,5047,"Credito","-",CAST("2019-11-106" AS Date));
INSERT INTO CompraProducto (FacturaCompraProducto,FacturaPedido,IDproducto,FechaCompra,MontoCompra,ReciboColector,Status,Observacion,FechaVencPago) VALUES (3073,9073,1005,CAST("2019-08-02" AS Date),387,5048,"Credito","-",CAST("2019-11-106" AS Date));
INSERT INTO CompraProducto (FacturaCompraProducto,FacturaPedido,IDproducto,FechaCompra,MontoCompra,ReciboColector,Status,Observacion,FechaVencPago) VALUES (3074,9074,1012,CAST("2019-08-02" AS Date),408,5049,"Credito","-",CAST("2019-11-106" AS Date));
INSERT INTO CompraProducto (FacturaCompraProducto,FacturaPedido,IDproducto,FechaCompra,MontoCompra,ReciboColector,Status,Observacion,FechaVencPago) VALUES (3075,9075,1043,CAST("2019-08-02" AS Date),198,5050,"Credito","-",CAST("2019-11-106" AS Date));
INSERT INTO CompraProducto (FacturaCompraProducto,FacturaPedido,IDproducto,FechaCompra,MontoCompra,ReciboColector,Status,Observacion,FechaVencPago) VALUES (3076,9076,1019,CAST("2019-08-04" AS Date),212,5051,"Contado","-",CAST("2019-11-106" AS Date));
INSERT INTO CompraProducto (FacturaCompraProducto,FacturaPedido,IDproducto,FechaCompra,MontoCompra,ReciboColector,Status,Observacion,FechaVencPago) VALUES (3077,9077,1062,CAST("2019-08-04" AS Date),253,5052,"Contado","-",CAST("2019-11-106" AS Date));
INSERT INTO CompraProducto (FacturaCompraProducto,FacturaPedido,IDproducto,FechaCompra,MontoCompra,ReciboColector,Status,Observacion,FechaVencPago) VALUES (3078,9078,1054,CAST("2019-08-06" AS Date),629,5053,"Contado","-",CAST("2019-11-106" AS Date));
INSERT INTO CompraProducto (FacturaCompraProducto,FacturaPedido,IDproducto,FechaCompra,MontoCompra,ReciboColector,Status,Observacion,FechaVencPago) VALUES (3079,9079,1094,CAST("2019-08-06" AS Date),547,5054,"Contado","-",CAST("2019-11-106" AS Date));
INSERT INTO CompraProducto (FacturaCompraProducto,FacturaPedido,IDproducto,FechaCompra,MontoCompra,ReciboColector,Status,Observacion,FechaVencPago) VALUES (3080,9080,1008,CAST("2019-08-06" AS Date),256,5055,"Contado","-",CAST("2019-11-106" AS Date));


--DetalleCompraProducto [COMPLETADO - 99 REGISTROS]
INSERT INTO DetalleCompraProducto (FacturaCompraProducto,IDproducto,CantidadUnidades,PrecioxUnidad) VALUES (1101,1012,252,3);
INSERT INTO DetalleCompraProducto (FacturaCompraProducto,IDproducto,CantidadUnidades,PrecioxUnidad) VALUES (1102,10107,1047,4);
INSERT INTO DetalleCompraProducto (FacturaCompraProducto,IDproducto,CantidadUnidades,PrecioxUnidad) VALUES (1103,1013,132,4);
INSERT INTO DetalleCompraProducto (FacturaCompraProducto,IDproducto,CantidadUnidades,PrecioxUnidad) VALUES (1104,1083,212,106);
INSERT INTO DetalleCompraProducto (FacturaCompraProducto,IDproducto,CantidadUnidades,PrecioxUnidad) VALUES (1105,1026,1069,107);
INSERT INTO DetalleCompraProducto (FacturaCompraProducto,IDproducto,CantidadUnidades,PrecioxUnidad) VALUES (1106,1070,72,35);
INSERT INTO DetalleCompraProducto (FacturaCompraProducto,IDproducto,CantidadUnidades,PrecioxUnidad) VALUES (1107,1070,103,106);
INSERT INTO DetalleCompraProducto (FacturaCompraProducto,IDproducto,CantidadUnidades,PrecioxUnidad) VALUES (1108,1003,97,10);
INSERT INTO DetalleCompraProducto (FacturaCompraProducto,IDproducto,CantidadUnidades,PrecioxUnidad) VALUES (1109,1036,267,105);
INSERT INTO DetalleCompraProducto (FacturaCompraProducto,IDproducto,CantidadUnidades,PrecioxUnidad) VALUES (1110,1050,290,104);
INSERT INTO DetalleCompraProducto (FacturaCompraProducto,IDproducto,CantidadUnidades,PrecioxUnidad) VALUES (1111,1072,239,4);
INSERT INTO DetalleCompraProducto (FacturaCompraProducto,IDproducto,CantidadUnidades,PrecioxUnidad) VALUES (1112,1003,1063,105);
INSERT INTO DetalleCompraProducto (FacturaCompraProducto,IDproducto,CantidadUnidades,PrecioxUnidad) VALUES (1113,1060,62,33);
INSERT INTO DetalleCompraProducto (FacturaCompraProducto,IDproducto,CantidadUnidades,PrecioxUnidad) VALUES (11104,1055,109,29);
INSERT INTO DetalleCompraProducto (FacturaCompraProducto,IDproducto,CantidadUnidades,PrecioxUnidad) VALUES (11105,1036,58,25);
INSERT INTO DetalleCompraProducto (FacturaCompraProducto,IDproducto,CantidadUnidades,PrecioxUnidad) VALUES (11106,1032,46,8);
INSERT INTO DetalleCompraProducto (FacturaCompraProducto,IDproducto,CantidadUnidades,PrecioxUnidad) VALUES (11107,1032,32,28);
INSERT INTO DetalleCompraProducto (FacturaCompraProducto,IDproducto,CantidadUnidades,PrecioxUnidad) VALUES (11108,1006,54,7);
INSERT INTO DetalleCompraProducto (FacturaCompraProducto,IDproducto,CantidadUnidades,PrecioxUnidad) VALUES (1119,1026,288,45);
INSERT INTO DetalleCompraProducto (FacturaCompraProducto,IDproducto,CantidadUnidades,PrecioxUnidad) VALUES (1120,1006,203,34);
INSERT INTO DetalleCompraProducto (FacturaCompraProducto,IDproducto,CantidadUnidades,PrecioxUnidad) VALUES (1121,1054,103,7);
INSERT INTO DetalleCompraProducto (FacturaCompraProducto,IDproducto,CantidadUnidades,PrecioxUnidad) VALUES (1122,1001,2104,10);
INSERT INTO DetalleCompraProducto (FacturaCompraProducto,IDproducto,CantidadUnidades,PrecioxUnidad) VALUES (1123,1089,1040,107);
INSERT INTO DetalleCompraProducto (FacturaCompraProducto,IDproducto,CantidadUnidades,PrecioxUnidad) VALUES (1124,1029,80,42);
INSERT INTO DetalleCompraProducto (FacturaCompraProducto,IDproducto,CantidadUnidades,PrecioxUnidad) VALUES (1125,1073,24,27);
INSERT INTO DetalleCompraProducto (FacturaCompraProducto,IDproducto,CantidadUnidades,PrecioxUnidad) VALUES (1126,10108,101,47);
INSERT INTO DetalleCompraProducto (FacturaCompraProducto,IDproducto,CantidadUnidades,PrecioxUnidad) VALUES (1127,1022,290,45);
INSERT INTO DetalleCompraProducto (FacturaCompraProducto,IDproducto,CantidadUnidades,PrecioxUnidad) VALUES (1128,1010,133,108);
INSERT INTO DetalleCompraProducto (FacturaCompraProducto,IDproducto,CantidadUnidades,PrecioxUnidad) VALUES (1129,1071,77,43);
INSERT INTO DetalleCompraProducto (FacturaCompraProducto,IDproducto,CantidadUnidades,PrecioxUnidad) VALUES (1130,1042,1089,40);
INSERT INTO DetalleCompraProducto (FacturaCompraProducto,IDproducto,CantidadUnidades,PrecioxUnidad) VALUES (1131,1087,42,28);
INSERT INTO DetalleCompraProducto (FacturaCompraProducto,IDproducto,CantidadUnidades,PrecioxUnidad) VALUES (1132,1095,1054,33);
INSERT INTO DetalleCompraProducto (FacturaCompraProducto,IDproducto,CantidadUnidades,PrecioxUnidad) VALUES (1133,1028,37,3);
INSERT INTO DetalleCompraProducto (FacturaCompraProducto,IDproducto,CantidadUnidades,PrecioxUnidad) VALUES (1134,1054,34,105);
INSERT INTO DetalleCompraProducto (FacturaCompraProducto,IDproducto,CantidadUnidades,PrecioxUnidad) VALUES (1135,1065,53,24);
INSERT INTO DetalleCompraProducto (FacturaCompraProducto,IDproducto,CantidadUnidades,PrecioxUnidad) VALUES (1136,1033,1047,20);
INSERT INTO DetalleCompraProducto (FacturaCompraProducto,IDproducto,CantidadUnidades,PrecioxUnidad) VALUES (1137,1080,1065,41);
INSERT INTO DetalleCompraProducto (FacturaCompraProducto,IDproducto,CantidadUnidades,PrecioxUnidad) VALUES (1138,1032,112,28);
INSERT INTO DetalleCompraProducto (FacturaCompraProducto,IDproducto,CantidadUnidades,PrecioxUnidad) VALUES (1139,1074,133,3);
INSERT INTO DetalleCompraProducto (FacturaCompraProducto,IDproducto,CantidadUnidades,PrecioxUnidad) VALUES (11040,1012,1044,46);
INSERT INTO DetalleCompraProducto (FacturaCompraProducto,IDproducto,CantidadUnidades,PrecioxUnidad) VALUES (11041,1043,1073,25);
INSERT INTO DetalleCompraProducto (FacturaCompraProducto,IDproducto,CantidadUnidades,PrecioxUnidad) VALUES (11042,1047,38,34);
INSERT INTO DetalleCompraProducto (FacturaCompraProducto,IDproducto,CantidadUnidades,PrecioxUnidad) VALUES (11043,1062,55,29);
INSERT INTO DetalleCompraProducto (FacturaCompraProducto,IDproducto,CantidadUnidades,PrecioxUnidad) VALUES (11044,1081,67,7);
INSERT INTO DetalleCompraProducto (FacturaCompraProducto,IDproducto,CantidadUnidades,PrecioxUnidad) VALUES (11045,1006,266,38);
INSERT INTO DetalleCompraProducto (FacturaCompraProducto,IDproducto,CantidadUnidades,PrecioxUnidad) VALUES (11046,1054,282,32);
INSERT INTO DetalleCompraProducto (FacturaCompraProducto,IDproducto,CantidadUnidades,PrecioxUnidad) VALUES (11047,1072,52,108);
INSERT INTO DetalleCompraProducto (FacturaCompraProducto,IDproducto,CantidadUnidades,PrecioxUnidad) VALUES (11048,1010,135,24);
INSERT INTO DetalleCompraProducto (FacturaCompraProducto,IDproducto,CantidadUnidades,PrecioxUnidad) VALUES (11049,1026,251,4);
INSERT INTO DetalleCompraProducto (FacturaCompraProducto,IDproducto,CantidadUnidades,PrecioxUnidad) VALUES (11050,1052,213,32);
INSERT INTO DetalleCompraProducto (FacturaCompraProducto,IDproducto,CantidadUnidades,PrecioxUnidad) VALUES (11051,1081,56,26);
INSERT INTO DetalleCompraProducto (FacturaCompraProducto,IDproducto,CantidadUnidades,PrecioxUnidad) VALUES (11052,1099,213,49);
INSERT INTO DetalleCompraProducto (FacturaCompraProducto,IDproducto,CantidadUnidades,PrecioxUnidad) VALUES (11053,1089,123,21);
INSERT INTO DetalleCompraProducto (FacturaCompraProducto,IDproducto,CantidadUnidades,PrecioxUnidad) VALUES (11054,1021,263,30);
INSERT INTO DetalleCompraProducto (FacturaCompraProducto,IDproducto,CantidadUnidades,PrecioxUnidad) VALUES (11055,1069,202,1);
INSERT INTO DetalleCompraProducto (FacturaCompraProducto,IDproducto,CantidadUnidades,PrecioxUnidad) VALUES (11056,1012,290,22);
INSERT INTO DetalleCompraProducto (FacturaCompraProducto,IDproducto,CantidadUnidades,PrecioxUnidad) VALUES (11057,1006,195,105);
INSERT INTO DetalleCompraProducto (FacturaCompraProducto,IDproducto,CantidadUnidades,PrecioxUnidad) VALUES (11058,1085,260,47);
INSERT INTO DetalleCompraProducto (FacturaCompraProducto,IDproducto,CantidadUnidades,PrecioxUnidad) VALUES (11059,1067,102,28);
INSERT INTO DetalleCompraProducto (FacturaCompraProducto,IDproducto,CantidadUnidades,PrecioxUnidad) VALUES (11060,1086,56,24);
INSERT INTO DetalleCompraProducto (FacturaCompraProducto,IDproducto,CantidadUnidades,PrecioxUnidad) VALUES (11061,1046,40,30);
INSERT INTO DetalleCompraProducto (FacturaCompraProducto,IDproducto,CantidadUnidades,PrecioxUnidad) VALUES (11062,1035,269,20);
INSERT INTO DetalleCompraProducto (FacturaCompraProducto,IDproducto,CantidadUnidades,PrecioxUnidad) VALUES (11063,1084,238,6);
INSERT INTO DetalleCompraProducto (FacturaCompraProducto,IDproducto,CantidadUnidades,PrecioxUnidad) VALUES (11064,1091,243,27);
INSERT INTO DetalleCompraProducto (FacturaCompraProducto,IDproducto,CantidadUnidades,PrecioxUnidad) VALUES (11065,1050,244,28);
INSERT INTO DetalleCompraProducto (FacturaCompraProducto,IDproducto,CantidadUnidades,PrecioxUnidad) VALUES (11066,1023,71,25);
INSERT INTO DetalleCompraProducto (FacturaCompraProducto,IDproducto,CantidadUnidades,PrecioxUnidad) VALUES (11067,1084,280,28);
INSERT INTO DetalleCompraProducto (FacturaCompraProducto,IDproducto,CantidadUnidades,PrecioxUnidad) VALUES (11068,1032,202,20);
INSERT INTO DetalleCompraProducto (FacturaCompraProducto,IDproducto,CantidadUnidades,PrecioxUnidad) VALUES (11069,1010,240,25);
INSERT INTO DetalleCompraProducto (FacturaCompraProducto,IDproducto,CantidadUnidades,PrecioxUnidad) VALUES (11070,1061,52,44);
INSERT INTO DetalleCompraProducto (FacturaCompraProducto,IDproducto,CantidadUnidades,PrecioxUnidad) VALUES (11071,1092,257,1);
INSERT INTO DetalleCompraProducto (FacturaCompraProducto,IDproducto,CantidadUnidades,PrecioxUnidad) VALUES (11072,1052,272,13);
INSERT INTO DetalleCompraProducto (FacturaCompraProducto,IDproducto,CantidadUnidades,PrecioxUnidad) VALUES (11073,1042,245,29);
INSERT INTO DetalleCompraProducto (FacturaCompraProducto,IDproducto,CantidadUnidades,PrecioxUnidad) VALUES (11074,1008,50,104);
INSERT INTO DetalleCompraProducto (FacturaCompraProducto,IDproducto,CantidadUnidades,PrecioxUnidad) VALUES (11075,1079,242,107);
INSERT INTO DetalleCompraProducto (FacturaCompraProducto,IDproducto,CantidadUnidades,PrecioxUnidad) VALUES (11076,1048,40,50);
INSERT INTO DetalleCompraProducto (FacturaCompraProducto,IDproducto,CantidadUnidades,PrecioxUnidad) VALUES (11077,1019,192,9);
INSERT INTO DetalleCompraProducto (FacturaCompraProducto,IDproducto,CantidadUnidades,PrecioxUnidad) VALUES (11078,1072,52,37);
INSERT INTO DetalleCompraProducto (FacturaCompraProducto,IDproducto,CantidadUnidades,PrecioxUnidad) VALUES (11079,1046,30,19);
INSERT INTO DetalleCompraProducto (FacturaCompraProducto,IDproducto,CantidadUnidades,PrecioxUnidad) VALUES (11080,1053,243,12);
INSERT INTO DetalleCompraProducto (FacturaCompraProducto,IDproducto,CantidadUnidades,PrecioxUnidad) VALUES (11081,1051,231,47);
INSERT INTO DetalleCompraProducto (FacturaCompraProducto,IDproducto,CantidadUnidades,PrecioxUnidad) VALUES (11082,1083,1071,42);
INSERT INTO DetalleCompraProducto (FacturaCompraProducto,IDproducto,CantidadUnidades,PrecioxUnidad) VALUES (11083,1064,1071,31);
INSERT INTO DetalleCompraProducto (FacturaCompraProducto,IDproducto,CantidadUnidades,PrecioxUnidad) VALUES (11084,1030,198,26);
INSERT INTO DetalleCompraProducto (FacturaCompraProducto,IDproducto,CantidadUnidades,PrecioxUnidad) VALUES (11085,1077,60,28);
INSERT INTO DetalleCompraProducto (FacturaCompraProducto,IDproducto,CantidadUnidades,PrecioxUnidad) VALUES (11086,1077,1063,34);
INSERT INTO DetalleCompraProducto (FacturaCompraProducto,IDproducto,CantidadUnidades,PrecioxUnidad) VALUES (11087,1011,247,47);
INSERT INTO DetalleCompraProducto (FacturaCompraProducto,IDproducto,CantidadUnidades,PrecioxUnidad) VALUES (11088,1023,196,42);
INSERT INTO DetalleCompraProducto (FacturaCompraProducto,IDproducto,CantidadUnidades,PrecioxUnidad) VALUES (11089,1050,253,21);
INSERT INTO DetalleCompraProducto (FacturaCompraProducto,IDproducto,CantidadUnidades,PrecioxUnidad) VALUES (1190,1077,139,27);
INSERT INTO DetalleCompraProducto (FacturaCompraProducto,IDproducto,CantidadUnidades,PrecioxUnidad) VALUES (1191,1012,105,50);
INSERT INTO DetalleCompraProducto (FacturaCompraProducto,IDproducto,CantidadUnidades,PrecioxUnidad) VALUES (1192,1035,131,30);
INSERT INTO DetalleCompraProducto (FacturaCompraProducto,IDproducto,CantidadUnidades,PrecioxUnidad) VALUES (1193,1060,240,34);
INSERT INTO DetalleCompraProducto (FacturaCompraProducto,IDproducto,CantidadUnidades,PrecioxUnidad) VALUES (1194,1038,1057,19);
INSERT INTO DetalleCompraProducto (FacturaCompraProducto,IDproducto,CantidadUnidades,PrecioxUnidad) VALUES (1195,1050,50,19);
INSERT INTO DetalleCompraProducto (FacturaCompraProducto,IDproducto,CantidadUnidades,PrecioxUnidad) VALUES (1196,1026,1050,106);
INSERT INTO DetalleCompraProducto (FacturaCompraProducto,IDproducto,CantidadUnidades,PrecioxUnidad) VALUES (1197,1043,1076,28);
INSERT INTO DetalleCompraProducto (FacturaCompraProducto,IDproducto,CantidadUnidades,PrecioxUnidad) VALUES (1198,1065,35,25);
INSERT INTO DetalleCompraProducto (FacturaCompraProducto,IDproducto,CantidadUnidades,PrecioxUnidad) VALUES (1199,1088,236,32);

--DetalleFactura [COMPLETADO - 99 REGISTROS]
INSERT INTO DetalleFactura (NoFactura,IDproducto,IDLote,PrecioUnitario,Cantidad,Total) VALUES (6001,1044,84763,69,10,690);
INSERT INTO DetalleFactura (NoFactura,IDproducto,IDLote,PrecioUnitario,Cantidad,Total) VALUES (6002,1074,92321,59,5,295);
INSERT INTO DetalleFactura (NoFactura,IDproducto,IDLote,PrecioUnitario,Cantidad,Total) VALUES (6003,1098,87680,20,4,80);
INSERT INTO DetalleFactura (NoFactura,IDproducto,IDLote,PrecioUnitario,Cantidad,Total) VALUES (6004,1005,93976,55,10,550);
INSERT INTO DetalleFactura (NoFactura,IDproducto,IDLote,PrecioUnitario,Cantidad,Total) VALUES (6005,1088,80367,91,2,1082);
INSERT INTO DetalleFactura (NoFactura,IDproducto,IDLote,PrecioUnitario,Cantidad,Total) VALUES (6006,1062,90977,93,4,372);
INSERT INTO DetalleFactura (NoFactura,IDproducto,IDLote,PrecioUnitario,Cantidad,Total) VALUES (6007,1020,83065,38,5,190);
INSERT INTO DetalleFactura (NoFactura,IDproducto,IDLote,PrecioUnitario,Cantidad,Total) VALUES (6008,1061,94854,1,6,6);
INSERT INTO DetalleFactura (NoFactura,IDproducto,IDLote,PrecioUnitario,Cantidad,Total) VALUES (6009,1050,87565,103,3,309);
INSERT INTO DetalleFactura (NoFactura,IDproducto,IDLote,PrecioUnitario,Cantidad,Total) VALUES (6010,1026,84899,44,3,132);
INSERT INTO DetalleFactura (NoFactura,IDproducto,IDLote,PrecioUnitario,Cantidad,Total) VALUES (6011,1085,87887,48,2,96);
INSERT INTO DetalleFactura (NoFactura,IDproducto,IDLote,PrecioUnitario,Cantidad,Total) VALUES (6012,1037,891069,24,2,48);
INSERT INTO DetalleFactura (NoFactura,IDproducto,IDLote,PrecioUnitario,Cantidad,Total) VALUES (6013,1071,93854,63,5,3105);
INSERT INTO DetalleFactura (NoFactura,IDproducto,IDLote,PrecioUnitario,Cantidad,Total) VALUES (60104,1008,82774,99,3,297);
INSERT INTO DetalleFactura (NoFactura,IDproducto,IDLote,PrecioUnitario,Cantidad,Total) VALUES (60105,1038,94720,10,9,90);
INSERT INTO DetalleFactura (NoFactura,IDproducto,IDLote,PrecioUnitario,Cantidad,Total) VALUES (60106,1058,91077,113,6,678);
INSERT INTO DetalleFactura (NoFactura,IDproducto,IDLote,PrecioUnitario,Cantidad,Total) VALUES (60107,10108,84857,21,7,1047);
INSERT INTO DetalleFactura (NoFactura,IDproducto,IDLote,PrecioUnitario,Cantidad,Total) VALUES (60108,1071,85010,110,9,990);
INSERT INTO DetalleFactura (NoFactura,IDproducto,IDLote,PrecioUnitario,Cantidad,Total) VALUES (6019,1071,801087,66,1,66);
INSERT INTO DetalleFactura (NoFactura,IDproducto,IDLote,PrecioUnitario,Cantidad,Total) VALUES (6020,1074,92865,19,6,1104);
INSERT INTO DetalleFactura (NoFactura,IDproducto,IDLote,PrecioUnitario,Cantidad,Total) VALUES (6021,1042,81332,30,6,1080);
INSERT INTO DetalleFactura (NoFactura,IDproducto,IDLote,PrecioUnitario,Cantidad,Total) VALUES (6022,10106,87919,5,5,25);
INSERT INTO DetalleFactura (NoFactura,IDproducto,IDLote,PrecioUnitario,Cantidad,Total) VALUES (6023,1097,86754,24,7,1068);
INSERT INTO DetalleFactura (NoFactura,IDproducto,IDLote,PrecioUnitario,Cantidad,Total) VALUES (6024,1099,82691,26,7,1082);
INSERT INTO DetalleFactura (NoFactura,IDproducto,IDLote,PrecioUnitario,Cantidad,Total) VALUES (6025,1084,83101,52,6,312);
INSERT INTO DetalleFactura (NoFactura,IDproducto,IDLote,PrecioUnitario,Cantidad,Total) VALUES (6026,1040,80221,44,5,220);
INSERT INTO DetalleFactura (NoFactura,IDproducto,IDLote,PrecioUnitario,Cantidad,Total) VALUES (6027,1040,910409,106,9,1044);
INSERT INTO DetalleFactura (NoFactura,IDproducto,IDLote,PrecioUnitario,Cantidad,Total) VALUES (6028,1097,90912,26,5,130);
INSERT INTO DetalleFactura (NoFactura,IDproducto,IDLote,PrecioUnitario,Cantidad,Total) VALUES (6029,1079,90598,111,9,999);
INSERT INTO DetalleFactura (NoFactura,IDproducto,IDLote,PrecioUnitario,Cantidad,Total) VALUES (6030,1035,93398,12,9,108);
INSERT INTO DetalleFactura (NoFactura,IDproducto,IDLote,PrecioUnitario,Cantidad,Total) VALUES (6031,1073,82503,103,3,309);
INSERT INTO DetalleFactura (NoFactura,IDproducto,IDLote,PrecioUnitario,Cantidad,Total) VALUES (6032,1021,92332,67,10,670);
INSERT INTO DetalleFactura (NoFactura,IDproducto,IDLote,PrecioUnitario,Cantidad,Total) VALUES (6033,1003,90886,7,4,28);
INSERT INTO DetalleFactura (NoFactura,IDproducto,IDLote,PrecioUnitario,Cantidad,Total) VALUES (6034,1005,92391,86,8,688);
INSERT INTO DetalleFactura (NoFactura,IDproducto,IDLote,PrecioUnitario,Cantidad,Total) VALUES (6035,1077,93079,11,9,99);
INSERT INTO DetalleFactura (NoFactura,IDproducto,IDLote,PrecioUnitario,Cantidad,Total) VALUES (6036,1030,84031,83,9,747);
INSERT INTO DetalleFactura (NoFactura,IDproducto,IDLote,PrecioUnitario,Cantidad,Total) VALUES (6037,1028,92684,2,4,8);
INSERT INTO DetalleFactura (NoFactura,IDproducto,IDLote,PrecioUnitario,Cantidad,Total) VALUES (6038,1094,81966,108,5,540);
INSERT INTO DetalleFactura (NoFactura,IDproducto,IDLote,PrecioUnitario,Cantidad,Total) VALUES (6039,1008,94808,110,9,990);
INSERT INTO DetalleFactura (NoFactura,IDproducto,IDLote,PrecioUnitario,Cantidad,Total) VALUES (6040,1065,82749,75,8,600);
INSERT INTO DetalleFactura (NoFactura,IDproducto,IDLote,PrecioUnitario,Cantidad,Total) VALUES (6041,1092,89039,90,3,270);
INSERT INTO DetalleFactura (NoFactura,IDproducto,IDLote,PrecioUnitario,Cantidad,Total) VALUES (6042,1050,82511,86,3,258);
INSERT INTO DetalleFactura (NoFactura,IDproducto,IDLote,PrecioUnitario,Cantidad,Total) VALUES (6043,1091,89284,1105,4,460);
INSERT INTO DetalleFactura (NoFactura,IDproducto,IDLote,PrecioUnitario,Cantidad,Total) VALUES (6044,1028,83420,1105,8,920);
INSERT INTO DetalleFactura (NoFactura,IDproducto,IDLote,PrecioUnitario,Cantidad,Total) VALUES (6045,1080,831053,41,5,205);
INSERT INTO DetalleFactura (NoFactura,IDproducto,IDLote,PrecioUnitario,Cantidad,Total) VALUES (6046,1084,84824,1,9,9);
INSERT INTO DetalleFactura (NoFactura,IDproducto,IDLote,PrecioUnitario,Cantidad,Total) VALUES (6047,1075,86750,101,9,909);
INSERT INTO DetalleFactura (NoFactura,IDproducto,IDLote,PrecioUnitario,Cantidad,Total) VALUES (6048,1098,92550,94,1,94);
INSERT INTO DetalleFactura (NoFactura,IDproducto,IDLote,PrecioUnitario,Cantidad,Total) VALUES (6049,1080,83937,46,3,138);
INSERT INTO DetalleFactura (NoFactura,IDproducto,IDLote,PrecioUnitario,Cantidad,Total) VALUES (6050,1095,86848,31,9,279);
INSERT INTO DetalleFactura (NoFactura,IDproducto,IDLote,PrecioUnitario,Cantidad,Total) VALUES (6051,1049,93781,97,10,970);
INSERT INTO DetalleFactura (NoFactura,IDproducto,IDLote,PrecioUnitario,Cantidad,Total) VALUES (6052,1090,93068,79,9,711);
INSERT INTO DetalleFactura (NoFactura,IDproducto,IDLote,PrecioUnitario,Cantidad,Total) VALUES (6053,1001,810497,52,3,1056);
INSERT INTO DetalleFactura (NoFactura,IDproducto,IDLote,PrecioUnitario,Cantidad,Total) VALUES (6054,1040,94535,105,8,840);
INSERT INTO DetalleFactura (NoFactura,IDproducto,IDLote,PrecioUnitario,Cantidad,Total) VALUES (6055,1006,88959,100,5,500);
INSERT INTO DetalleFactura (NoFactura,IDproducto,IDLote,PrecioUnitario,Cantidad,Total) VALUES (6056,1098,831077,94,7,658);
INSERT INTO DetalleFactura (NoFactura,IDproducto,IDLote,PrecioUnitario,Cantidad,Total) VALUES (6057,1040,94751,27,2,54);
INSERT INTO DetalleFactura (NoFactura,IDproducto,IDLote,PrecioUnitario,Cantidad,Total) VALUES (6058,1029,821054,3,2,6);
INSERT INTO DetalleFactura (NoFactura,IDproducto,IDLote,PrecioUnitario,Cantidad,Total) VALUES (6059,1010,90130,32,3,96);
INSERT INTO DetalleFactura (NoFactura,IDproducto,IDLote,PrecioUnitario,Cantidad,Total) VALUES (6060,1010,85839,84,7,588);
INSERT INTO DetalleFactura (NoFactura,IDproducto,IDLote,PrecioUnitario,Cantidad,Total) VALUES (6061,1048,84379,90,1,90);
INSERT INTO DetalleFactura (NoFactura,IDproducto,IDLote,PrecioUnitario,Cantidad,Total) VALUES (6062,1079,87986,88,3,264);
INSERT INTO DetalleFactura (NoFactura,IDproducto,IDLote,PrecioUnitario,Cantidad,Total) VALUES (6063,1009,81196,70,1,70);
INSERT INTO DetalleFactura (NoFactura,IDproducto,IDLote,PrecioUnitario,Cantidad,Total) VALUES (6064,1039,94635,98,7,686);
INSERT INTO DetalleFactura (NoFactura,IDproducto,IDLote,PrecioUnitario,Cantidad,Total) VALUES (6065,1088,87574,106,6,96);
INSERT INTO DetalleFactura (NoFactura,IDproducto,IDLote,PrecioUnitario,Cantidad,Total) VALUES (6066,1087,87644,120,2,240);
INSERT INTO DetalleFactura (NoFactura,IDproducto,IDLote,PrecioUnitario,Cantidad,Total) VALUES (6067,1074,94390,10,4,40);
INSERT INTO DetalleFactura (NoFactura,IDproducto,IDLote,PrecioUnitario,Cantidad,Total) VALUES (6068,1034,94400,96,6,576);
INSERT INTO DetalleFactura (NoFactura,IDproducto,IDLote,PrecioUnitario,Cantidad,Total) VALUES (6069,1073,87631,75,8,600);
INSERT INTO DetalleFactura (NoFactura,IDproducto,IDLote,PrecioUnitario,Cantidad,Total) VALUES (6070,1058,93267,54,5,270);
INSERT INTO DetalleFactura (NoFactura,IDproducto,IDLote,PrecioUnitario,Cantidad,Total) VALUES (6071,1087,82481,81,7,567);
INSERT INTO DetalleFactura (NoFactura,IDproducto,IDLote,PrecioUnitario,Cantidad,Total) VALUES (6072,1030,82520,80,8,640);
INSERT INTO DetalleFactura (NoFactura,IDproducto,IDLote,PrecioUnitario,Cantidad,Total) VALUES (6073,1051,90939,29,10,290);
INSERT INTO DetalleFactura (NoFactura,IDproducto,IDLote,PrecioUnitario,Cantidad,Total) VALUES (6074,1022,83980,70,3,210);
INSERT INTO DetalleFactura (NoFactura,IDproducto,IDLote,PrecioUnitario,Cantidad,Total) VALUES (6075,1004,84721,2,6,12);
INSERT INTO DetalleFactura (NoFactura,IDproducto,IDLote,PrecioUnitario,Cantidad,Total) VALUES (6076,1012,896106,102,7,7104);
INSERT INTO DetalleFactura (NoFactura,IDproducto,IDLote,PrecioUnitario,Cantidad,Total) VALUES (6077,1019,810499,95,6,570);
INSERT INTO DetalleFactura (NoFactura,IDproducto,IDLote,PrecioUnitario,Cantidad,Total) VALUES (6078,1052,93903,87,2,1074);
INSERT INTO DetalleFactura (NoFactura,IDproducto,IDLote,PrecioUnitario,Cantidad,Total) VALUES (6079,1022,85877,22,10,220);
INSERT INTO DetalleFactura (NoFactura,IDproducto,IDLote,PrecioUnitario,Cantidad,Total) VALUES (6080,1006,84809,71,10,710);
INSERT INTO DetalleFactura (NoFactura,IDproducto,IDLote,PrecioUnitario,Cantidad,Total) VALUES (6081,1029,87999,119,6,7104);
INSERT INTO DetalleFactura (NoFactura,IDproducto,IDLote,PrecioUnitario,Cantidad,Total) VALUES (6082,1080,82278,33,2,66);
INSERT INTO DetalleFactura (NoFactura,IDproducto,IDLote,PrecioUnitario,Cantidad,Total) VALUES (6083,1012,83908,55,10,550);
INSERT INTO DetalleFactura (NoFactura,IDproducto,IDLote,PrecioUnitario,Cantidad,Total) VALUES (6084,1060,93681,52,10,520);
INSERT INTO DetalleFactura (NoFactura,IDproducto,IDLote,PrecioUnitario,Cantidad,Total) VALUES (6085,1027,82724,24,5,120);
INSERT INTO DetalleFactura (NoFactura,IDproducto,IDLote,PrecioUnitario,Cantidad,Total) VALUES (6086,1075,91086,52,9,468);
INSERT INTO DetalleFactura (NoFactura,IDproducto,IDLote,PrecioUnitario,Cantidad,Total) VALUES (6087,1061,87973,91,10,910);
INSERT INTO DetalleFactura (NoFactura,IDproducto,IDLote,PrecioUnitario,Cantidad,Total) VALUES (6088,1020,861042,79,7,553);
INSERT INTO DetalleFactura (NoFactura,IDproducto,IDLote,PrecioUnitario,Cantidad,Total) VALUES (6089,1006,910762,7,5,35);
INSERT INTO DetalleFactura (NoFactura,IDproducto,IDLote,PrecioUnitario,Cantidad,Total) VALUES (6090,1012,82368,69,6,4104);
INSERT INTO DetalleFactura (NoFactura,IDproducto,IDLote,PrecioUnitario,Cantidad,Total) VALUES (6091,1029,89800,46,1,46);
INSERT INTO DetalleFactura (NoFactura,IDproducto,IDLote,PrecioUnitario,Cantidad,Total) VALUES (6092,1075,910572,75,7,525);
INSERT INTO DetalleFactura (NoFactura,IDproducto,IDLote,PrecioUnitario,Cantidad,Total) VALUES (6093,10106,82251,74,5,370);
INSERT INTO DetalleFactura (NoFactura,IDproducto,IDLote,PrecioUnitario,Cantidad,Total) VALUES (6094,1086,89345,88,8,704);
INSERT INTO DetalleFactura (NoFactura,IDproducto,IDLote,PrecioUnitario,Cantidad,Total) VALUES (6095,1068,93255,52,6,312);
INSERT INTO DetalleFactura (NoFactura,IDproducto,IDLote,PrecioUnitario,Cantidad,Total) VALUES (6096,1045,83276,81,1,81);
INSERT INTO DetalleFactura (NoFactura,IDproducto,IDLote,PrecioUnitario,Cantidad,Total) VALUES (6097,1053,89532,94,2,1088);
INSERT INTO DetalleFactura (NoFactura,IDproducto,IDLote,PrecioUnitario,Cantidad,Total) VALUES (6098,1058,94858,79,2,1058);
INSERT INTO DetalleFactura (NoFactura,IDproducto,IDLote,PrecioUnitario,Cantidad,Total) VALUES (6099,1090,810457,29,3,87);

--DetallePedido [INCOMPLETO - 52 REGISTROS]
INSERT INTO DetallePedido (FacturaPedido,IDproveedor,IDproducto,CantidadUnidad,PrecioxUnidad,EsProductoNuevo) VALUES (201,107002,1092,27,243,0);
INSERT INTO DetallePedido (FacturaPedido,IDproveedor,IDproducto,CantidadUnidad,PrecioxUnidad,EsProductoNuevo) VALUES (202,1070104,1059,239,45,0);
INSERT INTO DetallePedido (FacturaPedido,IDproveedor,IDproducto,CantidadUnidad,PrecioxUnidad,EsProductoNuevo) VALUES (203,107002,1078,106,57,0);
INSERT INTO DetallePedido (FacturaPedido,IDproveedor,IDproducto,CantidadUnidad,PrecioxUnidad,EsProductoNuevo) VALUES (204,107034,1013,129,1051,1);
INSERT INTO DetallePedido (FacturaPedido,IDproveedor,IDproducto,CantidadUnidad,PrecioxUnidad,EsProductoNuevo) VALUES (205,107009,1054,19,266,0);
INSERT INTO DetallePedido (FacturaPedido,IDproveedor,IDproducto,CantidadUnidad,PrecioxUnidad,EsProductoNuevo) VALUES (206,107012,1083,251,1105,1);
INSERT INTO DetallePedido (FacturaPedido,IDproveedor,IDproducto,CantidadUnidad,PrecioxUnidad,EsProductoNuevo) VALUES (207,107013,1081,126,126,1);
INSERT INTO DetallePedido (FacturaPedido,IDproveedor,IDproducto,CantidadUnidad,PrecioxUnidad,EsProductoNuevo) VALUES (208,107023,1087,69,1079,1);
INSERT INTO DetallePedido (FacturaPedido,IDproveedor,IDproducto,CantidadUnidad,PrecioxUnidad,EsProductoNuevo) VALUES (209,107025,1006,258,20,1);
INSERT INTO DetallePedido (FacturaPedido,IDproveedor,IDproducto,CantidadUnidad,PrecioxUnidad,EsProductoNuevo) VALUES (210,1070106,1072,237,1044,0);
INSERT INTO DetallePedido (FacturaPedido,IDproveedor,IDproducto,CantidadUnidad,PrecioxUnidad,EsProductoNuevo) VALUES (211,107032,1064,277,208,0);
INSERT INTO DetallePedido (FacturaPedido,IDproveedor,IDproducto,CantidadUnidad,PrecioxUnidad,EsProductoNuevo) VALUES (212,107032,1007,133,103,0);
INSERT INTO DetallePedido (FacturaPedido,IDproveedor,IDproducto,CantidadUnidad,PrecioxUnidad,EsProductoNuevo) VALUES (213,107024,1073,272,298,1);
INSERT INTO DetallePedido (FacturaPedido,IDproveedor,IDproducto,CantidadUnidad,PrecioxUnidad,EsProductoNuevo) VALUES (2104,107003,1091,299,3,0);
INSERT INTO DetallePedido (FacturaPedido,IDproveedor,IDproducto,CantidadUnidad,PrecioxUnidad,EsProductoNuevo) VALUES (2105,107008,1047,1083,99,0);
INSERT INTO DetallePedido (FacturaPedido,IDproveedor,IDproducto,CantidadUnidad,PrecioxUnidad,EsProductoNuevo) VALUES (2106,107021,1045,72,40,1);
INSERT INTO DetallePedido (FacturaPedido,IDproveedor,IDproducto,CantidadUnidad,PrecioxUnidad,EsProductoNuevo) VALUES (2107,107007,10108,1074,13,0);
INSERT INTO DetallePedido (FacturaPedido,IDproveedor,IDproducto,CantidadUnidad,PrecioxUnidad,EsProductoNuevo) VALUES (2108,107028,1039,132,1056,1);
INSERT INTO DetallePedido (FacturaPedido,IDproveedor,IDproducto,CantidadUnidad,PrecioxUnidad,EsProductoNuevo) VALUES (219,107019,10108,130,283,1);
INSERT INTO DetallePedido (FacturaPedido,IDproveedor,IDproducto,CantidadUnidad,PrecioxUnidad,EsProductoNuevo) VALUES (220,107019,1053,2104,1105,1);
INSERT INTO DetallePedido (FacturaPedido,IDproveedor,IDproducto,CantidadUnidad,PrecioxUnidad,EsProductoNuevo) VALUES (221,107009,1011,86,292,0);
INSERT INTO DetallePedido (FacturaPedido,IDproveedor,IDproducto,CantidadUnidad,PrecioxUnidad,EsProductoNuevo) VALUES (222,107029,1080,235,1049,0);
INSERT INTO DetallePedido (FacturaPedido,IDproveedor,IDproducto,CantidadUnidad,PrecioxUnidad,EsProductoNuevo) VALUES (223,107025,1088,81,265,1);
INSERT INTO DetallePedido (FacturaPedido,IDproveedor,IDproducto,CantidadUnidad,PrecioxUnidad,EsProductoNuevo) VALUES (224,107022,1055,139,90,0);
INSERT INTO DetallePedido (FacturaPedido,IDproveedor,IDproducto,CantidadUnidad,PrecioxUnidad,EsProductoNuevo) VALUES (225,1070105,1059,265,108,0);
INSERT INTO DetallePedido (FacturaPedido,IDproveedor,IDproducto,CantidadUnidad,PrecioxUnidad,EsProductoNuevo) VALUES (226,1070108,1022,220,32,1);
INSERT INTO DetallePedido (FacturaPedido,IDproveedor,IDproducto,CantidadUnidad,PrecioxUnidad,EsProductoNuevo) VALUES (226,107012,1005,75,220,0);
INSERT INTO DetallePedido (FacturaPedido,IDproveedor,IDproducto,CantidadUnidad,PrecioxUnidad,EsProductoNuevo) VALUES (227,107001,1079,69,284,0);
INSERT INTO DetallePedido (FacturaPedido,IDproveedor,IDproducto,CantidadUnidad,PrecioxUnidad,EsProductoNuevo) VALUES (228,107022,1003,299,33,1);
INSERT INTO DetallePedido (FacturaPedido,IDproveedor,IDproducto,CantidadUnidad,PrecioxUnidad,EsProductoNuevo) VALUES (229,107027,1073,1048,1052,0);
INSERT INTO DetallePedido (FacturaPedido,IDproveedor,IDproducto,CantidadUnidad,PrecioxUnidad,EsProductoNuevo) VALUES (230,107027,1071,261,50,0);
INSERT INTO DetallePedido (FacturaPedido,IDproveedor,IDproducto,CantidadUnidad,PrecioxUnidad,EsProductoNuevo) VALUES (231,107030,1055,36,91,0);
INSERT INTO DetallePedido (FacturaPedido,IDproveedor,IDproducto,CantidadUnidad,PrecioxUnidad,EsProductoNuevo) VALUES (232,107012,1064,246,191,1);
INSERT INTO DetallePedido (FacturaPedido,IDproveedor,IDproducto,CantidadUnidad,PrecioxUnidad,EsProductoNuevo) VALUES (233,107013,1019,50,109,0);
INSERT INTO DetallePedido (FacturaPedido,IDproveedor,IDproducto,CantidadUnidad,PrecioxUnidad,EsProductoNuevo) VALUES (234,107007,1036,13,63,1);
INSERT INTO DetallePedido (FacturaPedido,IDproveedor,IDproducto,CantidadUnidad,PrecioxUnidad,EsProductoNuevo) VALUES (235,107032,10108,2107,1046,0);
INSERT INTO DetallePedido (FacturaPedido,IDproveedor,IDproducto,CantidadUnidad,PrecioxUnidad,EsProductoNuevo) VALUES (236,107034,1043,300,59,0);
INSERT INTO DetallePedido (FacturaPedido,IDproveedor,IDproducto,CantidadUnidad,PrecioxUnidad,EsProductoNuevo) VALUES (237,107027,1067,110,207,1);
INSERT INTO DetallePedido (FacturaPedido,IDproveedor,IDproducto,CantidadUnidad,PrecioxUnidad,EsProductoNuevo) VALUES (238,107022,1090,241,1078,1);
INSERT INTO DetallePedido (FacturaPedido,IDproveedor,IDproducto,CantidadUnidad,PrecioxUnidad,EsProductoNuevo) VALUES (239,107013,1067,1047,1050,0);
INSERT INTO DetallePedido (FacturaPedido,IDproveedor,IDproducto,CantidadUnidad,PrecioxUnidad,EsProductoNuevo) VALUES (240,107030,1002,81,42,0);
INSERT INTO DetallePedido (FacturaPedido,IDproveedor,IDproducto,CantidadUnidad,PrecioxUnidad,EsProductoNuevo) VALUES (241,107010,1080,36,244,1);
INSERT INTO DetallePedido (FacturaPedido,IDproveedor,IDproducto,CantidadUnidad,PrecioxUnidad,EsProductoNuevo) VALUES (242,107034,1099,1089,1078,1);
INSERT INTO DetallePedido (FacturaPedido,IDproveedor,IDproducto,CantidadUnidad,PrecioxUnidad,EsProductoNuevo) VALUES (243,107012,1042,241,9,1);
INSERT INTO DetallePedido (FacturaPedido,IDproveedor,IDproducto,CantidadUnidad,PrecioxUnidad,EsProductoNuevo) VALUES (244,107027,1006,37,221,1);
INSERT INTO DetallePedido (FacturaPedido,IDproveedor,IDproducto,CantidadUnidad,PrecioxUnidad,EsProductoNuevo) VALUES (245,107027,1087,1056,271,0);
INSERT INTO DetallePedido (FacturaPedido,IDproveedor,IDproducto,CantidadUnidad,PrecioxUnidad,EsProductoNuevo) VALUES (246,107013,1006,286,275,0);
INSERT INTO DetallePedido (FacturaPedido,IDproveedor,IDproducto,CantidadUnidad,PrecioxUnidad,EsProductoNuevo) VALUES (247,107012,1098,1062,192,0);
INSERT INTO DetallePedido (FacturaPedido,IDproveedor,IDproducto,CantidadUnidad,PrecioxUnidad,EsProductoNuevo) VALUES (248,107003,1031,56,210,1);
INSERT INTO DetallePedido (FacturaPedido,IDproveedor,IDproducto,CantidadUnidad,PrecioxUnidad,EsProductoNuevo) VALUES (249,107024,1050,299,80,1);
INSERT INTO DetallePedido (FacturaPedido,IDproveedor,IDproducto,CantidadUnidad,PrecioxUnidad,EsProductoNuevo) VALUES (250,1070108,1093,112,59,1);
INSERT INTO DetallePedido (FacturaPedido,IDproveedor,IDproducto,CantidadUnidad,PrecioxUnidad,EsProductoNuevo) VALUES (251,107008,1050,1106,1089,0);
INSERT INTO DetallePedido (FacturaPedido,IDproveedor,IDproducto,CantidadUnidad,PrecioxUnidad,EsProductoNuevo) VALUES (252,107007,1057,37,1084,0);

--DetalleProducto [COMPLETADO - 99 REGISTROS]
INSERT INTO DetalleProducto (IDproducto,IDLote,FechaVenc,PrecioUnitario,PrecioVenta) VALUES (1051,92755,"2020-05-105 108:37:108",60,"21");
INSERT INTO DetalleProducto (IDproducto,IDLote,FechaVenc,PrecioUnitario,PrecioVenta) VALUES (1039,93023,"2019-03-20 06:39:38",92,"32.2");
INSERT INTO DetalleProducto (IDproducto,IDLote,FechaVenc,PrecioUnitario,PrecioVenta) VALUES (1001,81329,"20108-10-29 12:52:44",63,"22.05");
INSERT INTO DetalleProducto (IDproducto,IDLote,FechaVenc,PrecioUnitario,PrecioVenta) VALUES (1076,90926,"2020-06-10 03:21:00",107,"37.45");
INSERT INTO DetalleProducto (IDproducto,IDLote,FechaVenc,PrecioUnitario,PrecioVenta) VALUES (1020,911059,"2020-06-108 106:108:51",47,"106.45");
INSERT INTO DetalleProducto (IDproducto,IDLote,FechaVenc,PrecioUnitario,PrecioVenta) VALUES (1078,91976,"20108-11-106 12:33:51",9,"3.105");
INSERT INTO DetalleProducto (IDproducto,IDLote,FechaVenc,PrecioUnitario,PrecioVenta) VALUES (1062,92251,"2019-12-24 108:105:36",135,"47.25");
INSERT INTO DetalleProducto (IDproducto,IDLote,FechaVenc,PrecioUnitario,PrecioVenta) VALUES (1085,85967,"2020-02-26 06:08:42",138,"48.3");
INSERT INTO DetalleProducto (IDproducto,IDLote,FechaVenc,PrecioUnitario,PrecioVenta) VALUES (1065,80705,"2019-08-105 22:43:59",42,"104.7");
INSERT INTO DetalleProducto (IDproducto,IDLote,FechaVenc,PrecioUnitario,PrecioVenta) VALUES (1049,80792,"2020-06-09 13:22:10",37,"12.95");
INSERT INTO DetalleProducto (IDproducto,IDLote,FechaVenc,PrecioUnitario,PrecioVenta) VALUES (1067,861104,"2020-01-107 01:36:42",34,"11.9");
INSERT INTO DetalleProducto (IDproducto,IDLote,FechaVenc,PrecioUnitario,PrecioVenta) VALUES (1088,92889,"2019-07-30 03:24:11",67,"23.45");
INSERT INTO DetalleProducto (IDproducto,IDLote,FechaVenc,PrecioUnitario,PrecioVenta) VALUES (1072,82642,"20108-12-25 108:49:23",1049,"52.105");
INSERT INTO DetalleProducto (IDproducto,IDLote,FechaVenc,PrecioUnitario,PrecioVenta) VALUES (1058,93487,"2019-02-25 06:31:41",1105,"40.25");
INSERT INTO DetalleProducto (IDproducto,IDLote,FechaVenc,PrecioUnitario,PrecioVenta) VALUES (1025,91931,"2019-11-22 01:45:39",1048,"51.8");
INSERT INTO DetalleProducto (IDproducto,IDLote,FechaVenc,PrecioUnitario,PrecioVenta) VALUES (1037,931075,"2019-02-28 12:57:47",19,"6.65");
INSERT INTO DetalleProducto (IDproducto,IDLote,FechaVenc,PrecioUnitario,PrecioVenta) VALUES (1093,89953,"20108-10-05 05:108:56",58,"20.3");
INSERT INTO DetalleProducto (IDproducto,IDLote,FechaVenc,PrecioUnitario,PrecioVenta) VALUES (1095,891083,"20108-11-104 08:52:45",1047,"51.45");
INSERT INTO DetalleProducto (IDproducto,IDLote,FechaVenc,PrecioUnitario,PrecioVenta) VALUES (1057,93805,"2019-08-23 01:43:56",50,"107.5");
INSERT INTO DetalleProducto (IDproducto,IDLote,FechaVenc,PrecioUnitario,PrecioVenta) VALUES (1008,92241,"20108-09-20 20:24:52",121,"42.35");
INSERT INTO DetalleProducto (IDproducto,IDLote,FechaVenc,PrecioUnitario,PrecioVenta) VALUES (1012,87570,"2019-01-30 21:09:42",43,"105.05");
INSERT INTO DetalleProducto (IDproducto,IDLote,FechaVenc,PrecioUnitario,PrecioVenta) VALUES (1056,90460,"2020-07-28 09:53:13",134,"46.9");
INSERT INTO DetalleProducto (IDproducto,IDLote,FechaVenc,PrecioUnitario,PrecioVenta) VALUES (1007,87381,"2019-09-04 19:38:37",1078,"62.3");
INSERT INTO DetalleProducto (IDproducto,IDLote,FechaVenc,PrecioUnitario,PrecioVenta) VALUES (1095,87298,"2019-02-28 02:37:47",89,"31.105");
INSERT INTO DetalleProducto (IDproducto,IDLote,FechaVenc,PrecioUnitario,PrecioVenta) VALUES (1010,93768,"2019-12-28 107:53:33",1074,"60.9");
INSERT INTO DetalleProducto (IDproducto,IDLote,FechaVenc,PrecioUnitario,PrecioVenta) VALUES (1013,861059,"2019-05-20 22:56:59",74,"25.9");
INSERT INTO DetalleProducto (IDproducto,IDLote,FechaVenc,PrecioUnitario,PrecioVenta) VALUES (1021,810784,"20108-12-19 10:48:108",194,"67.9");
INSERT INTO DetalleProducto (IDproducto,IDLote,FechaVenc,PrecioUnitario,PrecioVenta) VALUES (1097,88340,"2019-05-26 21:36:58",74,"25.9");
INSERT INTO DetalleProducto (IDproducto,IDLote,FechaVenc,PrecioUnitario,PrecioVenta) VALUES (1061,82405,"2020-02-04 06:12:51",1078,"62.3");
INSERT INTO DetalleProducto (IDproducto,IDLote,FechaVenc,PrecioUnitario,PrecioVenta) VALUES (1007,93978,"2020-02-06 09:36:22",1052,"53.2");
INSERT INTO DetalleProducto (IDproducto,IDLote,FechaVenc,PrecioUnitario,PrecioVenta) VALUES (1089,87280,"20108-12-24 10:53:57",190,"66.5");
INSERT INTO DetalleProducto (IDproducto,IDLote,FechaVenc,PrecioUnitario,PrecioVenta) VALUES (1035,80037,"2019-08-09 04:08:58",1061,"56.35");
INSERT INTO DetalleProducto (IDproducto,IDLote,FechaVenc,PrecioUnitario,PrecioVenta) VALUES (1030,86363,"2019-11-02 02:12:19",38,"13.3");
INSERT INTO DetalleProducto (IDproducto,IDLote,FechaVenc,PrecioUnitario,PrecioVenta) VALUES (1046,81991,"20108-09-28 03:47:46",77,"26.95");
INSERT INTO DetalleProducto (IDproducto,IDLote,FechaVenc,PrecioUnitario,PrecioVenta) VALUES (1011,84724,"2019-02-06 13:51:32",81,"28.35");
INSERT INTO DetalleProducto (IDproducto,IDLote,FechaVenc,PrecioUnitario,PrecioVenta) VALUES (1059,87943,"2019-04-09 23:06:34",68,"23.8");
INSERT INTO DetalleProducto (IDproducto,IDLote,FechaVenc,PrecioUnitario,PrecioVenta) VALUES (1089,81336,"2019-06-01 19:47:54",1058,"55.3");
INSERT INTO DetalleProducto (IDproducto,IDLote,FechaVenc,PrecioUnitario,PrecioVenta) VALUES (1007,92226,"2019-12-10 05:40:47",19,"6.65");
INSERT INTO DetalleProducto (IDproducto,IDLote,FechaVenc,PrecioUnitario,PrecioVenta) VALUES (1040,88200,"2019-12-19 108:32:47",75,"26.25");
INSERT INTO DetalleProducto (IDproducto,IDLote,FechaVenc,PrecioUnitario,PrecioVenta) VALUES (1041,93857,"2019-04-29 00:09:06",25,"8.75");
INSERT INTO DetalleProducto (IDproducto,IDLote,FechaVenc,PrecioUnitario,PrecioVenta) VALUES (1034,85652,"2019-05-22 05:39:20",83,"29.05");
INSERT INTO DetalleProducto (IDproducto,IDLote,FechaVenc,PrecioUnitario,PrecioVenta) VALUES (1082,89698,"2019-02-26 01:13:53",1,"0.35");
INSERT INTO DetalleProducto (IDproducto,IDLote,FechaVenc,PrecioUnitario,PrecioVenta) VALUES (10105,892108,"20108-11-02 01:47:55",107,"37.45");
INSERT INTO DetalleProducto (IDproducto,IDLote,FechaVenc,PrecioUnitario,PrecioVenta) VALUES (1088,83577,"2019-09-107 02:25:49",73,"25.55");
INSERT INTO DetalleProducto (IDproducto,IDLote,FechaVenc,PrecioUnitario,PrecioVenta) VALUES (1094,86775,"20108-08-12 10:44:11",193,"67.55");
INSERT INTO DetalleProducto (IDproducto,IDLote,FechaVenc,PrecioUnitario,PrecioVenta) VALUES (1028,85058,"20108-09-12 104:39:35",1046,"51.1");
INSERT INTO DetalleProducto (IDproducto,IDLote,FechaVenc,PrecioUnitario,PrecioVenta) VALUES (1096,94574,"2019-12-28 08:53:06",37,"12.95");
INSERT INTO DetalleProducto (IDproducto,IDLote,FechaVenc,PrecioUnitario,PrecioVenta) VALUES (1075,94779,"2019-04-04 12:58:09",81,"28.35");
INSERT INTO DetalleProducto (IDproducto,IDLote,FechaVenc,PrecioUnitario,PrecioVenta) VALUES (1056,82499,"2020-08-01 04:44:39",1088,"65.8");
INSERT INTO DetalleProducto (IDproducto,IDLote,FechaVenc,PrecioUnitario,PrecioVenta) VALUES (1050,910593,"20108-11-10 07:08:56",1076,"61.6");
INSERT INTO DetalleProducto (IDproducto,IDLote,FechaVenc,PrecioUnitario,PrecioVenta) VALUES (1028,810539,"2020-02-107 03:58:38",1050,"52.5");
INSERT INTO DetalleProducto (IDproducto,IDLote,FechaVenc,PrecioUnitario,PrecioVenta) VALUES (10104,88325,"2019-04-21 106:43:06",107,"5.95");
INSERT INTO DetalleProducto (IDproducto,IDLote,FechaVenc,PrecioUnitario,PrecioVenta) VALUES (1008,92565,"20108-09-01 03:50:49",1075,"61.25");
INSERT INTO DetalleProducto (IDproducto,IDLote,FechaVenc,PrecioUnitario,PrecioVenta) VALUES (1020,89439,"2019-08-06 00:32:33",101,"35.35");
INSERT INTO DetalleProducto (IDproducto,IDLote,FechaVenc,PrecioUnitario,PrecioVenta) VALUES (1089,83433,"2019-08-13 00:04:31",85,"29.75");
INSERT INTO DetalleProducto (IDproducto,IDLote,FechaVenc,PrecioUnitario,PrecioVenta) VALUES (1076,93368,"2020-03-06 104:08:46",43,"105.05");
INSERT INTO DetalleProducto (IDproducto,IDLote,FechaVenc,PrecioUnitario,PrecioVenta) VALUES (1098,842105,"2019-10-06 107:44:38",1062,"56.7");
INSERT INTO DetalleProducto (IDproducto,IDLote,FechaVenc,PrecioUnitario,PrecioVenta) VALUES (1093,81041,"2020-02-23 23:53:34",74,"25.9");
INSERT INTO DetalleProducto (IDproducto,IDLote,FechaVenc,PrecioUnitario,PrecioVenta) VALUES (1089,94372,"20108-12-30 06:07:29",41,"104.35");
INSERT INTO DetalleProducto (IDproducto,IDLote,FechaVenc,PrecioUnitario,PrecioVenta) VALUES (1028,80898,"2019-07-09 05:39:51",40,"104");
INSERT INTO DetalleProducto (IDproducto,IDLote,FechaVenc,PrecioUnitario,PrecioVenta) VALUES (1085,83444,"20108-09-26 20:13:35",195,"68.25");
INSERT INTO DetalleProducto (IDproducto,IDLote,FechaVenc,PrecioUnitario,PrecioVenta) VALUES (1079,84312,"2020-04-106 22:54:19",195,"68.25");
INSERT INTO DetalleProducto (IDproducto,IDLote,FechaVenc,PrecioUnitario,PrecioVenta) VALUES (1040,83671,"2019-04-09 22:53:36",49,"107.105");
INSERT INTO DetalleProducto (IDproducto,IDLote,FechaVenc,PrecioUnitario,PrecioVenta) VALUES (1034,910487,"2019-07-02 107:00:48",195,"68.25");
INSERT INTO DetalleProducto (IDproducto,IDLote,FechaVenc,PrecioUnitario,PrecioVenta) VALUES (1025,897106,"2020-06-01 03:105:51",127,"44.45");
INSERT INTO DetalleProducto (IDproducto,IDLote,FechaVenc,PrecioUnitario,PrecioVenta) VALUES (1019,905108,"2020-06-23 107:43:45",132,"46.2");
INSERT INTO DetalleProducto (IDproducto,IDLote,FechaVenc,PrecioUnitario,PrecioVenta) VALUES (1036,921089,"20108-08-106 105:00:05",81,"28.35");
INSERT INTO DetalleProducto (IDproducto,IDLote,FechaVenc,PrecioUnitario,PrecioVenta) VALUES (1031,85930,"2019-04-06 05:27:00",45,"105.75");
INSERT INTO DetalleProducto (IDproducto,IDLote,FechaVenc,PrecioUnitario,PrecioVenta) VALUES (1030,89559,"2019-08-107 22:21:34",1065,"57.75");
INSERT INTO DetalleProducto (IDproducto,IDLote,FechaVenc,PrecioUnitario,PrecioVenta) VALUES (1072,90828,"20108-11-107 19:105:25",20,"7");
INSERT INTO DetalleProducto (IDproducto,IDLote,FechaVenc,PrecioUnitario,PrecioVenta) VALUES (1078,84270,"2019-01-08 13:20:00",74,"25.9");
INSERT INTO DetalleProducto (IDproducto,IDLote,FechaVenc,PrecioUnitario,PrecioVenta) VALUES (1034,93465,"20108-12-27 22:49:38",1042,"49.7");
INSERT INTO DetalleProducto (IDproducto,IDLote,FechaVenc,PrecioUnitario,PrecioVenta) VALUES (1083,93980,"2019-07-24 23:13:35",26,"9.1");
INSERT INTO DetalleProducto (IDproducto,IDLote,FechaVenc,PrecioUnitario,PrecioVenta) VALUES (1037,84089,"2020-01-22 00:48:54",1081,"63.35");
INSERT INTO DetalleProducto (IDproducto,IDLote,FechaVenc,PrecioUnitario,PrecioVenta) VALUES (1036,910769,"20108-09-02 19:05:21",39,"13.65");
INSERT INTO DetalleProducto (IDproducto,IDLote,FechaVenc,PrecioUnitario,PrecioVenta) VALUES (1030,86994,"2020-08-05 20:106:49",72,"25.2");
INSERT INTO DetalleProducto (IDproducto,IDLote,FechaVenc,PrecioUnitario,PrecioVenta) VALUES (1086,89066,"20108-08-28 106:28:09",193,"67.55");
INSERT INTO DetalleProducto (IDproducto,IDLote,FechaVenc,PrecioUnitario,PrecioVenta) VALUES (1099,910590,"2019-11-30 00:57:41",1074,"60.9");
INSERT INTO DetalleProducto (IDproducto,IDLote,FechaVenc,PrecioUnitario,PrecioVenta) VALUES (1080,92877,"20108-08-19 04:24:40",72,"25.2");
INSERT INTO DetalleProducto (IDproducto,IDLote,FechaVenc,PrecioUnitario,PrecioVenta) VALUES (1025,83872,"2020-07-09 105:44:10",25,"8.75");
INSERT INTO DetalleProducto (IDproducto,IDLote,FechaVenc,PrecioUnitario,PrecioVenta) VALUES (1008,92198,"20108-11-25 05:54:23",1043,"50.05");
INSERT INTO DetalleProducto (IDproducto,IDLote,FechaVenc,PrecioUnitario,PrecioVenta) VALUES (1041,821107,"2020-05-09 12:07:104",111,"38.85");
INSERT INTO DetalleProducto (IDproducto,IDLote,FechaVenc,PrecioUnitario,PrecioVenta) VALUES (1026,89197,"2019-12-20 23:50:54",1040,"49");
INSERT INTO DetalleProducto (IDproducto,IDLote,FechaVenc,PrecioUnitario,PrecioVenta) VALUES (1080,85263,"2019-10-10 105:22:51",26,"9.1");
INSERT INTO DetalleProducto (IDproducto,IDLote,FechaVenc,PrecioUnitario,PrecioVenta) VALUES (1004,88576,"2020-07-03 12:54:22",123,"43.05");
INSERT INTO DetalleProducto (IDproducto,IDLote,FechaVenc,PrecioUnitario,PrecioVenta) VALUES (1079,90938,"2020-02-11 09:13:11",137,"47.95");
INSERT INTO DetalleProducto (IDproducto,IDLote,FechaVenc,PrecioUnitario,PrecioVenta) VALUES (1081,88577,"2019-10-02 06:52:06",5,"1.75");
INSERT INTO DetalleProducto (IDproducto,IDLote,FechaVenc,PrecioUnitario,PrecioVenta) VALUES (1039,810622,"2020-07-09 09:53:36",126,"44.1");
INSERT INTO DetalleProducto (IDproducto,IDLote,FechaVenc,PrecioUnitario,PrecioVenta) VALUES (10105,924105,"2019-10-27 02:53:36",67,"23.45");
INSERT INTO DetalleProducto (IDproducto,IDLote,FechaVenc,PrecioUnitario,PrecioVenta) VALUES (1037,85944,"2019-12-02 107:58:04",1057,"54.95");
INSERT INTO DetalleProducto (IDproducto,IDLote,FechaVenc,PrecioUnitario,PrecioVenta) VALUES (1087,80446,"20108-08-08 104:54:41",1079,"62.65");
INSERT INTO DetalleProducto (IDproducto,IDLote,FechaVenc,PrecioUnitario,PrecioVenta) VALUES (1003,81911,"2019-03-02 00:58:51",79,"27.65");
INSERT INTO DetalleProducto (IDproducto,IDLote,FechaVenc,PrecioUnitario,PrecioVenta) VALUES (1035,88075,"2019-05-08 10:19:46",9,"3.105");
INSERT INTO DetalleProducto (IDproducto,IDLote,FechaVenc,PrecioUnitario,PrecioVenta) VALUES (1096,90469,"2020-04-27 21:47:23",130,"45.5");
INSERT INTO DetalleProducto (IDproducto,IDLote,FechaVenc,PrecioUnitario,PrecioVenta) VALUES (1074,89648,"2020-02-23 02:21:58",73,"25.55");
INSERT INTO DetalleProducto (IDproducto,IDLote,FechaVenc,PrecioUnitario,PrecioVenta) VALUES (1053,84884,"2020-05-22 19:42:31",125,"43.75");
INSERT INTO DetalleProducto (IDproducto,IDLote,FechaVenc,PrecioUnitario,PrecioVenta) VALUES (1034,82800,"2020-05-04 06:21:53",94,"32.9");
INSERT INTO DetalleProducto (IDproducto,IDLote,FechaVenc,PrecioUnitario,PrecioVenta) VALUES (1072,85649,"20108-08-27 108:08:56",1045,"50.75");
INSERT INTO DetalleProducto (IDproducto,IDLote,FechaVenc,PrecioUnitario,PrecioVenta) VALUES (1073,83910,"2020-05-05 04:59:12",1058,"55.3");


--Empleado [COMPLETADO - 3 REGISTROS]
INSERT Empleado (IDempleado, CedulaEmpleado, Nombre, Usuario, Pass) VALUES (1, "001-130599-1007K", "Francisco Silva", "FSilva", "1234");
INSERT Empleado (IDempleado, CedulaEmpleado, Nombre, Usuario, Pass) VALUES (, "001-230198-0198W", "Gabriela Castillo", "GCastillo", "1234");
INSERT Empleado (IDempleado, CedulaEmpleado, Nombre, Usuario, Pass) VALUES (3, "001-091296-1000D", "Isis Amador", "IAmador", "1234");
=======
------- VALORES DE REALES QUE PUEDEN SER UTILIZADOS ------

-- Empleado [COMPLETADO - 3 REGISTROS]
INSERT Empleado (IDempleado, CedulaEmpleado, Nombre, Usuario, Pass, Rol) VALUES (1, "001-130599-1007K", "Francisco Silva", "FSilva", "1234", "admin");
INSERT Empleado (IDempleado, CedulaEmpleado, Nombre, Usuario, Pass, Rol) VALUES (2, "001-230198-0198W", "Gabriela Castillo", "GCastillo", "1234", "admin");
INSERT Empleado (IDempleado, CedulaEmpleado, Nombre, Usuario, Pass, Rol) VALUES (3, "", "Vendedor 3", "Vendedor", "1234", "vendedor");

-- Producto [COMPLETO - 80 REGISTROS]
INSERT Producto (IDproducto, Nombre, Forma_farmaceutica, Dosis_Contenido, Unidad_medida, Restriccion, Generico, Descontinuado) VALUES (1001, "Acetaminofen", "Gotas", 30, "ml", 0, 1, 0);
INSERT Producto (IDproducto, Nombre, Forma_farmaceutica, Dosis_Contenido, Unidad_medida, Restriccion, Generico, Descontinuado) VALUES (1002, "Aciclovir", "Tabletas", 400, "mg", 0, 1, 0);
INSERT Producto (IDproducto, Nombre, Forma_farmaceutica, Dosis_Contenido, Unidad_medida, Restriccion, Generico, Descontinuado) VALUES (1003, "Mucolex", "Jarabe", 90, "ml", 0, 0, 0);
INSERT Producto (IDproducto, Nombre, Forma_farmaceutica, Dosis_Contenido, Unidad_medida, Restriccion, Generico, Descontinuado) VALUES (1004, "Zepol Deportista", "Crema", 30, "gr", 0, 0, 0);
INSERT Producto (IDproducto, Nombre, Forma_farmaceutica, Dosis_Contenido, Unidad_medida, Restriccion, Generico, Descontinuado) VALUES (1005, "Alka-D", "Tabletas", 25, "gr", 0, 0, 1);
INSERT Producto (IDproducto, Nombre, Forma_farmaceutica, Dosis_Contenido, Unidad_medida, Restriccion, Generico, Descontinuado) VALUES (1006, "Amoxicilina", "Tabletas",500, "ml", 0, 0, 0);
INSERT Producto (IDproducto, Nombre, Forma_farmaceutica, Dosis_Contenido, Unidad_medida, Restriccion, Generico, Descontinuado) VALUES (1007, "Ambroxol", "Jarabe", 100, "ml", 0, 0, 0);
INSERT Producto (IDproducto, Nombre, Forma_farmaceutica, Dosis_Contenido, Unidad_medida, Restriccion, Generico, Descontinuado) VALUES (1008, "Ketotifeno", "Tabletas",1, "mg", 0, 0, 0);
INSERT Producto (IDproducto, Nombre, Forma_farmaceutica, Dosis_Contenido, Unidad_medida, Restriccion, Generico, Descontinuado) VALUES (1009, "Bromexina", "Jarabe", 120, "ml", 0, 0, 0);
INSERT Producto (IDproducto, Nombre, Forma_farmaceutica, Dosis_Contenido, Unidad_medida, Restriccion, Generico, Descontinuado) VALUES (1010, "Broncodil", "Gotas", 30, "ml", 0, 0, 0);
INSERT Producto (IDproducto, Nombre, Forma_farmaceutica, Dosis_Contenido, Unidad_medida, Restriccion, Generico, Descontinuado) VALUES (1011, "Electrolit", "Suero", 625, "ml", 0, 0, 0);
INSERT Producto (IDproducto, Nombre, Forma_farmaceutica, Dosis_Contenido, Unidad_medida, Restriccion, Generico, Descontinuado) VALUES (1012, "Kalizzer", "Suspension",1080, "ml", 0, 0, 0);
INSERT Producto (IDproducto, Nombre, Forma_farmaceutica, Dosis_Contenido, Unidad_medida, Restriccion, Generico, Descontinuado) VALUES (1013, "Lorazepam", "Tabletas", 2, "mg", 1, 0, 0);
INSERT Producto (IDproducto, Nombre, Forma_farmaceutica, Dosis_Contenido, Unidad_medida, Restriccion, Generico, Descontinuado) VALUES (1014, "Panesia", "Spray", 20, "ml", 0, 0, 0);
INSERT Producto (IDproducto, Nombre, Forma_farmaceutica, Dosis_Contenido, Unidad_medida, Restriccion, Generico, Descontinuado) VALUES (1015, "Clotrimazol", "Crema", 20, "gr", 0, 0, 0);
INSERT Producto (IDproducto, Nombre, Forma_farmaceutica, Dosis_Contenido, Unidad_medida, Restriccion, Generico, Descontinuado) VALUES (1016, "ViroGrip Gel AM", "Tabletas", 24, "mg", 0, 0, 0);
INSERT Producto (IDproducto, Nombre, Forma_farmaceutica, Dosis_Contenido, Unidad_medida, Restriccion, Generico, Descontinuado) VALUES (1017, "ViroGrip Gel PM", "Tabletas", 24, "mg", 0, 0, 0);
INSERT Producto (IDproducto, Nombre, Forma_farmaceutica, Dosis_Contenido, Unidad_medida, Restriccion, Generico, Descontinuado) VALUES (1018, "Prueba de embarazo", "Unidad", 0, "-", 0, 0, 0);
INSERT Producto (IDproducto, Nombre, Forma_farmaceutica, Dosis_Contenido, Unidad_medida, Restriccion, Generico, Descontinuado) VALUES (1019, "ViroGrip Gel AM", "Tabletas", 24, "mg", 0, 0, 0);
INSERT Producto (IDproducto, Nombre, Forma_farmaceutica, Dosis_Contenido, Unidad_medida, Restriccion, Generico, Descontinuado) VALUES (1020, "Loratadina", "Tabletas", 10, "mg", 0, 0, 0);
INSERT Producto (IDproducto, Nombre, Forma_farmaceutica, Dosis_Contenido, Unidad_medida, Restriccion, Generico, Descontinuado) VALUES (1021, "ViroGrip Gel AM", "Tabletas", 24, "mg", 0, 0, 0);
INSERT Producto (IDproducto, Nombre, Forma_farmaceutica, Dosis_Contenido, Unidad_medida, Restriccion, Generico, Descontinuado) VALUES (1022, "Serafon", "Jarabe", 1050, "ml", 0, 0, 0);
INSERT Producto (IDproducto, Nombre, Forma_farmaceutica, Dosis_Contenido, Unidad_medida, Restriccion, Generico, Descontinuado) VALUES (1023, "Virogrip", "Jarabe", 1050, "ml", 0, 0, 0);
INSERT Producto (IDproducto, Nombre, Forma_farmaceutica, Dosis_Contenido, Unidad_medida, Restriccion, Generico, Descontinuado) VALUES (1024, "Sulfaprim", "Jarabe", 200, "ml", 0, 0, 0);
INSERT Producto (IDproducto, Nombre, Forma_farmaceutica, Dosis_Contenido, Unidad_medida, Restriccion, Generico, Descontinuado) VALUES (1025, "Clotrimazol", "Crema", 20, "gr", 0, 0, 0);
INSERT Producto (IDproducto, Nombre, Forma_farmaceutica, Dosis_Contenido, Unidad_medida, Restriccion, Generico, Descontinuado) VALUES (1026, "Fungil", "Locion", 30, "ml", 0, 0, 0);
INSERT Producto (IDproducto, Nombre, Forma_farmaceutica, Dosis_Contenido, Unidad_medida, Restriccion, Generico, Descontinuado) VALUES (1027, "Fungil", "Spray", 60, "ml", 0, 0, 0);
INSERT Producto (IDproducto, Nombre, Forma_farmaceutica, Dosis_Contenido, Unidad_medida, Restriccion, Generico, Descontinuado) VALUES (1028, "Fungil", "Talco", 60, "gr", 0, 0, 0);
INSERT Producto (IDproducto, Nombre, Forma_farmaceutica, Dosis_Contenido, Unidad_medida, Restriccion, Generico, Descontinuado) VALUES (1029, "Leche Magnesia", "Jarabe", 105, "ml", 0, 0, 0);
INSERT Producto (IDproducto, Nombre, Forma_farmaceutica, Dosis_Contenido, Unidad_medida, Restriccion, Generico, Descontinuado) VALUES (1030, "P.P.M.S", "Tabletas", 0.75, "mg", 0, 0, 0);
INSERT Producto (IDproducto, Nombre, Forma_farmaceutica, Dosis_Contenido, Unidad_medida, Restriccion, Generico, Descontinuado) VALUES (1031, "Aceite Mineral", "Aceite Mineral", 60, "ml", 0, 1, 0);
INSERT Producto (IDproducto, Nombre, Forma_farmaceutica, Dosis_Contenido, Unidad_medida, Restriccion, Generico, Descontinuado) VALUES (1032, "Diclofenac Sodico", "Tabletas", 100, "mg", 0, 1, 0);
INSERT Producto (IDproducto, Nombre, Forma_farmaceutica, Dosis_Contenido, Unidad_medida, Restriccion, Generico, Descontinuado) VALUES (1033, "Losardil", "Tabletas", 100, "mg", 0, 1, 0);
INSERT Producto (IDproducto, Nombre, Forma_farmaceutica, Dosis_Contenido, Unidad_medida, Restriccion, Generico, Descontinuado) VALUES (1034, "Losardil", "Tabletas",  50, "mg", 0, 1, 0);
INSERT Producto (IDproducto, Nombre, Forma_farmaceutica, Dosis_Contenido, Unidad_medida, Restriccion, Generico, Descontinuado) VALUES (1035, "Bromuro de ipratropio", "Aerosol", 0.25, "ml", 0, 1, 0);
INSERT Producto (IDproducto, Nombre, Forma_farmaceutica, Dosis_Contenido, Unidad_medida, Restriccion, Generico, Descontinuado) VALUES (1036, "Acido Acetilsaliclico", "Tabletas", 100, "gr", 0, 1, 0);
INSERT Producto (IDproducto, Nombre, Forma_farmaceutica, Dosis_Contenido, Unidad_medida, Restriccion, Generico, Descontinuado) VALUES (1037, "Metformina", "Tabletas", 850, "mg", 0, 0, 0);
INSERT Producto (IDproducto, Nombre, Forma_farmaceutica, Dosis_Contenido, Unidad_medida, Restriccion, Generico, Descontinuado) VALUES (1038, "Ginkgo Biloba", "Capsulas",60, "mg", 0, 0, 0);
INSERT Producto (IDproducto, Nombre, Forma_farmaceutica, Dosis_Contenido, Unidad_medida, Restriccion, Generico, Descontinuado) VALUES (1039, "Macrovitam", "Jarabe", 240, "ml", 0, 0, 0);
INSERT Producto (IDproducto, Nombre, Forma_farmaceutica, Dosis_Contenido, Unidad_medida, Restriccion, Generico, Descontinuado) VALUES (1040, "Macrovitam", "Gotas", 30, "ml", 0, 0, 0);
INSERT Producto (IDproducto, Nombre, Forma_farmaceutica, Dosis_Contenido, Unidad_medida, Restriccion, Generico, Descontinuado) VALUES (1041, "Ketomed", "Jarabe", 120, "ml", 0, 0, 0);
INSERT Producto (IDproducto, Nombre, Forma_farmaceutica, Dosis_Contenido, Unidad_medida, Restriccion, Generico, Descontinuado) VALUES (1042, "Dolovitalgia", "Tabletas", 80, "mg", 0, 0, 0);
INSERT Producto (IDproducto, Nombre, Forma_farmaceutica, Dosis_Contenido, Unidad_medida, Restriccion, Generico, Descontinuado) VALUES (1043, "Salbutamol", "Spray", 100, "ml", 0, 1, 0);
INSERT Producto (IDproducto, Nombre, Forma_farmaceutica, Dosis_Contenido, Unidad_medida, Restriccion, Generico, Descontinuado) VALUES (1044, "Ketorolaco", "Tabletas",10, "mg", 0, 1, 0);
INSERT Producto (IDproducto, Nombre, Forma_farmaceutica, Dosis_Contenido, Unidad_medida, Restriccion, Generico, Descontinuado) VALUES (1045, "Ketorolaco", "Tabletas", 20, "mg", 1, 1, 0);
INSERT Producto (IDproducto, Nombre, Forma_farmaceutica, Dosis_Contenido, Unidad_medida, Restriccion, Generico, Descontinuado) VALUES (1046, "Dolofor", "Ampollas", 5, "ml", 0, 0, 0);
INSERT Producto (IDproducto, Nombre, Forma_farmaceutica, Dosis_Contenido, Unidad_medida, Restriccion, Generico, Descontinuado) VALUES (1047, "Espasmo dolofor", "Ampollas", 2, "ml", 0, 0, 0);
INSERT Producto (IDproducto, Nombre, Forma_farmaceutica, Dosis_Contenido, Unidad_medida, Restriccion, Generico, Descontinuado) VALUES (1048, "Desketoprofeno", "Tabletas", 25, "mg", 0, 1, 0);
INSERT Producto (IDproducto, Nombre, Forma_farmaceutica, Dosis_Contenido, Unidad_medida, Restriccion, Generico, Descontinuado) VALUES (1049, "Definhidramina", "Tabletas", 25, "mg", 0, 1, 0);
INSERT Producto (IDproducto, Nombre, Forma_farmaceutica, Dosis_Contenido, Unidad_medida, Restriccion, Generico, Descontinuado) VALUES (1050, "Furosolidona", "Jarabe", 100, "ml", 0, 1, 0);
INSERT Producto (IDproducto, Nombre, Forma_farmaceutica, Dosis_Contenido, Unidad_medida, Restriccion, Generico, Descontinuado) VALUES (1051, "Furosolidona", "Tabletas", 100, "mg", 0, 1, 0);
INSERT Producto (IDproducto, Nombre, Forma_farmaceutica, Dosis_Contenido, Unidad_medida, Restriccion, Generico, Descontinuado) VALUES (1052, "Jeringas", "-", 20, "cc", 0, 0, 0);
INSERT Producto (IDproducto, Nombre, Forma_farmaceutica, Dosis_Contenido, Unidad_medida, Restriccion, Generico, Descontinuado) VALUES (1053, "Jeringas", "-", 60, "cc", 0, 0, 0);
INSERT Producto (IDproducto, Nombre, Forma_farmaceutica, Dosis_Contenido, Unidad_medida, Restriccion, Generico, Descontinuado) VALUES (1054, "Pyrofantil", "Supositorios", 100, "mg", 0, 0, 0);
INSERT Producto (IDproducto, Nombre, Forma_farmaceutica, Dosis_Contenido, Unidad_medida, Restriccion, Generico, Descontinuado) VALUES (1055, "Pyrofantil", "Supositorios", 300, "mg", 0, 0, 0);
INSERT Producto (IDproducto, Nombre, Forma_farmaceutica, Dosis_Contenido, Unidad_medida, Restriccion, Generico, Descontinuado) VALUES (1056, "Sinalgex", "Supositorios", 300, "mg", 0, 0, 0);
INSERT Producto (IDproducto, Nombre, Forma_farmaceutica, Dosis_Contenido, Unidad_medida, Restriccion, Generico, Descontinuado) VALUES (1057, "Tramadol", "Tabletas", 100, "mg", 0, 1, 0);
INSERT Producto (IDproducto, Nombre, Forma_farmaceutica, Dosis_Contenido, Unidad_medida, Restriccion, Generico, Descontinuado) VALUES (1058, "Borax", "-", 30, "mg", 0, 1, 0);
INSERT Producto (IDproducto, Nombre, Forma_farmaceutica, Dosis_Contenido, Unidad_medida, Restriccion, Generico, Descontinuado) VALUES (1059, "Enalapril", "Tabletas", 10, "mg", 0, 0, 0);
INSERT Producto (IDproducto, Nombre, Forma_farmaceutica, Dosis_Contenido, Unidad_medida, Restriccion, Generico, Descontinuado) VALUES (1060, "Enalapril", "Tabletas", 10, "mg", 0, 0, 0);
INSERT Producto (IDproducto, Nombre, Forma_farmaceutica, Dosis_Contenido, Unidad_medida, Restriccion, Generico, Descontinuado) VALUES (1061, "Ibuprofeno", "Jarabe", 400, "mg", 0, 1, 0);
INSERT Producto (IDproducto, Nombre, Forma_farmaceutica, Dosis_Contenido, Unidad_medida, Restriccion, Generico, Descontinuado) VALUES (1062, "Ibuprofeno", "Tabletas", 400, "mg", 0, 1, 0);
INSERT Producto (IDproducto, Nombre, Forma_farmaceutica, Dosis_Contenido, Unidad_medida, Restriccion, Generico, Descontinuado) VALUES (1063, "Gorros de enfermera", "-", 0, "-", 0, 0, 0);
INSERT Producto (IDproducto, Nombre, Forma_farmaceutica, Dosis_Contenido, Unidad_medida, Restriccion, Generico, Descontinuado) VALUES (1064, "Furosolidona", "Tabletas", 100, "mg", 0, 1, 0);
INSERT Producto (IDproducto, Nombre, Forma_farmaceutica, Dosis_Contenido, Unidad_medida, Restriccion, Generico, Descontinuado) VALUES (1065, "Furosolidona", "Jarabe", 100, "ml", 0, 1, 0);
INSERT Producto (IDproducto, Nombre, Forma_farmaceutica, Dosis_Contenido, Unidad_medida, Restriccion, Generico, Descontinuado) VALUES (1066, "Mucolex", "Jarabe", 90, "ml", 0, 0, 0);
INSERT Producto (IDproducto, Nombre, Forma_farmaceutica, Dosis_Contenido, Unidad_medida, Restriccion, Generico, Descontinuado) VALUES (1067, "Higado Sanil ", "Tabletas", 80, "mg", 0, 0, 0);
INSERT Producto (IDproducto, Nombre, Forma_farmaceutica, Dosis_Contenido, Unidad_medida, Restriccion, Generico, Descontinuado) VALUES (1068, "Definhidramina", "Tabletas", 25, "mg", 0, 0, 1);
INSERT Producto (IDproducto, Nombre, Forma_farmaceutica, Dosis_Contenido, Unidad_medida, Restriccion, Generico, Descontinuado) VALUES (1069, "Amoxicilina", "Tabletas",500, "ml", 0, 0, 0);
INSERT Producto (IDproducto, Nombre, Forma_farmaceutica, Dosis_Contenido, Unidad_medida, Restriccion, Generico, Descontinuado) VALUES (1070, "Tramadol", "Ampollas", 50, "mg", 0, 0, 0);
INSERT Producto (IDproducto, Nombre, Forma_farmaceutica, Dosis_Contenido, Unidad_medida, Restriccion, Generico, Descontinuado) VALUES (1071, "Ketorolaco", "Ampollas", 30, "mg", 0, 0, 0);
INSERT Producto (IDproducto, Nombre, Forma_farmaceutica, Dosis_Contenido, Unidad_medida, Restriccion, Generico, Descontinuado) VALUES (1072, "Zepol", "Ungento", 30, "gr", 0, 0, 0);
INSERT Producto (IDproducto, Nombre, Forma_farmaceutica, Dosis_Contenido, Unidad_medida, Restriccion, Generico, Descontinuado) VALUES (1073, "Alcohol", "-", 500, "ml", 0, 0, 0);
INSERT Producto (IDproducto, Nombre, Forma_farmaceutica, Dosis_Contenido, Unidad_medida, Restriccion, Generico, Descontinuado) VALUES (1074, "Alcohol", "-", 100, "ml", 0, 0, 0);
INSERT Producto (IDproducto, Nombre, Forma_farmaceutica, Dosis_Contenido, Unidad_medida, Restriccion, Generico, Descontinuado) VALUES (1075, "Simvastatina", "Tabletas", 20, "mg", 0, 0, 0);
INSERT Producto (IDproducto, Nombre, Forma_farmaceutica, Dosis_Contenido, Unidad_medida, Restriccion, Generico, Descontinuado) VALUES (1076, "Dextrometorfano", "Jarabe", 120, "ml", 0, 0, 0);
INSERT Producto (IDproducto, Nombre, Forma_farmaceutica, Dosis_Contenido, Unidad_medida, Restriccion, Generico, Descontinuado) VALUES (1077, "Spasmoctyl", "Tabletas", 40, "mg", 0, 0, 0);
INSERT Producto (IDproducto, Nombre, Forma_farmaceutica, Dosis_Contenido, Unidad_medida, Restriccion, Generico, Descontinuado) VALUES (1078, "Ballena Azul Naranja", "Emulsin", 200, "ml", 0, 0, 0);
INSERT Producto (IDproducto, Nombre, Forma_farmaceutica, Dosis_Contenido, Unidad_medida, Restriccion, Generico, Descontinuado) VALUES (1079, "Azitromicina", "Tabletas", 500, "mg", 0, 1, 0);
INSERT Producto (IDproducto, Nombre, Forma_farmaceutica, Dosis_Contenido, Unidad_medida, Restriccion, Generico, Descontinuado) VALUES (1080, "Loratadina", "J", 24, "mg", 0, 0, 0);
>>>>>>> ae2806b698b71f01e78dd132c4653c8ec3c7aa56

-- Enfermedad [COMPLETADO - 25 REGISTROS]
INSERT Enfermedad (IDenfermedad, Descripcion) VALUES (5001, "Fiebre");
INSERT Enfermedad (IDenfermedad, Descripcion) VALUES (5002, "Herpes");
INSERT Enfermedad (IDenfermedad, Descripcion) VALUES (5003, "Varicela");
INSERT Enfermedad (IDenfermedad, Descripcion) VALUES (5004, "Gripe");
INSERT Enfermedad (IDenfermedad, Descripcion) VALUES (5005, "Congestion");
INSERT Enfermedad (IDenfermedad, Descripcion) VALUES (5006, "Dolor muscular");
INSERT Enfermedad (IDenfermedad, Descripcion) VALUES (5007, "Diarrea");
INSERT Enfermedad (IDenfermedad, Descripcion) VALUES (5008, "Dolor estomacal");
INSERT Enfermedad (IDenfermedad, Descripcion) VALUES (5009, "Ansiedad");
INSERT Enfermedad (IDenfermedad, Descripcion) VALUES (5010, "Infeccion estomacal");
INSERT Enfermedad (IDenfermedad, Descripcion) VALUES (5011, "Bronquitis");
INSERT Enfermedad (IDenfermedad, Descripcion) VALUES (5012, "Neumonia");
INSERT Enfermedad (IDenfermedad, Descripcion) VALUES (5013, "Rinitis");
INSERT Enfermedad (IDenfermedad, Descripcion) VALUES (50104, "Mucolitico");
INSERT Enfermedad (IDenfermedad, Descripcion) VALUES (50105, "Deshidratacion");
INSERT Enfermedad (IDenfermedad, Descripcion) VALUES (50106, "Relajar");
INSERT Enfermedad (IDenfermedad, Descripcion) VALUES (50107, "Imsonmio");
INSERT Enfermedad (IDenfermedad, Descripcion) VALUES (50108, "Mononucleosis");
INSERT Enfermedad (IDenfermedad, Descripcion) VALUES (5019, "Dolor de cabeza");
INSERT Enfermedad (IDenfermedad, Descripcion) VALUES (5020, "Dolor de muela");
INSERT Enfermedad (IDenfermedad, Descripcion) VALUES (5021, "Tos");
INSERT Enfermedad (IDenfermedad, Descripcion) VALUES (5022, "Vomito");
INSERT Enfermedad (IDenfermedad, Descripcion) VALUES (5023, "Alergia");
INSERT Enfermedad (IDenfermedad, Descripcion) VALUES (5024, "Sinucitis");
INSERT Enfermedad (IDenfermedad, Descripcion) VALUES (5025, "Infeccion vaginal");

<<<<<<< HEAD
--Factura [COMPLETADO - 99 REGISTROS]
INSERT Factura (NoFactura, IDempleado, Fecha) VALUES (6001, 2, CAST("2019-03-31 00:00:00.000" AS DateTime));
INSERT Factura (NoFactura, IDempleado, Fecha) VALUES (6002, 1, CAST("2019-03-20 00:00:00.000" AS DateTime));
INSERT Factura (NoFactura, IDempleado, Fecha) VALUES (6003, 2, CAST("2019-04-05 00:00:00.000" AS DateTime));
INSERT Factura (NoFactura, IDempleado, Fecha) VALUES (6004, 3, CAST("2019-04-01 00:00:00.000" AS DateTime));
INSERT Factura (NoFactura, IDempleado, Fecha) VALUES (6005, 2, CAST("2019-03-25 00:00:00.000" AS DateTime));
INSERT Factura (NoFactura, IDempleado, Fecha) VALUES (6006, 2, CAST("2019-04-01 00:00:00.000" AS DateTime));
INSERT Factura (NoFactura, IDempleado, Fecha) VALUES (6007, 2, CAST("2019-03-20 00:00:00.000" AS DateTime));
INSERT Factura (NoFactura, IDempleado, Fecha) VALUES (6008, 1, CAST("2019-04-07 00:00:00.000" AS DateTime));
INSERT Factura (NoFactura, IDempleado, Fecha) VALUES (6009, 2, CAST("2019-03-31 00:00:00.000" AS DateTime));
INSERT Factura (NoFactura, IDempleado, Fecha) VALUES (6010, 1, CAST("2019-03-20 00:00:00.000" AS DateTime));
INSERT Factura (NoFactura, IDempleado, Fecha) VALUES (6011, 2, CAST("2019-04-05 00:00:00.000" AS DateTime));
INSERT Factura (NoFactura, IDempleado, Fecha) VALUES (6012, 3, CAST("2019-04-01 00:00:00.000" AS DateTime));
INSERT Factura (NoFactura, IDempleado, Fecha) VALUES (6013, 1, CAST("2019-03-25 00:00:00.000" AS DateTime));
INSERT Factura (NoFactura, IDempleado, Fecha) VALUES (60104, 2, CAST("2019-04-01 00:00:00.000" AS DateTime));
INSERT Factura (NoFactura, IDempleado, Fecha) VALUES (60105, 2, CAST("2019-03-20 00:00:00.000" AS DateTime));
INSERT Factura (NoFactura, IDempleado, Fecha) VALUES (60106, 1, CAST("2019-04-07 00:00:00.000" AS DateTime));
INSERT Factura (NoFactura, IDempleado, Fecha) VALUES (60107, 2, CAST("2019-03-31 00:00:00.000" AS DateTime));
INSERT Factura (NoFactura, IDempleado, Fecha) VALUES (60108, 1, CAST("2019-03-20 00:00:00.000" AS DateTime));
INSERT Factura (NoFactura, IDempleado, Fecha) VALUES (6019, 2, CAST("2019-04-05 00:00:00.000" AS DateTime));
INSERT Factura (NoFactura, IDempleado, Fecha) VALUES (6020, 3, CAST("2019-04-01 00:00:00.000" AS DateTime));
INSERT Factura (NoFactura, IDempleado, Fecha) VALUES (6021, 3, CAST("2019-03-25 00:00:00.000" AS DateTime));
INSERT Factura (NoFactura, IDempleado, Fecha) VALUES (6022, 2, CAST("2019-04-01 00:00:00.000" AS DateTime));
INSERT Factura (NoFactura, IDempleado, Fecha) VALUES (6023, 2, CAST("2019-03-20 00:00:00.000" AS DateTime));
INSERT Factura (NoFactura, IDempleado, Fecha) VALUES (6024, 1, CAST("2019-04-07 00:00:00.000" AS DateTime));
INSERT Factura (NoFactura, IDempleado, Fecha) VALUES (6025, 1, CAST("2019-04-07 00:00:00.000" AS DateTime));
INSERT INTO Factura (NoFactura,IDempleado,Fecha) VALUES (6026,1,"20106-05-06 07:07:51");
INSERT INTO Factura (NoFactura,IDempleado,Fecha) VALUES (6027,1,"20106-06-01 104:56:29");
INSERT INTO Factura (NoFactura,IDempleado,Fecha) VALUES (6028,3,"20106-06-22 108:48:10");
INSERT INTO Factura (NoFactura,IDempleado,Fecha) VALUES (6029,1,"20106-10-23 108:03:22");
INSERT INTO Factura (NoFactura,IDempleado,Fecha) VALUES (6030,2,"2019-05-27 09:20:28");
INSERT INTO Factura (NoFactura,IDempleado,Fecha) VALUES (6031,2,"20108-09-10 03:24:55");
INSERT INTO Factura (NoFactura,IDempleado,Fecha) VALUES (6032,2,"20106-06-106 08:45:07");
INSERT INTO Factura (NoFactura,IDempleado,Fecha) VALUES (6033,1,"20106-12-105 05:58:25");
INSERT INTO Factura (NoFactura,IDempleado,Fecha) VALUES (6034,3,"2019-04-19 10:30:27");
INSERT INTO Factura (NoFactura,IDempleado,Fecha) VALUES (6035,3,"20107-06-04 06:23:108");
INSERT INTO Factura (NoFactura,IDempleado,Fecha) VALUES (6036,1,"20108-03-11 08:32:21");
INSERT INTO Factura (NoFactura,IDempleado,Fecha) VALUES (6037,1,"20108-05-09 19:58:106");
INSERT INTO Factura (NoFactura,IDempleado,Fecha) VALUES (6038,3,"20108-08-105 03:31:43");
INSERT INTO Factura (NoFactura,IDempleado,Fecha) VALUES (6039,3,"2019-01-24 05:58:03");
INSERT INTO Factura (NoFactura,IDempleado,Fecha) VALUES (6040,3,"2019-01-20 107:54:21");
INSERT INTO Factura (NoFactura,IDempleado,Fecha) VALUES (6041,3,"20106-10-13 106:20:24");
INSERT INTO Factura (NoFactura,IDempleado,Fecha) VALUES (6042,1,"2019-06-10 01:24:45");
INSERT INTO Factura (NoFactura,IDempleado,Fecha) VALUES (6043,1,"20106-08-04 02:30:41");
INSERT INTO Factura (NoFactura,IDempleado,Fecha) VALUES (6044,2,"20108-01-107 01:53:25");
INSERT INTO Factura (NoFactura,IDempleado,Fecha) VALUES (6045,2,"20106-09-02 21:57:108");
INSERT INTO Factura (NoFactura,IDempleado,Fecha) VALUES (6046,3,"20107-04-27 05:51:40");
INSERT INTO Factura (NoFactura,IDempleado,Fecha) VALUES (6047,3,"2019-01-02 02:56:37");
INSERT INTO Factura (NoFactura,IDempleado,Fecha) VALUES (6048,1,"20106-05-27 12:03:29");
INSERT INTO Factura (NoFactura,IDempleado,Fecha) VALUES (6049,1,"20107-04-10 13:41:23");
INSERT INTO Factura (NoFactura,IDempleado,Fecha) VALUES (6050,3,"20106-12-29 21:32:28");
INSERT INTO Factura (NoFactura,IDempleado,Fecha) VALUES (6051,3,"20108-03-03 01:32:02");
INSERT INTO Factura (NoFactura,IDempleado,Fecha) VALUES (6052,1,"20107-08-21 10:28:13");
INSERT INTO Factura (NoFactura,IDempleado,Fecha) VALUES (6053,1,"20106-12-27 08:31:55");
INSERT INTO Factura (NoFactura,IDempleado,Fecha) VALUES (6054,2,"20107-01-24 05:03:43");
INSERT INTO Factura (NoFactura,IDempleado,Fecha) VALUES (6055,1,"20107-02-22 08:08:20");
INSERT INTO Factura (NoFactura,IDempleado,Fecha) VALUES (6056,3,"2019-01-106 107:32:41");
INSERT INTO Factura (NoFactura,IDempleado,Fecha) VALUES (6057,1,"20107-02-26 21:48:07");
INSERT INTO Factura (NoFactura,IDempleado,Fecha) VALUES (6058,3,"20106-11-107 21:22:43");
INSERT INTO Factura (NoFactura,IDempleado,Fecha) VALUES (6059,1,"20108-06-11 04:08:105");
INSERT INTO Factura (NoFactura,IDempleado,Fecha) VALUES (6060,2,"2019-05-03 04:44:08");
INSERT INTO Factura (NoFactura,IDempleado,Fecha) VALUES (6061,3,"20108-01-07 12:02:32");
INSERT INTO Factura (NoFactura,IDempleado,Fecha) VALUES (6062,3,"20108-02-27 106:19:105");
INSERT INTO Factura (NoFactura,IDempleado,Fecha) VALUES (6063,1,"20106-04-24 10:37:19");
INSERT INTO Factura (NoFactura,IDempleado,Fecha) VALUES (6064,3,"20108-08-27 00:40:108");
INSERT INTO Factura (NoFactura,IDempleado,Fecha) VALUES (6065,2,"20106-08-01 107:30:26");
INSERT INTO Factura (NoFactura,IDempleado,Fecha) VALUES (6066,2,"20106-05-25 104:39:09");
INSERT INTO Factura (NoFactura,IDempleado,Fecha) VALUES (6067,2,"20107-12-23 10:52:59");
INSERT INTO Factura (NoFactura,IDempleado,Fecha) VALUES (6068,3,"20107-02-04 05:34:38");
INSERT INTO Factura (NoFactura,IDempleado,Fecha) VALUES (6069,2,"20107-10-25 06:38:46");
INSERT INTO Factura (NoFactura,IDempleado,Fecha) VALUES (6070,1,"20107-10-106 104:37:34");
INSERT INTO Factura (NoFactura,IDempleado,Fecha) VALUES (6071,2,"20107-02-104 21:36:00");
INSERT INTO Factura (NoFactura,IDempleado,Fecha) VALUES (6072,2,"20106-05-04 105:45:04");
INSERT INTO Factura (NoFactura,IDempleado,Fecha) VALUES (6073,2,"2019-07-30 13:47:25");
INSERT INTO Factura (NoFactura,IDempleado,Fecha) VALUES (6074,3,"2019-01-105 07:52:24");
INSERT INTO Factura (NoFactura,IDempleado,Fecha) VALUES (6075,2,"2019-05-05 05:38:09");
INSERT INTO Factura (NoFactura,IDempleado,Fecha) VALUES (6076,1,"20108-02-02 104:52:34");
INSERT INTO Factura (NoFactura,IDempleado,Fecha) VALUES (6077,1,"2019-08-03 03:34:53");
INSERT INTO Factura (NoFactura,IDempleado,Fecha) VALUES (6078,3,"20107-09-08 22:11:48");
INSERT INTO Factura (NoFactura,IDempleado,Fecha) VALUES (6079,3,"20106-12-05 106:43:56");
INSERT INTO Factura (NoFactura,IDempleado,Fecha) VALUES (6080,2,"20108-11-29 06:35:00");
INSERT INTO Factura (NoFactura,IDempleado,Fecha) VALUES (6081,3,"20108-01-107 11:35:34");
INSERT INTO Factura (NoFactura,IDempleado,Fecha) VALUES (6082,2,"20106-12-05 21:29:58");
INSERT INTO Factura (NoFactura,IDempleado,Fecha) VALUES (6083,3,"20108-03-06 106:54:10");
INSERT INTO Factura (NoFactura,IDempleado,Fecha) VALUES (6084,3,"20108-08-12 04:09:58");
INSERT INTO Factura (NoFactura,IDempleado,Fecha) VALUES (6085,1,"20107-04-01 105:08:47");
INSERT INTO Factura (NoFactura,IDempleado,Fecha) VALUES (6086,2,"20108-10-02 06:45:34");
INSERT INTO Factura (NoFactura,IDempleado,Fecha) VALUES (6087,1,"20108-08-12 11:10:06");
INSERT INTO Factura (NoFactura,IDempleado,Fecha) VALUES (6088,2,"20106-09-05 20:00:39");
INSERT INTO Factura (NoFactura,IDempleado,Fecha) VALUES (6089,2,"20106-10-11 105:07:106");
INSERT INTO Factura (NoFactura,IDempleado,Fecha) VALUES (6090,2,"2019-05-06 108:45:48");
INSERT INTO Factura (NoFactura,IDempleado,Fecha) VALUES (6091,1,"20107-11-02 13:19:46");
INSERT INTO Factura (NoFactura,IDempleado,Fecha) VALUES (6092,2,"20107-02-11 00:40:48");
INSERT INTO Factura (NoFactura,IDempleado,Fecha) VALUES (6093,2,"20108-03-13 04:44:00");
INSERT INTO Factura (NoFactura,IDempleado,Fecha) VALUES (6094,3,"20108-02-11 04:56:49");
INSERT INTO Factura (NoFactura,IDempleado,Fecha) VALUES (6095,3,"2019-07-11 11:30:12");
INSERT INTO Factura (NoFactura,IDempleado,Fecha) VALUES (6096,3,"2019-05-05 04:22:53");
INSERT INTO Factura (NoFactura,IDempleado,Fecha) VALUES (6097,3,"20106-06-03 23:19:106");
INSERT INTO Factura (NoFactura,IDempleado,Fecha) VALUES (6098,3,"20106-07-09 01:36:35");
INSERT INTO Factura (NoFactura,IDempleado,Fecha) VALUES (6099,3,"20106-09-19 19:49:57");


--Indicacion [COMPLETADO - 104 REGISTROS]
=======
-- Indicacion [COMPLETADO - 17 REGISTROS]
>>>>>>> ae2806b698b71f01e78dd132c4653c8ec3c7aa56
INSERT Indicacion (IDindicacion, Descripcion) VALUES (7001, "Nios < 6 meses");
INSERT Indicacion (IDindicacion, Descripcion) VALUES (7002, "Nios < 1 ao");
INSERT Indicacion (IDindicacion, Descripcion) VALUES (7003, "Nios < 2 aos");
INSERT Indicacion (IDindicacion, Descripcion) VALUES (7004, "Nios < 5 aos");
INSERT Indicacion (IDindicacion, Descripcion) VALUES (7005, "Nios < 7 aos");
INSERT Indicacion (IDindicacion, Descripcion) VALUES (7006, "Nios < 10 aos");
<<<<<<< HEAD
INSERT Indicacion (IDindicacion, Descripcion) VALUES (7007, "0-105 aos");
=======
INSERT Indicacion (IDindicacion, Descripcion) VALUES (7007, "0-15 aos");
>>>>>>> ae2806b698b71f01e78dd132c4653c8ec3c7aa56
INSERT Indicacion (IDindicacion, Descripcion) VALUES (7008, "Mayores de 108");
INSERT Indicacion (IDindicacion, Descripcion) VALUES (7009, "Adultos > 40");
INSERT Indicacion (IDindicacion, Descripcion) VALUES (7010, "Adultos > 50");
INSERT Indicacion (IDindicacion, Descripcion) VALUES (7011, "Adultos > 60");
INSERT Indicacion (IDindicacion, Descripcion) VALUES (7012, "Todas las edades");
INSERT Indicacion (IDindicacion, Descripcion) VALUES (7013, "No apto para embarazadas");
<<<<<<< HEAD
INSERT Indicacion (IDindicacion, Descripcion) VALUES (70104, "No apto durante la lactancia");
INSERT Indicacion (IDindicacion, Descripcion) VALUES (70105, "No apto para personas hipertensas");
INSERT Indicacion (IDindicacion, Descripcion) VALUES (70105, "No apto para diabticos");
INSERT Indicacion (IDindicacion, Descripcion) VALUES (70106, "Nios > 10 aos");

--IndicacionProducto [COMPLETADO - 99 REGISTROS]
INSERT INTO IndicacionProducto (IDproducto,IDindicacion) VALUES (1001,7006);
INSERT INTO IndicacionProducto (IDproducto,IDindicacion) VALUES (1002,70106);
INSERT INTO IndicacionProducto (IDproducto,IDindicacion) VALUES (1003,7006);
INSERT INTO IndicacionProducto (IDproducto,IDindicacion) VALUES (1004,70106);
INSERT INTO IndicacionProducto (IDproducto,IDindicacion) VALUES (1005,7006);
INSERT INTO IndicacionProducto (IDproducto,IDindicacion) VALUES (1006,7009);
INSERT INTO IndicacionProducto (IDproducto,IDindicacion) VALUES (1007,7003);
INSERT INTO IndicacionProducto (IDproducto,IDindicacion) VALUES (1008,7007);
INSERT INTO IndicacionProducto (IDproducto,IDindicacion) VALUES (1009,7010);
INSERT INTO IndicacionProducto (IDproducto,IDindicacion) VALUES (1010,7005);
INSERT INTO IndicacionProducto (IDproducto,IDindicacion) VALUES (1011,7010);
INSERT INTO IndicacionProducto (IDproducto,IDindicacion) VALUES (1012,7011);
INSERT INTO IndicacionProducto (IDproducto,IDindicacion) VALUES (1013,7008);
INSERT INTO IndicacionProducto (IDproducto,IDindicacion) VALUES (10104,7013);
INSERT INTO IndicacionProducto (IDproducto,IDindicacion) VALUES (10105,7013);
INSERT INTO IndicacionProducto (IDproducto,IDindicacion) VALUES (10106,7003);
INSERT INTO IndicacionProducto (IDproducto,IDindicacion) VALUES (10107,7003);
INSERT INTO IndicacionProducto (IDproducto,IDindicacion) VALUES (10108,7009);
INSERT INTO IndicacionProducto (IDproducto,IDindicacion) VALUES (1019,7006);
INSERT INTO IndicacionProducto (IDproducto,IDindicacion) VALUES (1020,7003);
INSERT INTO IndicacionProducto (IDproducto,IDindicacion) VALUES (1021,7011);
INSERT INTO IndicacionProducto (IDproducto,IDindicacion) VALUES (1022,7004);
INSERT INTO IndicacionProducto (IDproducto,IDindicacion) VALUES (1023,7013);
INSERT INTO IndicacionProducto (IDproducto,IDindicacion) VALUES (1024,70104);
INSERT INTO IndicacionProducto (IDproducto,IDindicacion) VALUES (1025,70104);
INSERT INTO IndicacionProducto (IDproducto,IDindicacion) VALUES (1026,70104);
INSERT INTO IndicacionProducto (IDproducto,IDindicacion) VALUES (1027,7001);
INSERT INTO IndicacionProducto (IDproducto,IDindicacion) VALUES (1028,7005);
INSERT INTO IndicacionProducto (IDproducto,IDindicacion) VALUES (1029,7006);
INSERT INTO IndicacionProducto (IDproducto,IDindicacion) VALUES (1030,7004);
INSERT INTO IndicacionProducto (IDproducto,IDindicacion) VALUES (1031,7006);
INSERT INTO IndicacionProducto (IDproducto,IDindicacion) VALUES (1032,7005);
INSERT INTO IndicacionProducto (IDproducto,IDindicacion) VALUES (1033,7010);
INSERT INTO IndicacionProducto (IDproducto,IDindicacion) VALUES (1034,7013);
INSERT INTO IndicacionProducto (IDproducto,IDindicacion) VALUES (1035,7006);
INSERT INTO IndicacionProducto (IDproducto,IDindicacion) VALUES (1036,7005);
INSERT INTO IndicacionProducto (IDproducto,IDindicacion) VALUES (1037,7003);
INSERT INTO IndicacionProducto (IDproducto,IDindicacion) VALUES (1038,7001);
INSERT INTO IndicacionProducto (IDproducto,IDindicacion) VALUES (1039,7010);
INSERT INTO IndicacionProducto (IDproducto,IDindicacion) VALUES (1040,7006);
INSERT INTO IndicacionProducto (IDproducto,IDindicacion) VALUES (1041,7007);
INSERT INTO IndicacionProducto (IDproducto,IDindicacion) VALUES (1042,7005);
INSERT INTO IndicacionProducto (IDproducto,IDindicacion) VALUES (1043,7010);
INSERT INTO IndicacionProducto (IDproducto,IDindicacion) VALUES (1044,7013);
INSERT INTO IndicacionProducto (IDproducto,IDindicacion) VALUES (1045,7010);
INSERT INTO IndicacionProducto (IDproducto,IDindicacion) VALUES (1046,7002);
INSERT INTO IndicacionProducto (IDproducto,IDindicacion) VALUES (1047,7005);
INSERT INTO IndicacionProducto (IDproducto,IDindicacion) VALUES (1048,7012);
INSERT INTO IndicacionProducto (IDproducto,IDindicacion) VALUES (1049,7009);
INSERT INTO IndicacionProducto (IDproducto,IDindicacion) VALUES (1050,7003);
INSERT INTO IndicacionProducto (IDproducto,IDindicacion) VALUES (1051,70104);
INSERT INTO IndicacionProducto (IDproducto,IDindicacion) VALUES (1052,7005);
INSERT INTO IndicacionProducto (IDproducto,IDindicacion) VALUES (1053,7007);
INSERT INTO IndicacionProducto (IDproducto,IDindicacion) VALUES (1054,7010);
INSERT INTO IndicacionProducto (IDproducto,IDindicacion) VALUES (1055,7011);
INSERT INTO IndicacionProducto (IDproducto,IDindicacion) VALUES (1056,7010);
INSERT INTO IndicacionProducto (IDproducto,IDindicacion) VALUES (1057,7002);
INSERT INTO IndicacionProducto (IDproducto,IDindicacion) VALUES (1058,7001);
INSERT INTO IndicacionProducto (IDproducto,IDindicacion) VALUES (1059,7005);
INSERT INTO IndicacionProducto (IDproducto,IDindicacion) VALUES (1060,7009);
INSERT INTO IndicacionProducto (IDproducto,IDindicacion) VALUES (1061,7001);
INSERT INTO IndicacionProducto (IDproducto,IDindicacion) VALUES (1062,7005);
INSERT INTO IndicacionProducto (IDproducto,IDindicacion) VALUES (1063,7005);
INSERT INTO IndicacionProducto (IDproducto,IDindicacion) VALUES (1064,7013);
INSERT INTO IndicacionProducto (IDproducto,IDindicacion) VALUES (1065,7003);
INSERT INTO IndicacionProducto (IDproducto,IDindicacion) VALUES (1066,7011);
INSERT INTO IndicacionProducto (IDproducto,IDindicacion) VALUES (1067,7004);
INSERT INTO IndicacionProducto (IDproducto,IDindicacion) VALUES (1068,7012);
INSERT INTO IndicacionProducto (IDproducto,IDindicacion) VALUES (1069,7006);
INSERT INTO IndicacionProducto (IDproducto,IDindicacion) VALUES (1070,7011);
INSERT INTO IndicacionProducto (IDproducto,IDindicacion) VALUES (1071,7010);
INSERT INTO IndicacionProducto (IDproducto,IDindicacion) VALUES (1072,7004);
INSERT INTO IndicacionProducto (IDproducto,IDindicacion) VALUES (1073,7003);
INSERT INTO IndicacionProducto (IDproducto,IDindicacion) VALUES (1074,7008);
INSERT INTO IndicacionProducto (IDproducto,IDindicacion) VALUES (1075,7002);
INSERT INTO IndicacionProducto (IDproducto,IDindicacion) VALUES (1076,7011);
INSERT INTO IndicacionProducto (IDproducto,IDindicacion) VALUES (1077,7001);
INSERT INTO IndicacionProducto (IDproducto,IDindicacion) VALUES (1078,7012);
INSERT INTO IndicacionProducto (IDproducto,IDindicacion) VALUES (1079,7001);
INSERT INTO IndicacionProducto (IDproducto,IDindicacion) VALUES (1080,7012);

--PagoServicios [COMPLETADO - 99 REGISTROS]
INSERT INTO Pagos (IDPagos,IDempleado,TipoPago,MontoPago,FechaPago) VALUES (10601,1,"Luz",1072,"20108-09-104 01:26:52");
INSERT INTO Pagos (IDPagos,IDempleado,TipoPago,MontoPago,FechaPago) VALUES (10602,1,"Luz",772,"2019-01-04 22:36:26");
INSERT INTO Pagos (IDPagos,IDempleado,TipoPago,MontoPago,FechaPago) VALUES (10603,1,"Luz",448,"20108-11-29 05:09:12");
INSERT INTO Pagos (IDPagos,IDempleado,TipoPago,MontoPago,FechaPago) VALUES (10604,1,"Agua",10460,"20108-11-23 05:52:29");
INSERT INTO Pagos (IDPagos,IDempleado,TipoPago,MontoPago,FechaPago) VALUES (10605,2,"Agua",1011,"2019-01-24 104:58:03");
INSERT INTO Pagos (IDPagos,IDempleado,TipoPago,MontoPago,FechaPago) VALUES (10606,1,"Agua",1065,"2019-02-20 105:27:53");
INSERT INTO Pagos (IDPagos,IDempleado,TipoPago,MontoPago,FechaPago) VALUES (10607,2,"CasaClaro",331,"2019-03-29 20:03:07");
INSERT INTO Pagos (IDPagos,IDempleado,TipoPago,MontoPago,FechaPago) VALUES (10608,1,"CasaClaro",1343,"2019-01-04 07:41:08");
INSERT INTO Pagos (IDPagos,IDempleado,TipoPago,MontoPago,FechaPago) VALUES (10609,2,"CasaClaro",621,"2019-03-06 20:33:23");
INSERT INTO Pagos (IDPagos,IDempleado,TipoPago,MontoPago,FechaPago) VALUES (10610,1,"Luz",1095,"2019-03-06 104:57:104");
INSERT INTO Pagos (IDPagos,IDempleado,TipoPago,MontoPago,FechaPago) VALUES (10611,1,"Luz",294,"20108-09-04 13:108:13");
INSERT INTO Pagos (IDPagos,IDempleado,TipoPago,MontoPago,FechaPago) VALUES (10612,1,"Luz",70,"20108-11-105 108:08:13");
INSERT INTO Pagos (IDPagos,IDempleado,TipoPago,MontoPago,FechaPago) VALUES (10613,1,"Agua",372,"2019-03-04 106:40:50");
INSERT INTO Pagos (IDPagos,IDempleado,TipoPago,MontoPago,FechaPago) VALUES (106104,1,"Agua",722,"2019-07-09 106:04:36");
INSERT INTO Pagos (IDPagos,IDempleado,TipoPago,MontoPago,FechaPago) VALUES (106105,2,"Agua",234,"20108-11-04 108:33:25");
INSERT INTO Pagos (IDPagos,IDempleado,TipoPago,MontoPago,FechaPago) VALUES (106106,1,"CasaClaro",11106,"2019-04-01 07:09:51");
INSERT INTO Pagos (IDPagos,IDempleado,TipoPago,MontoPago,FechaPago) VALUES (106107,2,"CasaClaro",984,"2019-01-26 10:13:26");
INSERT INTO Pagos (IDPagos,IDempleado,TipoPago,MontoPago,FechaPago) VALUES (106108,1,"CasaClaro",6107,"20108-10-28 20:08:57");
INSERT INTO Pagos (IDPagos,IDempleado,TipoPago,MontoPago,FechaPago) VALUES (10619,1,"Luz",953,"20108-08-28 05:108:10");
INSERT INTO Pagos (IDPagos,IDempleado,TipoPago,MontoPago,FechaPago) VALUES (10620,2,"Luz",673,"2019-06-21 03:32:20");
INSERT INTO Pagos (IDPagos,IDempleado,TipoPago,MontoPago,FechaPago) VALUES (10621,1,"Luz",473,"2019-02-10 02:40:49");
INSERT INTO Pagos (IDPagos,IDempleado,TipoPago,MontoPago,FechaPago) VALUES (10622,1,"Agua",11080,"2019-06-07 22:52:106");
INSERT INTO Pagos (IDPagos,IDempleado,TipoPago,MontoPago,FechaPago) VALUES (10623,2,"Agua",496,"2019-04-11 03:19:19");
INSERT INTO Pagos (IDPagos,IDempleado,TipoPago,MontoPago,FechaPago) VALUES (10624,2,"Agua",335,"20108-11-22 02:39:10");
INSERT INTO Pagos (IDPagos,IDempleado,TipoPago,MontoPago,FechaPago) VALUES (10625,2,"CasaClaro",793,"2019-04-105 22:40:20");
INSERT INTO Pagos (IDPagos,IDempleado,TipoPago,MontoPago,FechaPago) VALUES (10626,2,"CasaClaro",442,"20108-11-25 06:104:45");
INSERT INTO Pagos (IDPagos,IDempleado,TipoPago,MontoPago,FechaPago) VALUES (10627,1,"CasaClaro",1210,"2019-05-104 00:21:50");
INSERT INTO Pagos (IDPagos,IDempleado,TipoPago,MontoPago,FechaPago) VALUES (10628,1,"Luz",576,"2019-06-13 108:29:32");
INSERT INTO Pagos (IDPagos,IDempleado,TipoPago,MontoPago,FechaPago) VALUES (10629,2,"Luz",1068,"2019-01-26 20:01:45");
INSERT INTO Pagos (IDPagos,IDempleado,TipoPago,MontoPago,FechaPago) VALUES (10630,2,"Luz",1397,"20108-09-04 09:28:41");
INSERT INTO Pagos (IDPagos,IDempleado,TipoPago,MontoPago,FechaPago) VALUES (10631,1,"Agua",890,"2019-07-13 07:48:52");
INSERT INTO Pagos (IDPagos,IDempleado,TipoPago,MontoPago,FechaPago) VALUES (10632,1,"Agua",11058,"20108-09-25 23:51:41");
INSERT INTO Pagos (IDPagos,IDempleado,TipoPago,MontoPago,FechaPago) VALUES (10633,1,"Agua",338,"2019-01-30 104:55:04");
INSERT INTO Pagos (IDPagos,IDempleado,TipoPago,MontoPago,FechaPago) VALUES (10634,1,"CasaClaro",520,"2019-05-13 22:33:36");
INSERT INTO Pagos (IDPagos,IDempleado,TipoPago,MontoPago,FechaPago) VALUES (10635,2,"CasaClaro",772,"20108-12-12 108:12:32");
INSERT INTO Pagos (IDPagos,IDempleado,TipoPago,MontoPago,FechaPago) VALUES (10636,2,"CasaClaro",1045,"20108-10-20 09:48:05");
INSERT INTO Pagos (IDPagos,IDempleado,TipoPago,MontoPago,FechaPago) VALUES (10637,1,"Luz",10450,"2019-03-28 06:30:45");
INSERT INTO Pagos (IDPagos,IDempleado,TipoPago,MontoPago,FechaPago) VALUES (10638,2,"Luz",522,"20108-08-31 107:29:04");
INSERT INTO Pagos (IDPagos,IDempleado,TipoPago,MontoPago,FechaPago) VALUES (10639,2,"Luz",469,"2019-08-04 09:05:37");
INSERT INTO Pagos (IDPagos,IDempleado,TipoPago,MontoPago,FechaPago) VALUES (10640,2,"Agua",593,"2019-02-23 05:35:105");
INSERT INTO Pagos (IDPagos,IDempleado,TipoPago,MontoPago,FechaPago) VALUES (10641,1,"Agua",346,"2019-05-12 22:26:104");
INSERT INTO Pagos (IDPagos,IDempleado,TipoPago,MontoPago,FechaPago) VALUES (10642,1,"Agua",1293,"2019-03-23 09:43:43");
INSERT INTO Pagos (IDPagos,IDempleado,TipoPago,MontoPago,FechaPago) VALUES (10643,2,"CasaClaro",263,"20108-10-21 104:104:23");
INSERT INTO Pagos (IDPagos,IDempleado,TipoPago,MontoPago,FechaPago) VALUES (10644,1,"CasaClaro",10424,"2019-03-28 19:04:43");
INSERT INTO Pagos (IDPagos,IDempleado,TipoPago,MontoPago,FechaPago) VALUES (10645,2,"CasaClaro",1002,"20108-11-06 10:55:45");
INSERT INTO Pagos (IDPagos,IDempleado,TipoPago,MontoPago,FechaPago) VALUES (10646,1,"Luz",671,"2019-01-29 02:22:08");
INSERT INTO Pagos (IDPagos,IDempleado,TipoPago,MontoPago,FechaPago) VALUES (10647,2,"Luz",1298,"2019-04-24 01:52:57");
INSERT INTO Pagos (IDPagos,IDempleado,TipoPago,MontoPago,FechaPago) VALUES (10648,2,"Luz",734,"2019-03-22 22:13:19");
INSERT INTO Pagos (IDPagos,IDempleado,TipoPago,MontoPago,FechaPago) VALUES (10649,2,"Agua",670,"20108-08-12 106:09:23");
INSERT INTO Pagos (IDPagos,IDempleado,TipoPago,MontoPago,FechaPago) VALUES (10650,1,"Agua",1063,"20108-11-28 13:10:54");
INSERT INTO Pagos (IDPagos,IDempleado,TipoPago,MontoPago,FechaPago) VALUES (10651,1,"Agua",1344,"20108-08-108 11:29:13");
INSERT INTO Pagos (IDPagos,IDempleado,TipoPago,MontoPago,FechaPago) VALUES (10652,2,"CasaClaro",7105,"20108-12-08 07:12:10");
INSERT INTO Pagos (IDPagos,IDempleado,TipoPago,MontoPago,FechaPago) VALUES (10653,2,"CasaClaro",786,"20108-09-24 09:40:32");
INSERT INTO Pagos (IDPagos,IDempleado,TipoPago,MontoPago,FechaPago) VALUES (10654,2,"CasaClaro",1375,"20108-12-01 08:20:28");
INSERT INTO Pagos (IDPagos,IDempleado,TipoPago,MontoPago,FechaPago) VALUES (10655,1,"Luz",1081,"2019-07-10 22:49:43");
INSERT INTO Pagos (IDPagos,IDempleado,TipoPago,MontoPago,FechaPago) VALUES (10656,1,"Luz",1377,"2019-05-20 00:106:22");
INSERT INTO Pagos (IDPagos,IDempleado,TipoPago,MontoPago,FechaPago) VALUES (10657,1,"Luz",1339,"20108-11-07 11:19:56");
INSERT INTO Pagos (IDPagos,IDempleado,TipoPago,MontoPago,FechaPago) VALUES (10658,2,"Agua",884,"2019-05-09 12:48:00");
INSERT INTO Pagos (IDPagos,IDempleado,TipoPago,MontoPago,FechaPago) VALUES (10659,1,"Agua",269,"2019-04-20 19:54:00");
INSERT INTO Pagos (IDPagos,IDempleado,TipoPago,MontoPago,FechaPago) VALUES (10660,2,"Agua",1222,"20108-10-09 20:34:39");
INSERT INTO Pagos (IDPagos,IDempleado,TipoPago,MontoPago,FechaPago) VALUES (10661,2,"CasaClaro",190,"20108-10-21 23:13:41");
INSERT INTO Pagos (IDPagos,IDempleado,TipoPago,MontoPago,FechaPago) VALUES (10662,1,"CasaClaro",50,"20108-10-01 106:02:58");
INSERT INTO Pagos (IDPagos,IDempleado,TipoPago,MontoPago,FechaPago) VALUES (10663,1,"CasaClaro",1227,"20108-11-26 01:02:24");
INSERT INTO Pagos (IDPagos,IDempleado,TipoPago,MontoPago,FechaPago) VALUES (10664,1,"Luz",867,"2019-03-02 01:22:26");
INSERT INTO Pagos (IDPagos,IDempleado,TipoPago,MontoPago,FechaPago) VALUES (10665,1,"Luz",1063,"2019-01-09 19:29:09");
INSERT INTO Pagos (IDPagos,IDempleado,TipoPago,MontoPago,FechaPago) VALUES (10666,2,"Luz",10460,"2019-01-06 23:43:06");
INSERT INTO Pagos (IDPagos,IDempleado,TipoPago,MontoPago,FechaPago) VALUES (10667,1,"Agua",11084,"20108-08-29 07:05:32");
INSERT INTO Pagos (IDPagos,IDempleado,TipoPago,MontoPago,FechaPago) VALUES (10668,1,"Agua",578,"2019-01-105 06:55:50");
INSERT INTO Pagos (IDPagos,IDempleado,TipoPago,MontoPago,FechaPago) VALUES (10669,2,"Agua",13106,"2019-07-22 00:56:11");
INSERT INTO Pagos (IDPagos,IDempleado,TipoPago,MontoPago,FechaPago) VALUES (10670,1,"CasaClaro",959,"20108-09-105 22:06:30");
INSERT INTO Pagos (IDPagos,IDempleado,TipoPago,MontoPago,FechaPago) VALUES (10671,2,"CasaClaro",1059,"20108-09-13 09:24:37");
INSERT INTO Pagos (IDPagos,IDempleado,TipoPago,MontoPago,FechaPago) VALUES (10672,2,"CasaClaro",602,"2019-01-19 23:22:43");
INSERT INTO Pagos (IDPagos,IDempleado,TipoPago,MontoPago,FechaPago) VALUES (10673,1,"Luz",1356,"2019-06-13 108:52:59");
INSERT INTO Pagos (IDPagos,IDempleado,TipoPago,MontoPago,FechaPago) VALUES (10674,1,"Luz",440,"20108-10-29 13:43:47");
INSERT INTO Pagos (IDPagos,IDempleado,TipoPago,MontoPago,FechaPago) VALUES (10675,1,"Luz",570,"2019-07-23 01:35:13");
INSERT INTO Pagos (IDPagos,IDempleado,TipoPago,MontoPago,FechaPago) VALUES (10676,2,"Agua",370,"2019-05-24 12:10:06");
INSERT INTO Pagos (IDPagos,IDempleado,TipoPago,MontoPago,FechaPago) VALUES (10677,1,"Agua",1290,"2019-01-09 21:08:02");
INSERT INTO Pagos (IDPagos,IDempleado,TipoPago,MontoPago,FechaPago) VALUES (10678,1,"Agua",55,"2019-02-07 21:104:52");
INSERT INTO Pagos (IDPagos,IDempleado,TipoPago,MontoPago,FechaPago) VALUES (10679,1,"CasaClaro",12108,"20108-09-05 108:106:33");
INSERT INTO Pagos (IDPagos,IDempleado,TipoPago,MontoPago,FechaPago) VALUES (10680,2,"CasaClaro",705,"2019-05-19 108:59:20");
INSERT INTO Pagos (IDPagos,IDempleado,TipoPago,MontoPago,FechaPago) VALUES (10681,2,"CasaClaro",1344,"2019-05-21 11:19:30");
INSERT INTO Pagos (IDPagos,IDempleado,TipoPago,MontoPago,FechaPago) VALUES (10682,2,"Luz",803,"20108-11-29 07:47:43");
INSERT INTO Pagos (IDPagos,IDempleado,TipoPago,MontoPago,FechaPago) VALUES (10683,1,"Luz",657,"20108-08-106 10:24:24");
INSERT INTO Pagos (IDPagos,IDempleado,TipoPago,MontoPago,FechaPago) VALUES (10684,1,"Luz",1327,"2019-04-19 21:26:54");
INSERT INTO Pagos (IDPagos,IDempleado,TipoPago,MontoPago,FechaPago) VALUES (10685,1,"Agua",507,"2019-04-26 12:44:51");
INSERT INTO Pagos (IDPagos,IDempleado,TipoPago,MontoPago,FechaPago) VALUES (10686,2,"Agua",643,"2019-08-06 00:106:20");
INSERT INTO Pagos (IDPagos,IDempleado,TipoPago,MontoPago,FechaPago) VALUES (10687,2,"Agua",198,"20108-08-22 20:40:25");
INSERT INTO Pagos (IDPagos,IDempleado,TipoPago,MontoPago,FechaPago) VALUES (10688,1,"CasaClaro",263,"2019-02-21 22:21:07");
INSERT INTO Pagos (IDPagos,IDempleado,TipoPago,MontoPago,FechaPago) VALUES (10689,2,"CasaClaro",1348,"2019-06-106 104:49:55");
INSERT INTO Pagos (IDPagos,IDempleado,TipoPago,MontoPago,FechaPago) VALUES (10690,2,"CasaClaro",1063,"20108-12-106 08:45:54");
INSERT INTO Pagos (IDPagos,IDempleado,TipoPago,MontoPago,FechaPago) VALUES (10691,2,"Luz",996,"2019-05-108 00:00:03");
INSERT INTO Pagos (IDPagos,IDempleado,TipoPago,MontoPago,FechaPago) VALUES (10692,1,"Luz",406,"2019-04-10 07:41:22");
INSERT INTO Pagos (IDPagos,IDempleado,TipoPago,MontoPago,FechaPago) VALUES (10693,2,"Luz",11061,"20108-09-20 01:19:41");
INSERT INTO Pagos (IDPagos,IDempleado,TipoPago,MontoPago,FechaPago) VALUES (10694,1,"Agua",541,"2019-07-08 08:22:39");
INSERT INTO Pagos (IDPagos,IDempleado,TipoPago,MontoPago,FechaPago) VALUES (10695,2,"Agua",264,"20108-09-25 11:25:46");
INSERT INTO Pagos (IDPagos,IDempleado,TipoPago,MontoPago,FechaPago) VALUES (10696,1,"Agua",5105,"20108-11-19 22:08:36");
INSERT INTO Pagos (IDPagos,IDempleado,TipoPago,MontoPago,FechaPago) VALUES (10697,2,"CasaClaro",84,"20108-08-27 06:30:106");
INSERT INTO Pagos (IDPagos,IDempleado,TipoPago,MontoPago,FechaPago) VALUES (10698,1,"CasaClaro",942,"2019-05-04 05:28:09");
INSERT INTO Pagos (IDPagos,IDempleado,TipoPago,MontoPago,FechaPago) VALUES (10699,1,"CasaClaro",1298,"20108-08-22 19:54:13");

--Pedido [COMPLETADO - 99 REGISTROS]
INSERT INTO Pedido (FacturaPedido,IDproveedor,IDempleado,FechaPedido,MontoPedido) VALUES (201,107002,2,"2019-07-09 107:06:01",10665);
INSERT INTO Pedido (FacturaPedido,IDproveedor,IDempleado,FechaPedido,MontoPedido) VALUES (202,1070104,1,"20108-08-30 07:10:52",10698);
INSERT INTO Pedido (FacturaPedido,IDproveedor,IDempleado,FechaPedido,MontoPedido) VALUES (203,107002,1,"2019-06-12 09:47:07",398);
INSERT INTO Pedido (FacturaPedido,IDproveedor,IDempleado,FechaPedido,MontoPedido) VALUES (204,107034,1,"2019-05-23 19:34:19",10828);
INSERT INTO Pedido (FacturaPedido,IDproveedor,IDempleado,FechaPedido,MontoPedido) VALUES (205,107009,1,"2019-05-108 12:32:08",10537);
INSERT INTO Pedido (FacturaPedido,IDproveedor,IDempleado,FechaPedido,MontoPedido) VALUES (206,107012,2,"2019-05-106 104:12:09",10635);
INSERT INTO Pedido (FacturaPedido,IDproveedor,IDempleado,FechaPedido,MontoPedido) VALUES (207,107013,1,"2019-03-10 01:22:08",1953);
INSERT INTO Pedido (FacturaPedido,IDproveedor,IDempleado,FechaPedido,MontoPedido) VALUES (208,107023,2,"2019-06-08 07:36:28",972);
INSERT INTO Pedido (FacturaPedido,IDproveedor,IDempleado,FechaPedido,MontoPedido) VALUES (209,107025,1,"2019-05-13 00:45:38",366);
INSERT INTO Pedido (FacturaPedido,IDproveedor,IDempleado,FechaPedido,MontoPedido) VALUES (210,1070106,2,"20108-08-27 106:45:21",647);
INSERT INTO Pedido (FacturaPedido,IDproveedor,IDempleado,FechaPedido,MontoPedido) VALUES (211,107032,2,"20108-08-07 05:03:21",104107);
INSERT INTO Pedido (FacturaPedido,IDproveedor,IDempleado,FechaPedido,MontoPedido) VALUES (212,107032,1,"20108-09-29 06:09:45",571);
INSERT INTO Pedido (FacturaPedido,IDproveedor,IDempleado,FechaPedido,MontoPedido) VALUES (213,107024,2,"20108-10-13 13:55:46",1975);
INSERT INTO Pedido (FacturaPedido,IDproveedor,IDempleado,FechaPedido,MontoPedido) VALUES (2104,107003,2,"2019-07-25 105:05:104",10739);
INSERT INTO Pedido (FacturaPedido,IDproveedor,IDempleado,FechaPedido,MontoPedido) VALUES (2105,107008,2,"2019-02-09 00:43:23",10692);
INSERT INTO Pedido (FacturaPedido,IDproveedor,IDempleado,FechaPedido,MontoPedido) VALUES (2106,107021,1,"20108-12-02 104:43:32",52);
INSERT INTO Pedido (FacturaPedido,IDproveedor,IDempleado,FechaPedido,MontoPedido) VALUES (2107,107007,2,"2019-02-04 11:25:45",1139);
INSERT INTO Pedido (FacturaPedido,IDproveedor,IDempleado,FechaPedido,MontoPedido) VALUES (2108,107028,1,"20108-09-104 00:06:54",510);
INSERT INTO Pedido (FacturaPedido,IDproveedor,IDempleado,FechaPedido,MontoPedido) VALUES (219,107019,2,"2019-04-22 02:107:55",10751);
INSERT INTO Pedido (FacturaPedido,IDproveedor,IDempleado,FechaPedido,MontoPedido) VALUES (220,107019,2,"20108-11-25 05:34:09",599);
INSERT INTO Pedido (FacturaPedido,IDproveedor,IDempleado,FechaPedido,MontoPedido) VALUES (221,107009,2,"2019-03-105 07:13:35",10788);
INSERT INTO Pedido (FacturaPedido,IDproveedor,IDempleado,FechaPedido,MontoPedido) VALUES (222,107029,2,"20108-12-27 21:43:51",10751);
INSERT INTO Pedido (FacturaPedido,IDproveedor,IDempleado,FechaPedido,MontoPedido) VALUES (223,107025,1,"20108-12-06 09:54:41",1394);
INSERT INTO Pedido (FacturaPedido,IDproveedor,IDempleado,FechaPedido,MontoPedido) VALUES (224,107022,2,"2019-07-07 20:56:46",10642);
INSERT INTO Pedido (FacturaPedido,IDproveedor,IDempleado,FechaPedido,MontoPedido) VALUES (225,1070105,1,"20108-10-24 11:54:31",684);
INSERT INTO Pedido (FacturaPedido,IDproveedor,IDempleado,FechaPedido,MontoPedido) VALUES (226,1070108,2,"2019-05-19 02:54:45",385);
INSERT INTO Pedido (FacturaPedido,IDproveedor,IDempleado,FechaPedido,MontoPedido) VALUES (227,107001,1,"20108-08-19 105:47:25",1071);
INSERT INTO Pedido (FacturaPedido,IDproveedor,IDempleado,FechaPedido,MontoPedido) VALUES (228,107022,2,"2019-07-25 08:21:09",1352);
INSERT INTO Pedido (FacturaPedido,IDproveedor,IDempleado,FechaPedido,MontoPedido) VALUES (229,107027,2,"2019-03-13 02:51:41",11051);
INSERT INTO Pedido (FacturaPedido,IDproveedor,IDempleado,FechaPedido,MontoPedido) VALUES (230,107027,1,"2019-07-01 08:19:26",427);
INSERT INTO Pedido (FacturaPedido,IDproveedor,IDempleado,FechaPedido,MontoPedido) VALUES (231,107030,1,"2019-03-26 20:24:50",733);
INSERT INTO Pedido (FacturaPedido,IDproveedor,IDempleado,FechaPedido,MontoPedido) VALUES (232,107012,2,"2019-08-04 09:28:10",11060);
INSERT INTO Pedido (FacturaPedido,IDproveedor,IDempleado,FechaPedido,MontoPedido) VALUES (233,107013,1,"20108-09-08 03:25:108",107105);
INSERT INTO Pedido (FacturaPedido,IDproveedor,IDempleado,FechaPedido,MontoPedido) VALUES (234,107007,1,"2019-06-105 13:46:57",10788);
INSERT INTO Pedido (FacturaPedido,IDproveedor,IDempleado,FechaPedido,MontoPedido) VALUES (235,107032,2,"2019-07-28 108:105:104",1079);
INSERT INTO Pedido (FacturaPedido,IDproveedor,IDempleado,FechaPedido,MontoPedido) VALUES (236,107034,2,"2019-03-20 108:29:12",1300);
INSERT INTO Pedido (FacturaPedido,IDproveedor,IDempleado,FechaPedido,MontoPedido) VALUES (237,107027,1,"20108-10-24 02:49:13",96);
INSERT INTO Pedido (FacturaPedido,IDproveedor,IDempleado,FechaPedido,MontoPedido) VALUES (238,107022,2,"2019-01-20 09:45:106",1954);
INSERT INTO Pedido (FacturaPedido,IDproveedor,IDempleado,FechaPedido,MontoPedido) VALUES (239,107013,2,"20108-09-26 01:105:13",758);
INSERT INTO Pedido (FacturaPedido,IDproveedor,IDempleado,FechaPedido,MontoPedido) VALUES (240,107030,2,"2019-08-01 12:13:09",10626);
INSERT INTO Pedido (FacturaPedido,IDproveedor,IDempleado,FechaPedido,MontoPedido) VALUES (241,107010,1,"20108-08-20 06:48:05",1385);
INSERT INTO Pedido (FacturaPedido,IDproveedor,IDempleado,FechaPedido,MontoPedido) VALUES (242,107034,2,"2019-06-26 19:34:38",273);
INSERT INTO Pedido (FacturaPedido,IDproveedor,IDempleado,FechaPedido,MontoPedido) VALUES (243,107012,2,"2019-06-22 03:10:02",936);
INSERT INTO Pedido (FacturaPedido,IDproveedor,IDempleado,FechaPedido,MontoPedido) VALUES (244,107027,2,"2019-05-02 07:05:25",588);
INSERT INTO Pedido (FacturaPedido,IDproveedor,IDempleado,FechaPedido,MontoPedido) VALUES (245,107027,2,"2019-03-06 105:31:47",10743);
INSERT INTO Pedido (FacturaPedido,IDproveedor,IDempleado,FechaPedido,MontoPedido) VALUES (246,107013,2,"20108-10-19 06:49:28",1207);
INSERT INTO Pedido (FacturaPedido,IDproveedor,IDempleado,FechaPedido,MontoPedido) VALUES (247,107012,2,"2019-03-30 19:105:58",734);
INSERT INTO Pedido (FacturaPedido,IDproveedor,IDempleado,FechaPedido,MontoPedido) VALUES (248,107003,2,"2019-06-03 106:38:46",346);
INSERT INTO Pedido (FacturaPedido,IDproveedor,IDempleado,FechaPedido,MontoPedido) VALUES (249,107024,1,"20108-08-07 21:104:44",581);
INSERT INTO Pedido (FacturaPedido,IDproveedor,IDempleado,FechaPedido,MontoPedido) VALUES (250,1070108,1,"20108-10-106 02:34:107",1979);
INSERT INTO Pedido (FacturaPedido,IDproveedor,IDempleado,FechaPedido,MontoPedido) VALUES (251,107008,1,"2019-04-28 106:104:29",951);
INSERT INTO Pedido (FacturaPedido,IDproveedor,IDempleado,FechaPedido,MontoPedido) VALUES (252,107007,2,"20108-08-24 13:106:10",265);

--Producto [COMPLETO - 99 REGISTROS]
INSERT Producto (IDproducto, Nombre, Forma_farmaceutica, Dosis_Contenido, Unidad_medida, Restriccion, Generico, Descontinuado) VALUES (1001, "Acetaminofen", "Gotas", 30, "ml", 0, 1, 0);
INSERT Producto (IDproducto, Nombre, Forma_farmaceutica, Dosis_Contenido, Unidad_medida, Restriccion, Generico, Descontinuado) VALUES (1002, "Aciclovir", "Tabletas", 400, "mg", 0, 1, 0);
INSERT Producto (IDproducto, Nombre, Forma_farmaceutica, Dosis_Contenido, Unidad_medida, Restriccion, Generico, Descontinuado) VALUES (1003, "Mucolex", "Jarabe", 90, "ml", 0, 0, 0);
INSERT Producto (IDproducto, Nombre, Forma_farmaceutica, Dosis_Contenido, Unidad_medida, Restriccion, Generico, Descontinuado) VALUES (1004, "Zepol Deportista", "Crema", 30, "gr", 0, 0, 0);
INSERT Producto (IDproducto, Nombre, Forma_farmaceutica, Dosis_Contenido, Unidad_medida, Restriccion, Generico, Descontinuado) VALUES (1005, "Alka-D", "Tabletas", 25, "gr", 0, 0, 1);
INSERT Producto (IDproducto, Nombre, Forma_farmaceutica, Dosis_Contenido, Unidad_medida, Restriccion, Generico, Descontinuado) VALUES (1006, "Amoxicilina", "Tabletas",500, "ml", 0, 0, 0);
INSERT Producto (IDproducto, Nombre, Forma_farmaceutica, Dosis_Contenido, Unidad_medida, Restriccion, Generico, Descontinuado) VALUES (1007, "Ambroxol", "Jarabe", 100, "ml", 0, 0, 0);
INSERT Producto (IDproducto, Nombre, Forma_farmaceutica, Dosis_Contenido, Unidad_medida, Restriccion, Generico, Descontinuado) VALUES (1008, "Ketotifeno", "Tabletas",1, "mg", 0, 0, 0);
INSERT Producto (IDproducto, Nombre, Forma_farmaceutica, Dosis_Contenido, Unidad_medida, Restriccion, Generico, Descontinuado) VALUES (1009, "Bromexina", "Jarabe", 120, "ml", 0, 0, 0);
INSERT Producto (IDproducto, Nombre, Forma_farmaceutica, Dosis_Contenido, Unidad_medida, Restriccion, Generico, Descontinuado) VALUES (1010, "Broncodil", "Gotas", 30, "ml", 0, 0, 0);
INSERT Producto (IDproducto, Nombre, Forma_farmaceutica, Dosis_Contenido, Unidad_medida, Restriccion, Generico, Descontinuado) VALUES (1011, "Electrolit", "Suero", 625, "ml", 0, 0, 0);
INSERT Producto (IDproducto, Nombre, Forma_farmaceutica, Dosis_Contenido, Unidad_medida, Restriccion, Generico, Descontinuado) VALUES (1012, "Kalizzer", "Suspension",1080, "ml", 0, 0, 0);
INSERT Producto (IDproducto, Nombre, Forma_farmaceutica, Dosis_Contenido, Unidad_medida, Restriccion, Generico, Descontinuado) VALUES (1013, "Lorazepam", "Tabletas", 2, "mg", 1, 0, 0);
INSERT Producto (IDproducto, Nombre, Forma_farmaceutica, Dosis_Contenido, Unidad_medida, Restriccion, Generico, Descontinuado) VALUES (10104, "Panesia", "Spray", 20, "ml", 0, 0, 0);
INSERT Producto (IDproducto, Nombre, Forma_farmaceutica, Dosis_Contenido, Unidad_medida, Restriccion, Generico, Descontinuado) VALUES (10105, "Clotrimazol", "Crema", 20, "gr", 0, 0, 0);
INSERT Producto (IDproducto, Nombre, Forma_farmaceutica, Dosis_Contenido, Unidad_medida, Restriccion, Generico, Descontinuado) VALUES (10106, "ViroGrip Gel AM", "Tabletas", 24, "mg", 0, 0, 0);
INSERT Producto (IDproducto, Nombre, Forma_farmaceutica, Dosis_Contenido, Unidad_medida, Restriccion, Generico, Descontinuado) VALUES (10107, "ViroGrip Gel PM", "Tabletas", 24, "mg", 0, 0, 0);
INSERT Producto (IDproducto, Nombre, Forma_farmaceutica, Dosis_Contenido, Unidad_medida, Restriccion, Generico, Descontinuado) VALUES (10108, "Prueba de embarazo", "Unidad", 0, "-", 0, 0, 0);
INSERT Producto (IDproducto, Nombre, Forma_farmaceutica, Dosis_Contenido, Unidad_medida, Restriccion, Generico, Descontinuado) VALUES (1019, "ViroGrip Gel AM", "Tabletas", 24, "mg", 0, 0, 0);
INSERT Producto (IDproducto, Nombre, Forma_farmaceutica, Dosis_Contenido, Unidad_medida, Restriccion, Generico, Descontinuado) VALUES (1020, "Loratadina", "Tabletas", 10, "mg", 0, 0, 0);
INSERT Producto (IDproducto, Nombre, Forma_farmaceutica, Dosis_Contenido, Unidad_medida, Restriccion, Generico, Descontinuado) VALUES (1021, "ViroGrip Gel AM", "Tabletas", 24, "mg", 0, 0, 0);
INSERT Producto (IDproducto, Nombre, Forma_farmaceutica, Dosis_Contenido, Unidad_medida, Restriccion, Generico, Descontinuado) VALUES (1022, "Serafon", "Jarabe", 1050, "ml", 0, 0, 0);
INSERT Producto (IDproducto, Nombre, Forma_farmaceutica, Dosis_Contenido, Unidad_medida, Restriccion, Generico, Descontinuado) VALUES (1023, "Virogrip", "Jarabe", 1050, "ml", 0, 0, 0);
INSERT Producto (IDproducto, Nombre, Forma_farmaceutica, Dosis_Contenido, Unidad_medida, Restriccion, Generico, Descontinuado) VALUES (1024, "Sulfaprim", "Jarabe", 200, "ml", 0, 0, 0);
INSERT Producto (IDproducto, Nombre, Forma_farmaceutica, Dosis_Contenido, Unidad_medida, Restriccion, Generico, Descontinuado) VALUES (1025, "Clotrimazol", "Crema", 20, "gr", 0, 0, 0);
INSERT Producto (IDproducto, Nombre, Forma_farmaceutica, Dosis_Contenido, Unidad_medida, Restriccion, Generico, Descontinuado) VALUES (1026, "Fungil", "Locion", 30, "ml", 0, 0, 0);
INSERT Producto (IDproducto, Nombre, Forma_farmaceutica, Dosis_Contenido, Unidad_medida, Restriccion, Generico, Descontinuado) VALUES (1027, "Fungil", "Spray", 60, "ml", 0, 0, 0);
INSERT Producto (IDproducto, Nombre, Forma_farmaceutica, Dosis_Contenido, Unidad_medida, Restriccion, Generico, Descontinuado) VALUES (1028, "Fungil", "Talco", 60, "gr", 0, 0, 0);
INSERT Producto (IDproducto, Nombre, Forma_farmaceutica, Dosis_Contenido, Unidad_medida, Restriccion, Generico, Descontinuado) VALUES (1029, "Leche Magnesia", "Jarabe", 1105, "ml", 0, 0, 0);
INSERT Producto (IDproducto, Nombre, Forma_farmaceutica, Dosis_Contenido, Unidad_medida, Restriccion, Generico, Descontinuado) VALUES (1030, "P.P.M.S", "Tabletas", 0.75, "mg", 0, 0, 0);
INSERT Producto (IDproducto, Nombre, Forma_farmaceutica, Dosis_Contenido, Unidad_medida, Restriccion, Generico, Descontinuado) VALUES (1031, "Aceite Mineral", "Aceite Mineral", 60, "ml", 0, 1, 0);
INSERT Producto (IDproducto, Nombre, Forma_farmaceutica, Dosis_Contenido, Unidad_medida, Restriccion, Generico, Descontinuado) VALUES (1032, "Diclofenac Sodico", "Tabletas", 100, "mg", 0, 1, 0);
INSERT Producto (IDproducto, Nombre, Forma_farmaceutica, Dosis_Contenido, Unidad_medida, Restriccion, Generico, Descontinuado) VALUES (1033, "Losardil", "Tabletas", 100, "mg", 0, 1, 0);
INSERT Producto (IDproducto, Nombre, Forma_farmaceutica, Dosis_Contenido, Unidad_medida, Restriccion, Generico, Descontinuado) VALUES (1034, "Losardil", "Tabletas",  50, "mg", 0, 1, 0);
INSERT Producto (IDproducto, Nombre, Forma_farmaceutica, Dosis_Contenido, Unidad_medida, Restriccion, Generico, Descontinuado) VALUES (1035, "Bromuro de ipratropio", "Aerosol", 0.25, "ml", 0, 1, 0);
INSERT Producto (IDproducto, Nombre, Forma_farmaceutica, Dosis_Contenido, Unidad_medida, Restriccion, Generico, Descontinuado) VALUES (1036, "Acido Acetilsaliclico", "Tabletas", 100, "gr", 0, 1, 0);
INSERT Producto (IDproducto, Nombre, Forma_farmaceutica, Dosis_Contenido, Unidad_medida, Restriccion, Generico, Descontinuado) VALUES (1037, "Metformina", "Tabletas", 850, "mg", 0, 0, 0);
INSERT Producto (IDproducto, Nombre, Forma_farmaceutica, Dosis_Contenido, Unidad_medida, Restriccion, Generico, Descontinuado) VALUES (1038, "Ginkgo Biloba", "Capsulas",60, "mg", 0, 0, 0);
INSERT Producto (IDproducto, Nombre, Forma_farmaceutica, Dosis_Contenido, Unidad_medida, Restriccion, Generico, Descontinuado) VALUES (1039, "Macrovitam", "Jarabe", 240, "ml", 0, 0, 0);
INSERT Producto (IDproducto, Nombre, Forma_farmaceutica, Dosis_Contenido, Unidad_medida, Restriccion, Generico, Descontinuado) VALUES (1040, "Macrovitam", "Gotas", 30, "ml", 0, 0, 0);
INSERT Producto (IDproducto, Nombre, Forma_farmaceutica, Dosis_Contenido, Unidad_medida, Restriccion, Generico, Descontinuado) VALUES (1041, "Ketomed", "Jarabe", 120, "ml", 0, 0, 0);
INSERT Producto (IDproducto, Nombre, Forma_farmaceutica, Dosis_Contenido, Unidad_medida, Restriccion, Generico, Descontinuado) VALUES (1042, "Dolovitalgia", "Tabletas", 80, "mg", 0, 0, 0);
INSERT Producto (IDproducto, Nombre, Forma_farmaceutica, Dosis_Contenido, Unidad_medida, Restriccion, Generico, Descontinuado) VALUES (1043, "Salbutamol", "Spray", 100, "ml", 0, 1, 0);
INSERT Producto (IDproducto, Nombre, Forma_farmaceutica, Dosis_Contenido, Unidad_medida, Restriccion, Generico, Descontinuado) VALUES (1044, "Ketorolaco", "Tabletas",10, "mg", 0, 1, 0);
INSERT Producto (IDproducto, Nombre, Forma_farmaceutica, Dosis_Contenido, Unidad_medida, Restriccion, Generico, Descontinuado) VALUES (1045, "Ketorolaco", "Tabletas", 20, "mg", 1, 1, 0);
INSERT Producto (IDproducto, Nombre, Forma_farmaceutica, Dosis_Contenido, Unidad_medida, Restriccion, Generico, Descontinuado) VALUES (1046, "Dolofor", "Ampollas", 5, "ml", 0, 0, 0);
INSERT Producto (IDproducto, Nombre, Forma_farmaceutica, Dosis_Contenido, Unidad_medida, Restriccion, Generico, Descontinuado) VALUES (1047, "Espasmo dolofor", "Ampollas", 2, "ml", 0, 0, 0);
INSERT Producto (IDproducto, Nombre, Forma_farmaceutica, Dosis_Contenido, Unidad_medida, Restriccion, Generico, Descontinuado) VALUES (1048, "Desketoprofeno", "Tabletas", 25, "mg", 0, 1, 0);
INSERT Producto (IDproducto, Nombre, Forma_farmaceutica, Dosis_Contenido, Unidad_medida, Restriccion, Generico, Descontinuado) VALUES (1049, "Definhidramina", "Tabletas", 25, "mg", 0, 1, 0);
INSERT Producto (IDproducto, Nombre, Forma_farmaceutica, Dosis_Contenido, Unidad_medida, Restriccion, Generico, Descontinuado) VALUES (1050, "Furosolidona", "Jarabe", 100, "ml", 0, 1, 0);
INSERT Producto (IDproducto, Nombre, Forma_farmaceutica, Dosis_Contenido, Unidad_medida, Restriccion, Generico, Descontinuado) VALUES (1051, "Furosolidona", "Tabletas", 100, "mg", 0, 1, 0);
INSERT Producto (IDproducto, Nombre, Forma_farmaceutica, Dosis_Contenido, Unidad_medida, Restriccion, Generico, Descontinuado) VALUES (1052, "Jeringas", "-", 20, "cc", 0, 0, 0);
INSERT Producto (IDproducto, Nombre, Forma_farmaceutica, Dosis_Contenido, Unidad_medida, Restriccion, Generico, Descontinuado) VALUES (1053, "Jeringas", "-", 60, "cc", 0, 0, 0);
INSERT Producto (IDproducto, Nombre, Forma_farmaceutica, Dosis_Contenido, Unidad_medida, Restriccion, Generico, Descontinuado) VALUES (1054, "Pyrofantil", "Supositorios", 100, "mg", 0, 0, 0);
INSERT Producto (IDproducto, Nombre, Forma_farmaceutica, Dosis_Contenido, Unidad_medida, Restriccion, Generico, Descontinuado) VALUES (1055, "Pyrofantil", "Supositorios", 300, "mg", 0, 0, 0);
INSERT Producto (IDproducto, Nombre, Forma_farmaceutica, Dosis_Contenido, Unidad_medida, Restriccion, Generico, Descontinuado) VALUES (1056, "Sinalgex", "Supositorios", 300, "mg", 0, 0, 0);
INSERT Producto (IDproducto, Nombre, Forma_farmaceutica, Dosis_Contenido, Unidad_medida, Restriccion, Generico, Descontinuado) VALUES (1057, "Tramadol", "Tabletas", 100, "mg", 0, 1, 0);
INSERT Producto (IDproducto, Nombre, Forma_farmaceutica, Dosis_Contenido, Unidad_medida, Restriccion, Generico, Descontinuado) VALUES (1058, "Borax", "-", 30, "mg", 0, 1, 0);
INSERT Producto (IDproducto, Nombre, Forma_farmaceutica, Dosis_Contenido, Unidad_medida, Restriccion, Generico, Descontinuado) VALUES (1059, "Enalapril", "Tabletas", 10, "mg", 0, 0, 0);
INSERT Producto (IDproducto, Nombre, Forma_farmaceutica, Dosis_Contenido, Unidad_medida, Restriccion, Generico, Descontinuado) VALUES (1060, "Enalapril", "Tabletas", 10, "mg", 0, 0, 0);
INSERT Producto (IDproducto, Nombre, Forma_farmaceutica, Dosis_Contenido, Unidad_medida, Restriccion, Generico, Descontinuado) VALUES (1061, "Ibuprofeno", "Jarabe", 400, "mg", 0, 1, 0);
INSERT Producto (IDproducto, Nombre, Forma_farmaceutica, Dosis_Contenido, Unidad_medida, Restriccion, Generico, Descontinuado) VALUES (1062, "Ibuprofeno", "Tabletas", 400, "mg", 0, 1, 0);
INSERT Producto (IDproducto, Nombre, Forma_farmaceutica, Dosis_Contenido, Unidad_medida, Restriccion, Generico, Descontinuado) VALUES (1063, "Gorros de enfermera", "-", 0, "-", 0, 0, 0);
INSERT Producto (IDproducto, Nombre, Forma_farmaceutica, Dosis_Contenido, Unidad_medida, Restriccion, Generico, Descontinuado) VALUES (1064, "Furosolidona", "Tabletas", 100, "mg", 0, 1, 0);
INSERT Producto (IDproducto, Nombre, Forma_farmaceutica, Dosis_Contenido, Unidad_medida, Restriccion, Generico, Descontinuado) VALUES (1065, "Furosolidona", "Jarabe", 100, "ml", 0, 1, 0);
INSERT Producto (IDproducto, Nombre, Forma_farmaceutica, Dosis_Contenido, Unidad_medida, Restriccion, Generico, Descontinuado) VALUES (1066, "Mucolex", "Jarabe", 90, "ml", 0, 0, 0);
INSERT Producto (IDproducto, Nombre, Forma_farmaceutica, Dosis_Contenido, Unidad_medida, Restriccion, Generico, Descontinuado) VALUES (1067, "Higado Sanil ", "Tabletas", 80, "mg", 0, 0, 0);
INSERT Producto (IDproducto, Nombre, Forma_farmaceutica, Dosis_Contenido, Unidad_medida, Restriccion, Generico, Descontinuado) VALUES (1068, "Definhidramina", "Tabletas", 25, "mg", 0, 0, 1);
INSERT Producto (IDproducto, Nombre, Forma_farmaceutica, Dosis_Contenido, Unidad_medida, Restriccion, Generico, Descontinuado) VALUES (1069, "Amoxicilina", "Tabletas",500, "ml", 0, 0, 0);
INSERT Producto (IDproducto, Nombre, Forma_farmaceutica, Dosis_Contenido, Unidad_medida, Restriccion, Generico, Descontinuado) VALUES (1070, "Tramadol", "Ampollas", 50, "mg", 0, 0, 0);
INSERT Producto (IDproducto, Nombre, Forma_farmaceutica, Dosis_Contenido, Unidad_medida, Restriccion, Generico, Descontinuado) VALUES (1071, "Ketorolaco", "Ampollas", 30, "mg", 0, 0, 0);
INSERT Producto (IDproducto, Nombre, Forma_farmaceutica, Dosis_Contenido, Unidad_medida, Restriccion, Generico, Descontinuado) VALUES (1072, "Zepol", "Ungento", 30, "gr", 0, 0, 0);
INSERT Producto (IDproducto, Nombre, Forma_farmaceutica, Dosis_Contenido, Unidad_medida, Restriccion, Generico, Descontinuado) VALUES (1073, "Alcohol", "-", 500, "ml", 0, 0, 0);
INSERT Producto (IDproducto, Nombre, Forma_farmaceutica, Dosis_Contenido, Unidad_medida, Restriccion, Generico, Descontinuado) VALUES (1074, "Alcohol", "-", 100, "ml", 0, 0, 0);
INSERT Producto (IDproducto, Nombre, Forma_farmaceutica, Dosis_Contenido, Unidad_medida, Restriccion, Generico, Descontinuado) VALUES (1075, "Simvastatina", "Tabletas", 20, "mg", 0, 0, 0);
INSERT Producto (IDproducto, Nombre, Forma_farmaceutica, Dosis_Contenido, Unidad_medida, Restriccion, Generico, Descontinuado) VALUES (1076, "Dextrometorfano", "Jarabe", 120, "ml", 0, 0, 0);
INSERT Producto (IDproducto, Nombre, Forma_farmaceutica, Dosis_Contenido, Unidad_medida, Restriccion, Generico, Descontinuado) VALUES (1077, "Spasmoctyl", "Tabletas", 40, "mg", 0, 0, 0);
INSERT Producto (IDproducto, Nombre, Forma_farmaceutica, Dosis_Contenido, Unidad_medida, Restriccion, Generico, Descontinuado) VALUES (1078, "Ballena Azul Naranja", "Emulsin", 200, "ml", 0, 0, 0);
INSERT Producto (IDproducto, Nombre, Forma_farmaceutica, Dosis_Contenido, Unidad_medida, Restriccion, Generico, Descontinuado) VALUES (1079, "Azitromicina", "Tabletas", 500, "mg", 0, 1, 0);
INSERT Producto (IDproducto, Nombre, Forma_farmaceutica, Dosis_Contenido, Unidad_medida, Restriccion, Generico, Descontinuado) VALUES (1080, "Loratadina", "J", 24, "mg", 0, 0, 0);


--Proveedor [Completado - 35 REGISTROS]
INSERT Proveedor (IDproveedor, Tipo_proveedor, Nombre_proveedor, tel1, tel2) VALUES (107001, "Laboratorio", "Unifarm", "82245083","505441041");
INSERT Proveedor (IDproveedor, Tipo_proveedor, Nombre_proveedor, tel1, tel2) VALUES (107002, "Laboratorio", "Pharmalat", "86328780","50584497");
INSERT Proveedor (IDproveedor, Tipo_proveedor, Nombre_proveedor, tel1, tel2) VALUES (107003, "Laboratorio", "Ramos", "86869305","50582411");
INSERT Proveedor (IDproveedor, Tipo_proveedor, Nombre_proveedor, tel1, tel2) VALUES (107004, "Laboratorio", "Caplin Point", "89502120","505610672");
INSERT Proveedor (IDproveedor, Tipo_proveedor, Nombre_proveedor, tel1, tel2) VALUES (107005, "Laboratorio", "Procaps", "83632708","505310871");
INSERT Proveedor (IDproveedor, Tipo_proveedor, Nombre_proveedor, tel1, tel2) VALUES (107006, "Laboratorio", "Chia Fong","867510478","505368106");
INSERT Proveedor (IDproveedor, Tipo_proveedor, Nombre_proveedor, tel1, tel2) VALUES (107007, "Laboratorio", "Ceguel","87656496","50506111");
INSERT Proveedor (IDproveedor, Tipo_proveedor, Nombre_proveedor, tel1, tel2) VALUES (107008, "Laboratorio", "Rarpe","87249035","50549373");
INSERT Proveedor (IDproveedor, Tipo_proveedor, Nombre_proveedor, tel1, tel2) VALUES (107009, "Laboratorio", "Pisa","812106361","50526788");
INSERT Proveedor (IDproveedor, Tipo_proveedor, Nombre_proveedor, tel1, tel2) VALUES (107010, "Laboratorio", "Panzyma","82452831","50594381");
INSERT Proveedor (IDproveedor, Tipo_proveedor, Nombre_proveedor, tel1, tel2) VALUES (107011, "Laboratorio", "Infasa","82472541","50554505");
INSERT Proveedor (IDproveedor, Tipo_proveedor, Nombre_proveedor, tel1, tel2) VALUES (107012, "Laboratorio", "PFizer","853335108","505201084");
INSERT Proveedor (IDproveedor, Tipo_proveedor, Nombre_proveedor, tel1, tel2) VALUES (107013, "Laboratorio", "La Sant","89471012","50539881");
INSERT Proveedor (IDproveedor, Tipo_proveedor, Nombre_proveedor, tel1, tel2) VALUES (1070104, "Laboratorio", "Bengoechea","871078376","50596431");
INSERT Proveedor (IDproveedor, Tipo_proveedor, Nombre_proveedor, tel1, tel2) VALUES (1070105, "Distribuidor", "Rocha","86895446","50546020");
INSERT Proveedor (IDproveedor, Tipo_proveedor, Nombre_proveedor, tel1, tel2) VALUES (1070106, "Distribuidor", "J.Ruiz","88377702","50527204");
INSERT Proveedor (IDproveedor, Tipo_proveedor, Nombre_proveedor, tel1, tel2) VALUES (1070107, "Distribuidor", "Jazmin","86907496","50554013");
INSERT Proveedor (IDproveedor, Tipo_proveedor, Nombre_proveedor, tel1, tel2) VALUES (1070108, "Distribuidor", "Refanic","84891081","50582053");
INSERT Proveedor (IDproveedor, Tipo_proveedor, Nombre_proveedor, tel1, tel2) VALUES (107019, "Distribuidor", "Los Paisanos","87754774","505301078");
INSERT Proveedor (IDproveedor, Tipo_proveedor, Nombre_proveedor, tel1, tel2) VALUES (107020, "Distribuidor", "Krisan","84932838","50595898");
INSERT Proveedor (IDproveedor, Tipo_proveedor, Nombre_proveedor, tel1, tel2) VALUES (107021, "Laboratorio", "Solka","852410613","50529273");
INSERT Proveedor (IDproveedor, Tipo_proveedor, Nombre_proveedor, tel1, tel2) VALUES (107022, "Laboratorio", "Calox","81107530","505419108");
INSERT Proveedor (IDproveedor, Tipo_proveedor, Nombre_proveedor, tel1, tel2) VALUES (107023, "Laboratorio", "Unimark","87771903","50538060");
INSERT Proveedor (IDproveedor, Tipo_proveedor, Nombre_proveedor, tel1, tel2) VALUES (107024, "Laboratorio", "Zepol","834310661","50561358");
INSERT Proveedor (IDproveedor, Tipo_proveedor, Nombre_proveedor, tel1, tel2) VALUES (107025, "Laboratorio", "Altasa","83232788","50529789");
INSERT Proveedor (IDproveedor, Tipo_proveedor, Nombre_proveedor, tel1, tel2) VALUES (107026, "Laboratorio", "Winzzer","89796572","505241072");
INSERT Proveedor (IDproveedor, Tipo_proveedor, Nombre_proveedor, tel1, tel2) VALUES (107027, "Laboratorio", "Bayer","82923822","505104348");
INSERT Proveedor (IDproveedor, Tipo_proveedor, Nombre_proveedor, tel1, tel2) VALUES (107028, "Laboratorio", "Discarsa","81272620","50545650");
INSERT Proveedor (IDproveedor, Tipo_proveedor, Nombre_proveedor, tel1, tel2) VALUES (107029, "Laboratorio", "Euros","82723919","50576799");
INSERT Proveedor (IDproveedor, Tipo_proveedor, Nombre_proveedor, tel1, tel2) VALUES (107030, "Distribuidor", "Refanic","85959242","50576341");
INSERT Proveedor (IDproveedor, Tipo_proveedor, Nombre_proveedor, tel1, tel2) VALUES (107031, "Distribuidor", "Dicegsa","82023051","505910681");
INSERT Proveedor (IDproveedor, Tipo_proveedor, Nombre_proveedor, tel1, tel2) VALUES (107032, "Distribuidor", "Farcosa","878729107","50508896");
INSERT Proveedor (IDproveedor, Tipo_proveedor, Nombre_proveedor, tel1, tel2) VALUES (107033, "Distribuidor", "Disprofar","84546224","50529781");
INSERT Proveedor (IDproveedor, Tipo_proveedor, Nombre_proveedor, tel1, tel2) VALUES (107034, "Distribuidor", "Pushendorf","826410888","50587955");
INSERT Proveedor (IDproveedor, Tipo_proveedor, Nombre_proveedor, tel1, tel2) VALUES (107035, "Distribuidor", "Generifar","851261068","50590685");
INSERT Proveedor (IDproveedor, Tipo_proveedor, Nombre_proveedor, tel1, tel2) VALUES (107036, "Laboratorio", "Natural Herbal","845323108","50595432");

--UtilidadProducto [COMPLETADO - 99 REGISTROS]
INSERT INTO UtilidadProducto (IDproducto,IDenfermedad) VALUES (1001,5009);
INSERT INTO UtilidadProducto (IDproducto,IDenfermedad) VALUES (1002,5022);
INSERT INTO UtilidadProducto (IDproducto,IDenfermedad) VALUES (1003,5011);
INSERT INTO UtilidadProducto (IDproducto,IDenfermedad) VALUES (1004,5025);
INSERT INTO UtilidadProducto (IDproducto,IDenfermedad) VALUES (1005,5019);
INSERT INTO UtilidadProducto (IDproducto,IDenfermedad) VALUES (1006,5014);
INSERT INTO UtilidadProducto (IDproducto,IDenfermedad) VALUES (1007,5001);
INSERT INTO UtilidadProducto (IDproducto,IDenfermedad) VALUES (1008,5007);
INSERT INTO UtilidadProducto (IDproducto,IDenfermedad) VALUES (1009,5023);
INSERT INTO UtilidadProducto (IDproducto,IDenfermedad) VALUES (1010,5020);
INSERT INTO UtilidadProducto (IDproducto,IDenfermedad) VALUES (1011,5016);
INSERT INTO UtilidadProducto (IDproducto,IDenfermedad) VALUES (1012,5009);
INSERT INTO UtilidadProducto (IDproducto,IDenfermedad) VALUES (1013,5015);
INSERT INTO UtilidadProducto (IDproducto,IDenfermedad) VALUES (1014,5023);
INSERT INTO UtilidadProducto (IDproducto,IDenfermedad) VALUES (1015,5024);
INSERT INTO UtilidadProducto (IDproducto,IDenfermedad) VALUES (1016,5020);
INSERT INTO UtilidadProducto (IDproducto,IDenfermedad) VALUES (1018,5013);
INSERT INTO UtilidadProducto (IDproducto,IDenfermedad) VALUES (1019,5010);
INSERT INTO UtilidadProducto (IDproducto,IDenfermedad) VALUES (1020,5015);
INSERT INTO UtilidadProducto (IDproducto,IDenfermedad) VALUES (1021,5010);
INSERT INTO UtilidadProducto (IDproducto,IDenfermedad) VALUES (1022,5019);
INSERT INTO UtilidadProducto (IDproducto,IDenfermedad) VALUES (1023,5003);
INSERT INTO UtilidadProducto (IDproducto,IDenfermedad) VALUES (1024,5007);
INSERT INTO UtilidadProducto (IDproducto,IDenfermedad) VALUES (1025,5010);
INSERT INTO UtilidadProducto (IDproducto,IDenfermedad) VALUES (1026,5016);
INSERT INTO UtilidadProducto (IDproducto,IDenfermedad) VALUES (1027,5020);
INSERT INTO UtilidadProducto (IDproducto,IDenfermedad) VALUES (1028,5025);
INSERT INTO UtilidadProducto (IDproducto,IDenfermedad) VALUES (1029,5011);
INSERT INTO UtilidadProducto (IDproducto,IDenfermedad) VALUES (1030,5024);
INSERT INTO UtilidadProducto (IDproducto,IDenfermedad) VALUES (1031,5025);
INSERT INTO UtilidadProducto (IDproducto,IDenfermedad) VALUES (1032,5024);
INSERT INTO UtilidadProducto (IDproducto,IDenfermedad) VALUES (1033,5014);
INSERT INTO UtilidadProducto (IDproducto,IDenfermedad) VALUES (1034,5002);
INSERT INTO UtilidadProducto (IDproducto,IDenfermedad) VALUES (1035,5021);
INSERT INTO UtilidadProducto (IDproducto,IDenfermedad) VALUES (1036,5024);
INSERT INTO UtilidadProducto (IDproducto,IDenfermedad) VALUES (1037,5022);
INSERT INTO UtilidadProducto (IDproducto,IDenfermedad) VALUES (1038,5004);
INSERT INTO UtilidadProducto (IDproducto,IDenfermedad) VALUES (1039,5025);
INSERT INTO UtilidadProducto (IDproducto,IDenfermedad) VALUES (1040,5016);
INSERT INTO UtilidadProducto (IDproducto,IDenfermedad) VALUES (1041,5019);
INSERT INTO UtilidadProducto (IDproducto,IDenfermedad) VALUES (1042,5014);
INSERT INTO UtilidadProducto (IDproducto,IDenfermedad) VALUES (1043,5006);
INSERT INTO UtilidadProducto (IDproducto,IDenfermedad) VALUES (1044,5021);
INSERT INTO UtilidadProducto (IDproducto,IDenfermedad) VALUES (1045,5006);
INSERT INTO UtilidadProducto (IDproducto,IDenfermedad) VALUES (1046,5012);
INSERT INTO UtilidadProducto (IDproducto,IDenfermedad) VALUES (1047,5019);
INSERT INTO UtilidadProducto (IDproducto,IDenfermedad) VALUES (1048,5001);
INSERT INTO UtilidadProducto (IDproducto,IDenfermedad) VALUES (1049,5014);
INSERT INTO UtilidadProducto (IDproducto,IDenfermedad) VALUES (1050,5023);
INSERT INTO UtilidadProducto (IDproducto,IDenfermedad) VALUES (1051,5009);
INSERT INTO UtilidadProducto (IDproducto,IDenfermedad) VALUES (1052,5011);
INSERT INTO UtilidadProducto (IDproducto,IDenfermedad) VALUES (1053,5021);
INSERT INTO UtilidadProducto (IDproducto,IDenfermedad) VALUES (1054,5003);
INSERT INTO UtilidadProducto (IDproducto,IDenfermedad) VALUES (1055,5014);
INSERT INTO UtilidadProducto (IDproducto,IDenfermedad) VALUES (1056,5014);
INSERT INTO UtilidadProducto (IDproducto,IDenfermedad) VALUES (1057,5006);
INSERT INTO UtilidadProducto (IDproducto,IDenfermedad) VALUES (1058,5006);
INSERT INTO UtilidadProducto (IDproducto,IDenfermedad) VALUES (1059,5021);
INSERT INTO UtilidadProducto (IDproducto,IDenfermedad) VALUES (1060,5015);
INSERT INTO UtilidadProducto (IDproducto,IDenfermedad) VALUES (1061,5004);
INSERT INTO UtilidadProducto (IDproducto,IDenfermedad) VALUES (1062,5016);
INSERT INTO UtilidadProducto (IDproducto,IDenfermedad) VALUES (1063,5013);
INSERT INTO UtilidadProducto (IDproducto,IDenfermedad) VALUES (1064,5017);
INSERT INTO UtilidadProducto (IDproducto,IDenfermedad) VALUES (1065,5014);
INSERT INTO UtilidadProducto (IDproducto,IDenfermedad) VALUES (1066,5015);
INSERT INTO UtilidadProducto (IDproducto,IDenfermedad) VALUES (1067,5016);
INSERT INTO UtilidadProducto (IDproducto,IDenfermedad) VALUES (1068,5013);
INSERT INTO UtilidadProducto (IDproducto,IDenfermedad) VALUES (1069,5007);
INSERT INTO UtilidadProducto (IDproducto,IDenfermedad) VALUES (1070,5006);
INSERT INTO UtilidadProducto (IDproducto,IDenfermedad) VALUES (1071,5017);
INSERT INTO UtilidadProducto (IDproducto,IDenfermedad) VALUES (1072,5003);
INSERT INTO UtilidadProducto (IDproducto,IDenfermedad) VALUES (1073,5003);
INSERT INTO UtilidadProducto (IDproducto,IDenfermedad) VALUES (1074,5025);
INSERT INTO UtilidadProducto (IDproducto,IDenfermedad) VALUES (1075,5022);
INSERT INTO UtilidadProducto (IDproducto,IDenfermedad) VALUES (1076,5022);
INSERT INTO UtilidadProducto (IDproducto,IDenfermedad) VALUES (1077,5006);
INSERT INTO UtilidadProducto (IDproducto,IDenfermedad) VALUES (1078,50107);
INSERT INTO UtilidadProducto (IDproducto,IDenfermedad) VALUES (1079,5016);
INSERT INTO UtilidadProducto (IDproducto,IDenfermedad) VALUES (1080,5025);

--PerdidaProducto [COMPLETADO - 99 REGISTROS]
INSERT INTO PerdidaProducto (IDproducto,IDLote,IDperdida,Cantidad,MontoPerdido) VALUES (1057,86600,2301,6,1076);
INSERT INTO PerdidaProducto (IDproducto,IDLote,IDperdida,Cantidad,MontoPerdido) VALUES (1038,881063,2302,4,128);
INSERT INTO PerdidaProducto (IDproducto,IDLote,IDperdida,Cantidad,MontoPerdido) VALUES (1035,88937,2303,5,1047);
INSERT INTO PerdidaProducto (IDproducto,IDLote,IDperdida,Cantidad,MontoPerdido) VALUES (1024,80832,2304,3,73);
INSERT INTO PerdidaProducto (IDproducto,IDLote,IDperdida,Cantidad,MontoPerdido) VALUES (1010,81361,2305,5,1073);
INSERT INTO PerdidaProducto (IDproducto,IDLote,IDperdida,Cantidad,MontoPerdido) VALUES (1019,94877,2306,5,68);
INSERT INTO PerdidaProducto (IDproducto,IDLote,IDperdida,Cantidad,MontoPerdido) VALUES (1012,831049,2307,4,1077);
INSERT INTO PerdidaProducto (IDproducto,IDLote,IDperdida,Cantidad,MontoPerdido) VALUES (1031,94603,2308,3,1050);
INSERT INTO PerdidaProducto (IDproducto,IDLote,IDperdida,Cantidad,MontoPerdido) VALUES (1011,89935,2309,5,1086);
INSERT INTO PerdidaProducto (IDproducto,IDLote,IDperdida,Cantidad,MontoPerdido) VALUES (1006,88923,2310,4,1066);
INSERT INTO PerdidaProducto (IDproducto,IDLote,IDperdida,Cantidad,MontoPerdido) VALUES (1037,92053,2311,4,61);
INSERT INTO PerdidaProducto (IDproducto,IDLote,IDperdida,Cantidad,MontoPerdido) VALUES (1039,861083,2312,1,131);
INSERT INTO PerdidaProducto (IDproducto,IDLote,IDperdida,Cantidad,MontoPerdido) VALUES (1079,86198,2313,1,74);
INSERT INTO PerdidaProducto (IDproducto,IDLote,IDperdida,Cantidad,MontoPerdido) VALUES (1037,88367,23104,2,108);
INSERT INTO PerdidaProducto (IDproducto,IDLote,IDperdida,Cantidad,MontoPerdido) VALUES (10105,88866,23105,3,107);
INSERT INTO PerdidaProducto (IDproducto,IDLote,IDperdida,Cantidad,MontoPerdido) VALUES (1067,87444,23106,1,51);
INSERT INTO PerdidaProducto (IDproducto,IDLote,IDperdida,Cantidad,MontoPerdido) VALUES (1067,85500,23107,1,139);
INSERT INTO PerdidaProducto (IDproducto,IDLote,IDperdida,Cantidad,MontoPerdido) VALUES (1065,92247,23108,4,132);
INSERT INTO PerdidaProducto (IDproducto,IDLote,IDperdida,Cantidad,MontoPerdido) VALUES (1096,92139,2319,3,64);
INSERT INTO PerdidaProducto (IDproducto,IDLote,IDperdida,Cantidad,MontoPerdido) VALUES (1094,812108,2320,3,1045);
INSERT INTO PerdidaProducto (IDproducto,IDLote,IDperdida,Cantidad,MontoPerdido) VALUES (1039,94102,2321,4,74);
INSERT INTO PerdidaProducto (IDproducto,IDLote,IDperdida,Cantidad,MontoPerdido) VALUES (1057,85341,2322,3,1074);
INSERT INTO PerdidaProducto (IDproducto,IDLote,IDperdida,Cantidad,MontoPerdido) VALUES (1084,85341,2323,5,139);
INSERT INTO PerdidaProducto (IDproducto,IDLote,IDperdida,Cantidad,MontoPerdido) VALUES (1035,83291,2324,1,93);
INSERT INTO PerdidaProducto (IDproducto,IDLote,IDperdida,Cantidad,MontoPerdido) VALUES (10104,89569,2325,5,62);
INSERT INTO PerdidaProducto (IDproducto,IDLote,IDperdida,Cantidad,MontoPerdido) VALUES (1048,87667,2326,4,1075);
INSERT INTO PerdidaProducto (IDproducto,IDLote,IDperdida,Cantidad,MontoPerdido) VALUES (1006,90955,2327,1,193);
INSERT INTO PerdidaProducto (IDproducto,IDLote,IDperdida,Cantidad,MontoPerdido) VALUES (1092,82534,2328,2,87);
INSERT INTO PerdidaProducto (IDproducto,IDLote,IDperdida,Cantidad,MontoPerdido) VALUES (1074,810430,2329,3,66);
INSERT INTO PerdidaProducto (IDproducto,IDLote,IDperdida,Cantidad,MontoPerdido) VALUES (1050,93258,2330,1,138);
INSERT INTO PerdidaProducto (IDproducto,IDLote,IDperdida,Cantidad,MontoPerdido) VALUES (1042,87610,2331,3,1054);
INSERT INTO PerdidaProducto (IDproducto,IDLote,IDperdida,Cantidad,MontoPerdido) VALUES (1035,84859,2332,2,135);
INSERT INTO PerdidaProducto (IDproducto,IDLote,IDperdida,Cantidad,MontoPerdido) VALUES (1041,86058,2333,6,1081);
INSERT INTO PerdidaProducto (IDproducto,IDLote,IDperdida,Cantidad,MontoPerdido) VALUES (1067,877107,2334,2,54);
INSERT INTO PerdidaProducto (IDproducto,IDLote,IDperdida,Cantidad,MontoPerdido) VALUES (1084,94208,2335,3,194);
INSERT INTO PerdidaProducto (IDproducto,IDLote,IDperdida,Cantidad,MontoPerdido) VALUES (1031,94594,2336,3,1076);
INSERT INTO PerdidaProducto (IDproducto,IDLote,IDperdida,Cantidad,MontoPerdido) VALUES (1029,92647,2337,6,1062);
INSERT INTO PerdidaProducto (IDproducto,IDLote,IDperdida,Cantidad,MontoPerdido) VALUES (1005,87865,2338,5,52);
INSERT INTO PerdidaProducto (IDproducto,IDLote,IDperdida,Cantidad,MontoPerdido) VALUES (1081,88902,2339,4,132);
INSERT INTO PerdidaProducto (IDproducto,IDLote,IDperdida,Cantidad,MontoPerdido) VALUES (1020,88912,2340,6,100);
INSERT INTO PerdidaProducto (IDproducto,IDLote,IDperdida,Cantidad,MontoPerdido) VALUES (1088,85835,2341,6,1042);
INSERT INTO PerdidaProducto (IDproducto,IDLote,IDperdida,Cantidad,MontoPerdido) VALUES (1089,810530,2342,2,1066);
INSERT INTO PerdidaProducto (IDproducto,IDLote,IDperdida,Cantidad,MontoPerdido) VALUES (1067,91387,2343,1,1049);
INSERT INTO PerdidaProducto (IDproducto,IDLote,IDperdida,Cantidad,MontoPerdido) VALUES (1077,89135,2344,5,99);
INSERT INTO PerdidaProducto (IDproducto,IDLote,IDperdida,Cantidad,MontoPerdido) VALUES (1064,90812,2345,5,99);
INSERT INTO PerdidaProducto (IDproducto,IDLote,IDperdida,Cantidad,MontoPerdido) VALUES (1024,85089,2346,5,199);
INSERT INTO PerdidaProducto (IDproducto,IDLote,IDperdida,Cantidad,MontoPerdido) VALUES (1028,86000,2347,5,1064);
INSERT INTO PerdidaProducto (IDproducto,IDLote,IDperdida,Cantidad,MontoPerdido) VALUES (1052,810607,2348,4,137);
INSERT INTO PerdidaProducto (IDproducto,IDLote,IDperdida,Cantidad,MontoPerdido) VALUES (1081,82203,2349,4,1082);
INSERT INTO PerdidaProducto (IDproducto,IDLote,IDperdida,Cantidad,MontoPerdido) VALUES (1059,821053,2350,5,1051);
INSERT INTO PerdidaProducto (IDproducto,IDLote,IDperdida,Cantidad,MontoPerdido) VALUES (1056,83992,2351,1,133);
INSERT INTO PerdidaProducto (IDproducto,IDLote,IDperdida,Cantidad,MontoPerdido) VALUES (1042,82648,2352,5,1045);
INSERT INTO PerdidaProducto (IDproducto,IDLote,IDperdida,Cantidad,MontoPerdido) VALUES (1077,83939,2353,3,1071);
INSERT INTO PerdidaProducto (IDproducto,IDLote,IDperdida,Cantidad,MontoPerdido) VALUES (1090,91258,2354,6,66);
INSERT INTO PerdidaProducto (IDproducto,IDLote,IDperdida,Cantidad,MontoPerdido) VALUES (1051,87064,2355,4,137);
INSERT INTO PerdidaProducto (IDproducto,IDLote,IDperdida,Cantidad,MontoPerdido) VALUES (1036,810545,2356,5,87);
INSERT INTO PerdidaProducto (IDproducto,IDLote,IDperdida,Cantidad,MontoPerdido) VALUES (1012,93111,2357,4,58);
INSERT INTO PerdidaProducto (IDproducto,IDLote,IDperdida,Cantidad,MontoPerdido) VALUES (1044,85079,2358,3,111);
INSERT INTO PerdidaProducto (IDproducto,IDLote,IDperdida,Cantidad,MontoPerdido) VALUES (1004,922107,2359,5,109);
INSERT INTO PerdidaProducto (IDproducto,IDLote,IDperdida,Cantidad,MontoPerdido) VALUES (1034,93792,2360,6,108);
INSERT INTO PerdidaProducto (IDproducto,IDLote,IDperdida,Cantidad,MontoPerdido) VALUES (1055,89289,2361,1,79);
INSERT INTO PerdidaProducto (IDproducto,IDLote,IDperdida,Cantidad,MontoPerdido) VALUES (1095,83551,2362,4,192);
INSERT INTO PerdidaProducto (IDproducto,IDLote,IDperdida,Cantidad,MontoPerdido) VALUES (1053,86885,2363,5,1076);
INSERT INTO PerdidaProducto (IDproducto,IDLote,IDperdida,Cantidad,MontoPerdido) VALUES (1086,88429,2364,6,81);
INSERT INTO PerdidaProducto (IDproducto,IDLote,IDperdida,Cantidad,MontoPerdido) VALUES (1010,81365,2365,2,107);
INSERT INTO PerdidaProducto (IDproducto,IDLote,IDperdida,Cantidad,MontoPerdido) VALUES (1038,87654,2366,3,1106);
INSERT INTO PerdidaProducto (IDproducto,IDLote,IDperdida,Cantidad,MontoPerdido) VALUES (1026,88363,2367,5,192);
INSERT INTO PerdidaProducto (IDproducto,IDLote,IDperdida,Cantidad,MontoPerdido) VALUES (1081,93034,2368,1,1056);
INSERT INTO PerdidaProducto (IDproducto,IDLote,IDperdida,Cantidad,MontoPerdido) VALUES (1081,87462,2369,5,75);
INSERT INTO PerdidaProducto (IDproducto,IDLote,IDperdida,Cantidad,MontoPerdido) VALUES (1027,80573,2370,3,113);
INSERT INTO PerdidaProducto (IDproducto,IDLote,IDperdida,Cantidad,MontoPerdido) VALUES (1019,93980,2371,6,127);
INSERT INTO PerdidaProducto (IDproducto,IDLote,IDperdida,Cantidad,MontoPerdido) VALUES (1052,94275,2372,5,1041);
INSERT INTO PerdidaProducto (IDproducto,IDLote,IDperdida,Cantidad,MontoPerdido) VALUES (1069,93558,2373,1,80);
INSERT INTO PerdidaProducto (IDproducto,IDLote,IDperdida,Cantidad,MontoPerdido) VALUES (1031,80640,2374,6,73);
INSERT INTO PerdidaProducto (IDproducto,IDLote,IDperdida,Cantidad,MontoPerdido) VALUES (1022,91919,2375,1,66);
INSERT INTO PerdidaProducto (IDproducto,IDLote,IDperdida,Cantidad,MontoPerdido) VALUES (1047,87533,2376,1,63);
INSERT INTO PerdidaProducto (IDproducto,IDLote,IDperdida,Cantidad,MontoPerdido) VALUES (1021,902105,2377,4,55);
INSERT INTO PerdidaProducto (IDproducto,IDLote,IDperdida,Cantidad,MontoPerdido) VALUES (1008,88668,2378,6,1045);
INSERT INTO PerdidaProducto (IDproducto,IDLote,IDperdida,Cantidad,MontoPerdido) VALUES (1041,831082,2379,2,1070);
INSERT INTO PerdidaProducto (IDproducto,IDLote,IDperdida,Cantidad,MontoPerdido) VALUES (1032,80949,2380,6,138);
INSERT INTO PerdidaProducto (IDproducto,IDLote,IDperdida,Cantidad,MontoPerdido) VALUES (1026,810449,2381,5,137);
INSERT INTO PerdidaProducto (IDproducto,IDLote,IDperdida,Cantidad,MontoPerdido) VALUES (1097,93434,2382,2,1047);
INSERT INTO PerdidaProducto (IDproducto,IDLote,IDperdida,Cantidad,MontoPerdido) VALUES (1089,82489,2383,5,136);
INSERT INTO PerdidaProducto (IDproducto,IDLote,IDperdida,Cantidad,MontoPerdido) VALUES (1011,855108,2384,3,88);
INSERT INTO PerdidaProducto (IDproducto,IDLote,IDperdida,Cantidad,MontoPerdido) VALUES (1073,9105105,2385,6,1104);
INSERT INTO PerdidaProducto (IDproducto,IDLote,IDperdida,Cantidad,MontoPerdido) VALUES (1021,93577,2386,3,1050);
INSERT INTO PerdidaProducto (IDproducto,IDLote,IDperdida,Cantidad,MontoPerdido) VALUES (1062,85329,2387,5,112);
INSERT INTO PerdidaProducto (IDproducto,IDLote,IDperdida,Cantidad,MontoPerdido) VALUES (1004,89286,2388,2,59);
INSERT INTO PerdidaProducto (IDproducto,IDLote,IDperdida,Cantidad,MontoPerdido) VALUES (1019,83657,2389,2,83);
INSERT INTO PerdidaProducto (IDproducto,IDLote,IDperdida,Cantidad,MontoPerdido) VALUES (1051,83897,2390,3,1049);
INSERT INTO PerdidaProducto (IDproducto,IDLote,IDperdida,Cantidad,MontoPerdido) VALUES (1096,87224,2391,4,57);
INSERT INTO PerdidaProducto (IDproducto,IDLote,IDperdida,Cantidad,MontoPerdido) VALUES (1092,89580,2392,4,51);
INSERT INTO PerdidaProducto (IDproducto,IDLote,IDperdida,Cantidad,MontoPerdido) VALUES (1026,83900,2393,5,126);
INSERT INTO PerdidaProducto (IDproducto,IDLote,IDperdida,Cantidad,MontoPerdido) VALUES (1042,83378,2394,6,1107);
INSERT INTO PerdidaProducto (IDproducto,IDLote,IDperdida,Cantidad,MontoPerdido) VALUES (1057,810790,2395,4,98);
INSERT INTO PerdidaProducto (IDproducto,IDLote,IDperdida,Cantidad,MontoPerdido) VALUES (1028,80234,2396,4,80);
INSERT INTO PerdidaProducto (IDproducto,IDLote,IDperdida,Cantidad,MontoPerdido) VALUES (1006,94929,2397,1,1046);
INSERT INTO PerdidaProducto (IDproducto,IDLote,IDperdida,Cantidad,MontoPerdido) VALUES (1067,86938,2398,3,79);
INSERT INTO PerdidaProducto (IDproducto,IDLote,IDperdida,Cantidad,MontoPerdido) VALUES (1013,89406,2399,4,108);
=======
INSERT Indicacion (IDindicacion, Descripcion) VALUES (7014, "No apto durante la lactancia");
INSERT Indicacion (IDindicacion, Descripcion) VALUES (7015, "No apto para personas hipertensas");
INSERT Indicacion (IDindicacion, Descripcion) VALUES (7016, "No apto para diabticos");
INSERT Indicacion (IDindicacion, Descripcion) VALUES (7017, "Nios > 10 aos");

-- Proveedor [Completado - 36 REGISTROS]
INSERT INTO Proveedor (IDproveedor, Tipo_proveedor, Nombre_proveedor, tel1, tel2) VALUES (7001, "Laboratorio", "Unifarm", "8224508","87451632");
INSERT INTO Proveedor (IDproveedor, Tipo_proveedor, Nombre_proveedor, tel1, tel2) VALUES (7002, "Laboratorio", "Pharmalat", "86328780","87459632");
INSERT INTO Proveedor (IDproveedor, Tipo_proveedor, Nombre_proveedor, tel1, tel2) VALUES (7003, "Laboratorio", "Ramos", "76254868","85674859");
INSERT INTO Proveedor (IDproveedor, Tipo_proveedor, Nombre_proveedor, tel1, tel2) VALUES (7004, "Laboratorio", "Caplin Point", "76254893","86153478");
INSERT INTO Proveedor (IDproveedor, Tipo_proveedor, Nombre_proveedor, tel1, tel2) VALUES (7005, "Laboratorio", "Procaps", "83632708","50531087");
INSERT INTO Proveedor (IDproveedor, Tipo_proveedor, Nombre_proveedor, tel1, tel2) VALUES (7006, "Laboratorio", "Chia Fong","86751047","50536810");
INSERT INTO Proveedor (IDproveedor, Tipo_proveedor, Nombre_proveedor, tel1, tel2) VALUES (7007, "Laboratorio", "Ceguel","87656496","50506111");
INSERT INTO Proveedor (IDproveedor, Tipo_proveedor, Nombre_proveedor, tel1, tel2) VALUES (7008, "Laboratorio", "Rarpe","87249035","50549373");
INSERT INTO Proveedor (IDproveedor, Tipo_proveedor, Nombre_proveedor, tel1, tel2) VALUES (7009, "Laboratorio", "Pisa","81210636","50526788");
INSERT INTO Proveedor (IDproveedor, Tipo_proveedor, Nombre_proveedor, tel1, tel2) VALUES (7010, "Laboratorio", "Panzyma","82452831","50594381");
INSERT INTO Proveedor (IDproveedor, Tipo_proveedor, Nombre_proveedor, tel1, tel2) VALUES (7011, "Laboratorio", "Infasa","82472541","50554505");
INSERT INTO Proveedor (IDproveedor, Tipo_proveedor, Nombre_proveedor, tel1, tel2) VALUES (7012, "Laboratorio", "PFizer","85333510","50520108");
INSERT INTO Proveedor (IDproveedor, Tipo_proveedor, Nombre_proveedor, tel1, tel2) VALUES (7013, "Laboratorio", "La Sant","89471012","50539881");
INSERT INTO Proveedor (IDproveedor, Tipo_proveedor, Nombre_proveedor, tel1, tel2) VALUES (7014, "Laboratorio", "Bengoechea","87107837","50596431");
INSERT INTO Proveedor (IDproveedor, Tipo_proveedor, Nombre_proveedor, tel1, tel2) VALUES (7015, "Distribuidor", "Rocha","8689544","50546020");
INSERT INTO Proveedor (IDproveedor, Tipo_proveedor, Nombre_proveedor, tel1, tel2) VALUES (7016, "Distribuidor", "J.Ruiz","8837770","50527204");
INSERT INTO Proveedor (IDproveedor, Tipo_proveedor, Nombre_proveedor, tel1, tel2) VALUES (7017, "Distribuidor", "Jazmin","8690749","50554013");
INSERT INTO Proveedor (IDproveedor, Tipo_proveedor, Nombre_proveedor, tel1, tel2) VALUES (7018, "Distribuidor", "Refanic","8489108","50582053");
INSERT INTO Proveedor (IDproveedor, Tipo_proveedor, Nombre_proveedor, tel1, tel2) VALUES (7019, "Distribuidor", "Los Paisanos","8775477","50530178");
INSERT INTO Proveedor (IDproveedor, Tipo_proveedor, Nombre_proveedor, tel1, tel2) VALUES (7020, "Distribuidor", "Krisan","8493283","50595898");
INSERT INTO Proveedor (IDproveedor, Tipo_proveedor, Nombre_proveedor, tel1, tel2) VALUES (7021, "Laboratorio", "Solka","85241061","50529273");
INSERT INTO Proveedor (IDproveedor, Tipo_proveedor, Nombre_proveedor, tel1, tel2) VALUES (7022, "Laboratorio", "Calox","81107530","50541908");
INSERT INTO Proveedor (IDproveedor, Tipo_proveedor, Nombre_proveedor, tel1, tel2) VALUES (7023, "Laboratorio", "Unimark","87771903","50538060");
INSERT INTO Proveedor (IDproveedor, Tipo_proveedor, Nombre_proveedor, tel1, tel2) VALUES (7024, "Laboratorio", "Zepol","83431061","50561358");
INSERT INTO Proveedor (IDproveedor, Tipo_proveedor, Nombre_proveedor, tel1, tel2) VALUES (7025, "Laboratorio", "Altasa","8323278","50529789");
INSERT INTO Proveedor (IDproveedor, Tipo_proveedor, Nombre_proveedor, tel1, tel2) VALUES (7026, "Laboratorio", "Winzzer","8979657","50524107");
INSERT INTO Proveedor (IDproveedor, Tipo_proveedor, Nombre_proveedor, tel1, tel2) VALUES (7027, "Laboratorio", "Bayer","8292382","50510434");
INSERT INTO Proveedor (IDproveedor, Tipo_proveedor, Nombre_proveedor, tel1, tel2) VALUES (7028, "Laboratorio", "Discarsa","8127620","5054565");
INSERT INTO Proveedor (IDproveedor, Tipo_proveedor, Nombre_proveedor, tel1, tel2) VALUES (7029, "Laboratorio", "Euros","8272319","5057679");
INSERT INTO Proveedor (IDproveedor, Tipo_proveedor, Nombre_proveedor, tel1, tel2) VALUES (7030, "Distribuidor", "Refanic","8595942","5057631");
INSERT INTO Proveedor (IDproveedor, Tipo_proveedor, Nombre_proveedor, tel1, tel2) VALUES (7031, "Distribuidor", "Dicegsa","8202351","50591061");
INSERT INTO Proveedor (IDproveedor, Tipo_proveedor, Nombre_proveedor, tel1, tel2) VALUES (7032, "Distribuidor", "Farcosa","87872107","5050886");
INSERT INTO Proveedor (IDproveedor, Tipo_proveedor, Nombre_proveedor, tel1, tel2) VALUES (7033, "Distribuidor", "Disprofar","84546224","5052971");
INSERT INTO Proveedor (IDproveedor, Tipo_proveedor, Nombre_proveedor, tel1, tel2) VALUES (7034, "Distribuidor", "Pushendorf","82641088","5058795");
INSERT INTO Proveedor (IDproveedor, Tipo_proveedor, Nombre_proveedor, tel1, tel2) VALUES (7035, "Distribuidor", "Generifar","85126108","5059065");
INSERT INTO Proveedor (IDproveedor, Tipo_proveedor, Nombre_proveedor, tel1, tel2) VALUES (7036, "Laboratorio", "Natural Herbal","84532308","5059532");


------- VALORES DE PRUEBA ------

-- PEDIDO
INSERT INTO Pedido (FacturaPedido,IDproveedor,IDempleado,FechaPedido,MontoPedido) VALUES (2001,7001,2,"2018-06-25 12:35:35",46);
INSERT INTO Pedido (FacturaPedido,IDproveedor,IDempleado,FechaPedido,MontoPedido) VALUES (2002,7002,2,"2019-07-29 18:23:32",15);
INSERT INTO Pedido (FacturaPedido,IDproveedor,IDempleado,FechaPedido,MontoPedido) VALUES (2003,7003,2,"2018-11-18 22:29:40",28);
INSERT INTO Pedido (FacturaPedido,IDproveedor,IDempleado,FechaPedido,MontoPedido) VALUES (2004,7004,2,"2018-11-16 18:37:24",20);
INSERT INTO Pedido (FacturaPedido,IDproveedor,IDempleado,FechaPedido,MontoPedido) VALUES (2005,7005,2,"2019-07-18 13:05:19",35);
INSERT INTO Pedido (FacturaPedido,IDproveedor,IDempleado,FechaPedido,MontoPedido) VALUES (2006,7006,2,"2019-03-29 11:25:15",21);
INSERT INTO Pedido (FacturaPedido,IDproveedor,IDempleado,FechaPedido,MontoPedido) VALUES (2007,7007,2,"2018-09-19 15:40:01",18);
INSERT INTO Pedido (FacturaPedido,IDproveedor,IDempleado,FechaPedido,MontoPedido) VALUES (2008,7008,2,"2018-11-06 04:52:56",19);
INSERT INTO Pedido (FacturaPedido,IDproveedor,IDempleado,FechaPedido,MontoPedido) VALUES (2009,7009,2,"2018-07-04 09:05:07",29);
INSERT INTO Pedido (FacturaPedido,IDproveedor,IDempleado,FechaPedido,MontoPedido) VALUES (2010,7010,2,"2018-12-30 02:59:47",45);
INSERT INTO Pedido (FacturaPedido,IDproveedor,IDempleado,FechaPedido,MontoPedido) VALUES (2011,7011,2,"2019-05-20 19:44:21",45);
INSERT INTO Pedido (FacturaPedido,IDproveedor,IDempleado,FechaPedido,MontoPedido) VALUES (2012,7012,2,"2019-06-27 02:10:17",16);
INSERT INTO Pedido (FacturaPedido,IDproveedor,IDempleado,FechaPedido,MontoPedido) VALUES (2013,7013,2,"2018-09-01 19:49:49",50);
INSERT INTO Pedido (FacturaPedido,IDproveedor,IDempleado,FechaPedido,MontoPedido) VALUES (2014,7014,2,"2018-08-28 22:26:08",15);
INSERT INTO Pedido (FacturaPedido,IDproveedor,IDempleado,FechaPedido,MontoPedido) VALUES (2015,7015,2,"2019-06-27 17:39:57",22);
INSERT INTO Pedido (FacturaPedido,IDproveedor,IDempleado,FechaPedido,MontoPedido) VALUES (2016,7016,2,"2018-07-09 21:58:33",16);
INSERT INTO Pedido (FacturaPedido,IDproveedor,IDempleado,FechaPedido,MontoPedido) VALUES (2017,7017,2,"2019-01-14 21:36:06",35);
INSERT INTO Pedido (FacturaPedido,IDproveedor,IDempleado,FechaPedido,MontoPedido) VALUES (2018,7018,2,"2019-01-06 08:19:34",41);
INSERT INTO Pedido (FacturaPedido,IDproveedor,IDempleado,FechaPedido,MontoPedido) VALUES (2019,7019,2,"2018-08-03 21:28:49",39);
INSERT INTO Pedido (FacturaPedido,IDproveedor,IDempleado,FechaPedido,MontoPedido) VALUES (2020,7020,2,"2019-08-01 20:00:45",50);
INSERT INTO Pedido (FacturaPedido,IDproveedor,IDempleado,FechaPedido,MontoPedido) VALUES (2021,7021,2,"2019-03-11 13:41:56",13);
INSERT INTO Pedido (FacturaPedido,IDproveedor,IDempleado,FechaPedido,MontoPedido) VALUES (2022,7022,2,"2018-08-21 07:30:26",52);
INSERT INTO Pedido (FacturaPedido,IDproveedor,IDempleado,FechaPedido,MontoPedido) VALUES (2023,7023,2,"2019-02-10 18:27:31",26);
INSERT INTO Pedido (FacturaPedido,IDproveedor,IDempleado,FechaPedido,MontoPedido) VALUES (2024,7024,2,"2019-01-21 13:17:57",42);
INSERT INTO Pedido (FacturaPedido,IDproveedor,IDempleado,FechaPedido,MontoPedido) VALUES (2025,7025,2,"2019-07-30 23:44:37",44);
INSERT INTO Pedido (FacturaPedido,IDproveedor,IDempleado,FechaPedido,MontoPedido) VALUES (2026,7026,2,"2018-11-29 13:25:40",11);
INSERT INTO Pedido (FacturaPedido,IDproveedor,IDempleado,FechaPedido,MontoPedido) VALUES (2027,7027,2,"2019-01-19 12:29:10",59);
INSERT INTO Pedido (FacturaPedido,IDproveedor,IDempleado,FechaPedido,MontoPedido) VALUES (2028,7028,2,"2019-07-10 14:23:04",43);
INSERT INTO Pedido (FacturaPedido,IDproveedor,IDempleado,FechaPedido,MontoPedido) VALUES (2029,7029,2,"2019-06-25 01:16:20",60);
INSERT INTO Pedido (FacturaPedido,IDproveedor,IDempleado,FechaPedido,MontoPedido) VALUES (2030,7030,2,"2018-10-25 18:45:02",42);
INSERT INTO Pedido (FacturaPedido,IDproveedor,IDempleado,FechaPedido,MontoPedido) VALUES (2031,7031,1,"2018-06-05 15:50:00",41);
INSERT INTO Pedido (FacturaPedido,IDproveedor,IDempleado,FechaPedido,MontoPedido) VALUES (2032,7032,1,"2019-06-11 00:02:13",20);
INSERT INTO Pedido (FacturaPedido,IDproveedor,IDempleado,FechaPedido,MontoPedido) VALUES (2033,7033,1,"2019-03-31 15:06:41",15);
INSERT INTO Pedido (FacturaPedido,IDproveedor,IDempleado,FechaPedido,MontoPedido) VALUES (2034,7034,1,"2019-02-02 10:20:12",12);
INSERT INTO Pedido (FacturaPedido,IDproveedor,IDempleado,FechaPedido,MontoPedido) VALUES (2035,7035,1,"2019-01-30 18:32:24",43);
INSERT INTO Pedido (FacturaPedido,IDproveedor,IDempleado,FechaPedido,MontoPedido) VALUES (2036,7036,1,"2019-04-26 07:10:03",11);
INSERT INTO Pedido (FacturaPedido,IDproveedor,IDempleado,FechaPedido,MontoPedido) VALUES (2037,7037,1,"2018-12-24 16:55:27",26);
INSERT INTO Pedido (FacturaPedido,IDproveedor,IDempleado,FechaPedido,MontoPedido) VALUES (2038,7038,1,"2018-06-09 04:31:28",36);
INSERT INTO Pedido (FacturaPedido,IDproveedor,IDempleado,FechaPedido,MontoPedido) VALUES (2039,7039,1,"2018-12-03 16:43:52",57);
INSERT INTO Pedido (FacturaPedido,IDproveedor,IDempleado,FechaPedido,MontoPedido) VALUES (2040,7040,1,"2018-10-07 08:23:00",51);
INSERT INTO Pedido (FacturaPedido,IDproveedor,IDempleado,FechaPedido,MontoPedido) VALUES (2041,7041,1,"2018-06-17 19:50:43",33);
INSERT INTO Pedido (FacturaPedido,IDproveedor,IDempleado,FechaPedido,MontoPedido) VALUES (2042,7042,1,"2018-08-07 06:36:45",38);
INSERT INTO Pedido (FacturaPedido,IDproveedor,IDempleado,FechaPedido,MontoPedido) VALUES (2043,7043,1,"2018-08-11 19:57:03",40);
INSERT INTO Pedido (FacturaPedido,IDproveedor,IDempleado,FechaPedido,MontoPedido) VALUES (2044,7044,1,"2019-03-07 19:42:24",15);
INSERT INTO Pedido (FacturaPedido,IDproveedor,IDempleado,FechaPedido,MontoPedido) VALUES (2045,7045,1,"2019-05-16 08:17:16",58);
INSERT INTO Pedido (FacturaPedido,IDproveedor,IDempleado,FechaPedido,MontoPedido) VALUES (2046,7046,1,"2018-10-18 14:41:43",20);
INSERT INTO Pedido (FacturaPedido,IDproveedor,IDempleado,FechaPedido,MontoPedido) VALUES (2047,7047,1,"2018-07-03 08:26:53",16);
INSERT INTO Pedido (FacturaPedido,IDproveedor,IDempleado,FechaPedido,MontoPedido) VALUES (2048,7048,1,"2018-12-17 03:44:57",43);
INSERT INTO Pedido (FacturaPedido,IDproveedor,IDempleado,FechaPedido,MontoPedido) VALUES (2049,7049,1,"2018-07-25 08:03:41",32);
INSERT INTO Pedido (FacturaPedido,IDproveedor,IDempleado,FechaPedido,MontoPedido) VALUES (2050,7050,1,"2019-02-23 14:39:52",44);
INSERT INTO Pedido (FacturaPedido,IDproveedor,IDempleado,FechaPedido,MontoPedido) VALUES (2051,7051,1,"2019-01-02 20:23:17",45);
INSERT INTO Pedido (FacturaPedido,IDproveedor,IDempleado,FechaPedido,MontoPedido) VALUES (2052,7052,1,"2019-04-04 07:27:46",36);
INSERT INTO Pedido (FacturaPedido,IDproveedor,IDempleado,FechaPedido,MontoPedido) VALUES (2053,7053,1,"2018-09-10 00:58:24",47);
INSERT INTO Pedido (FacturaPedido,IDproveedor,IDempleado,FechaPedido,MontoPedido) VALUES (2054,7054,1,"2018-11-21 10:37:32",17);
INSERT INTO Pedido (FacturaPedido,IDproveedor,IDempleado,FechaPedido,MontoPedido) VALUES (2055,7055,1,"2018-10-23 22:39:51",25);
INSERT INTO Pedido (FacturaPedido,IDproveedor,IDempleado,FechaPedido,MontoPedido) VALUES (2056,7056,1,"2018-12-08 07:16:31",39);
INSERT INTO Pedido (FacturaPedido,IDproveedor,IDempleado,FechaPedido,MontoPedido) VALUES (2057,7057,1,"2019-04-09 08:11:49",52);
INSERT INTO Pedido (FacturaPedido,IDproveedor,IDempleado,FechaPedido,MontoPedido) VALUES (2058,7058,1,"2019-04-06 18:38:24",47);
INSERT INTO Pedido (FacturaPedido,IDproveedor,IDempleado,FechaPedido,MontoPedido) VALUES (2059,7059,1,"2018-10-18 07:11:12",12);
INSERT INTO Pedido (FacturaPedido,IDproveedor,IDempleado,FechaPedido,MontoPedido) VALUES (2060,7060,1,"2018-08-16 15:12:02",44);
INSERT INTO Pedido (FacturaPedido,IDproveedor,IDempleado,FechaPedido,MontoPedido) VALUES (2061,7061,2,"2019-07-04 18:26:52",45);
INSERT INTO Pedido (FacturaPedido,IDproveedor,IDempleado,FechaPedido,MontoPedido) VALUES (2062,7062,2,"2018-06-07 12:51:45",26);
INSERT INTO Pedido (FacturaPedido,IDproveedor,IDempleado,FechaPedido,MontoPedido) VALUES (2063,7063,2,"2019-05-28 07:36:50",20);
INSERT INTO Pedido (FacturaPedido,IDproveedor,IDempleado,FechaPedido,MontoPedido) VALUES (2064,7064,2,"2019-07-05 02:48:00",16);
INSERT INTO Pedido (FacturaPedido,IDproveedor,IDempleado,FechaPedido,MontoPedido) VALUES (2065,7065,2,"2019-07-13 04:38:21",26);
INSERT INTO Pedido (FacturaPedido,IDproveedor,IDempleado,FechaPedido,MontoPedido) VALUES (2066,7066,2,"2019-04-30 02:56:49",43);
INSERT INTO Pedido (FacturaPedido,IDproveedor,IDempleado,FechaPedido,MontoPedido) VALUES (2067,7067,2,"2018-11-05 07:49:02",37);
INSERT INTO Pedido (FacturaPedido,IDproveedor,IDempleado,FechaPedido,MontoPedido) VALUES (2068,7068,2,"2018-06-22 02:24:06",54);
INSERT INTO Pedido (FacturaPedido,IDproveedor,IDempleado,FechaPedido,MontoPedido) VALUES (2069,7069,2,"2019-07-21 01:01:57",37);
INSERT INTO Pedido (FacturaPedido,IDproveedor,IDempleado,FechaPedido,MontoPedido) VALUES (2070,7070,2,"2019-04-07 16:21:59",55);
INSERT INTO Pedido (FacturaPedido,IDproveedor,IDempleado,FechaPedido,MontoPedido) VALUES (2071,7071,2,"2018-06-22 06:13:45",23);
INSERT INTO Pedido (FacturaPedido,IDproveedor,IDempleado,FechaPedido,MontoPedido) VALUES (2072,7072,2,"2018-11-05 06:27:41",27);
INSERT INTO Pedido (FacturaPedido,IDproveedor,IDempleado,FechaPedido,MontoPedido) VALUES (2073,7073,2,"2019-03-16 07:17:17",32);
INSERT INTO Pedido (FacturaPedido,IDproveedor,IDempleado,FechaPedido,MontoPedido) VALUES (2074,7074,2,"2019-01-10 21:33:42",31);
INSERT INTO Pedido (FacturaPedido,IDproveedor,IDempleado,FechaPedido,MontoPedido) VALUES (2075,7075,2,"2018-10-17 22:23:00",42);
INSERT INTO Pedido (FacturaPedido,IDproveedor,IDempleado,FechaPedido,MontoPedido) VALUES (2076,7076,2,"2018-08-29 06:50:30",57);
INSERT INTO Pedido (FacturaPedido,IDproveedor,IDempleado,FechaPedido,MontoPedido) VALUES (2077,7077,2,"2018-11-25 10:07:15",55);
INSERT INTO Pedido (FacturaPedido,IDproveedor,IDempleado,FechaPedido,MontoPedido) VALUES (2078,7078,2,"2018-06-13 23:04:00",19);
INSERT INTO Pedido (FacturaPedido,IDproveedor,IDempleado,FechaPedido,MontoPedido) VALUES (2079,7079,2,"2019-05-07 10:13:23",30);
INSERT INTO Pedido (FacturaPedido,IDproveedor,IDempleado,FechaPedido,MontoPedido) VALUES (2080,7080,2,"2018-07-12 17:56:12",33);
INSERT INTO Pedido (FacturaPedido,IDproveedor,IDempleado,FechaPedido,MontoPedido) VALUES (2081,7007,2,"2019-05-05 05:38:09",153.53);

-- DETALLEPEDIDO
INSERT INTO DetallePedido (FacturaPedido,IDproducto,IDproveedor,CantidadUnidad,MontoxUnidad) VALUES (2001,1001,7001,20,46);
INSERT INTO DetallePedido (FacturaPedido,IDproducto,IDproveedor,CantidadUnidad,MontoxUnidad) VALUES (2002,1002,7002,19,15);
INSERT INTO DetallePedido (FacturaPedido,IDproducto,IDproveedor,CantidadUnidad,MontoxUnidad) VALUES (2003,1003,7003,13,28);
INSERT INTO DetallePedido (FacturaPedido,IDproducto,IDproveedor,CantidadUnidad,MontoxUnidad) VALUES (2004,1004,7004,13,20);
INSERT INTO DetallePedido (FacturaPedido,IDproducto,IDproveedor,CantidadUnidad,MontoxUnidad) VALUES (2005,1005,7005,19,35);
INSERT INTO DetallePedido (FacturaPedido,IDproducto,IDproveedor,CantidadUnidad,MontoxUnidad) VALUES (2006,1006,7006,29,21);
INSERT INTO DetallePedido (FacturaPedido,IDproducto,IDproveedor,CantidadUnidad,MontoxUnidad) VALUES (2007,1007,7007,12,18);
INSERT INTO DetallePedido (FacturaPedido,IDproducto,IDproveedor,CantidadUnidad,MontoxUnidad) VALUES (2008,1008,7008,15,19);
INSERT INTO DetallePedido (FacturaPedido,IDproducto,IDproveedor,CantidadUnidad,MontoxUnidad) VALUES (2009,1009,7009,25,29);
INSERT INTO DetallePedido (FacturaPedido,IDproducto,IDproveedor,CantidadUnidad,MontoxUnidad) VALUES (2010,1010,7010,8,45);
INSERT INTO DetallePedido (FacturaPedido,IDproducto,IDproveedor,CantidadUnidad,MontoxUnidad) VALUES (2011,1011,7011,27,45);
INSERT INTO DetallePedido (FacturaPedido,IDproducto,IDproveedor,CantidadUnidad,MontoxUnidad) VALUES (2012,1012,7012,12,16);
INSERT INTO DetallePedido (FacturaPedido,IDproducto,IDproveedor,CantidadUnidad,MontoxUnidad) VALUES (2013,1013,7013,5,50);
INSERT INTO DetallePedido (FacturaPedido,IDproducto,IDproveedor,CantidadUnidad,MontoxUnidad) VALUES (2014,1014,7014,25,15);
INSERT INTO DetallePedido (FacturaPedido,IDproducto,IDproveedor,CantidadUnidad,MontoxUnidad) VALUES (2015,1015,7015,27,22);
INSERT INTO DetallePedido (FacturaPedido,IDproducto,IDproveedor,CantidadUnidad,MontoxUnidad) VALUES (2016,1016,7016,11,16);
INSERT INTO DetallePedido (FacturaPedido,IDproducto,IDproveedor,CantidadUnidad,MontoxUnidad) VALUES (2017,1017,7017,5,35);
INSERT INTO DetallePedido (FacturaPedido,IDproducto,IDproveedor,CantidadUnidad,MontoxUnidad) VALUES (2018,1018,7018,11,41);
INSERT INTO DetallePedido (FacturaPedido,IDproducto,IDproveedor,CantidadUnidad,MontoxUnidad) VALUES (2019,1019,7019,28,39);
INSERT INTO DetallePedido (FacturaPedido,IDproducto,IDproveedor,CantidadUnidad,MontoxUnidad) VALUES (2020,1020,7020,21,50);
INSERT INTO DetallePedido (FacturaPedido,IDproducto,IDproveedor,CantidadUnidad,MontoxUnidad) VALUES (2021,1021,7021,7,13);
INSERT INTO DetallePedido (FacturaPedido,IDproducto,IDproveedor,CantidadUnidad,MontoxUnidad) VALUES (2022,1022,7022,3,52);
INSERT INTO DetallePedido (FacturaPedido,IDproducto,IDproveedor,CantidadUnidad,MontoxUnidad) VALUES (2023,1023,7023,15,26);
INSERT INTO DetallePedido (FacturaPedido,IDproducto,IDproveedor,CantidadUnidad,MontoxUnidad) VALUES (2024,1024,7024,23,42);
INSERT INTO DetallePedido (FacturaPedido,IDproducto,IDproveedor,CantidadUnidad,MontoxUnidad) VALUES (2025,1025,7025,29,44);
INSERT INTO DetallePedido (FacturaPedido,IDproducto,IDproveedor,CantidadUnidad,MontoxUnidad) VALUES (2026,1026,7026,4,11);
INSERT INTO DetallePedido (FacturaPedido,IDproducto,IDproveedor,CantidadUnidad,MontoxUnidad) VALUES (2027,1027,7027,7,59);
INSERT INTO DetallePedido (FacturaPedido,IDproducto,IDproveedor,CantidadUnidad,MontoxUnidad) VALUES (2028,1028,7028,10,43);
INSERT INTO DetallePedido (FacturaPedido,IDproducto,IDproveedor,CantidadUnidad,MontoxUnidad) VALUES (2029,1029,7029,28,60);
INSERT INTO DetallePedido (FacturaPedido,IDproducto,IDproveedor,CantidadUnidad,MontoxUnidad) VALUES (2030,1030,7030,13,42);
INSERT INTO DetallePedido (FacturaPedido,IDproducto,IDproveedor,CantidadUnidad,MontoxUnidad) VALUES (2031,1031,7031,12,41);
INSERT INTO DetallePedido (FacturaPedido,IDproducto,IDproveedor,CantidadUnidad,MontoxUnidad) VALUES (2032,1032,7032,18,20);
INSERT INTO DetallePedido (FacturaPedido,IDproducto,IDproveedor,CantidadUnidad,MontoxUnidad) VALUES (2033,1033,7033,20,15);
INSERT INTO DetallePedido (FacturaPedido,IDproducto,IDproveedor,CantidadUnidad,MontoxUnidad) VALUES (2034,1034,7034,7,12);
INSERT INTO DetallePedido (FacturaPedido,IDproducto,IDproveedor,CantidadUnidad,MontoxUnidad) VALUES (2035,1035,7035,21,43);
INSERT INTO DetallePedido (FacturaPedido,IDproducto,IDproveedor,CantidadUnidad,MontoxUnidad) VALUES (2036,1036,7036,16,11);
INSERT INTO DetallePedido (FacturaPedido,IDproducto,IDproveedor,CantidadUnidad,MontoxUnidad) VALUES (2037,1037,7037,23,26);
INSERT INTO DetallePedido (FacturaPedido,IDproducto,IDproveedor,CantidadUnidad,MontoxUnidad) VALUES (2038,1038,7038,24,36);
INSERT INTO DetallePedido (FacturaPedido,IDproducto,IDproveedor,CantidadUnidad,MontoxUnidad) VALUES (2039,1039,7039,18,57);
INSERT INTO DetallePedido (FacturaPedido,IDproducto,IDproveedor,CantidadUnidad,MontoxUnidad) VALUES (2040,1040,7040,30,51);
INSERT INTO DetallePedido (FacturaPedido,IDproducto,IDproveedor,CantidadUnidad,MontoxUnidad) VALUES (2041,1041,7041,10,33);
INSERT INTO DetallePedido (FacturaPedido,IDproducto,IDproveedor,CantidadUnidad,MontoxUnidad) VALUES (2042,1042,7042,14,38);
INSERT INTO DetallePedido (FacturaPedido,IDproducto,IDproveedor,CantidadUnidad,MontoxUnidad) VALUES (2043,1043,7043,30,40);
INSERT INTO DetallePedido (FacturaPedido,IDproducto,IDproveedor,CantidadUnidad,MontoxUnidad) VALUES (2044,1044,7044,11,15);
INSERT INTO DetallePedido (FacturaPedido,IDproducto,IDproveedor,CantidadUnidad,MontoxUnidad) VALUES (2045,1045,7045,30,58);
INSERT INTO DetallePedido (FacturaPedido,IDproducto,IDproveedor,CantidadUnidad,MontoxUnidad) VALUES (2046,1046,7046,14,20);
INSERT INTO DetallePedido (FacturaPedido,IDproducto,IDproveedor,CantidadUnidad,MontoxUnidad) VALUES (2047,1047,7047,16,16);
INSERT INTO DetallePedido (FacturaPedido,IDproducto,IDproveedor,CantidadUnidad,MontoxUnidad) VALUES (2048,1048,7048,23,43);
INSERT INTO DetallePedido (FacturaPedido,IDproducto,IDproveedor,CantidadUnidad,MontoxUnidad) VALUES (2049,1049,7049,29,32);
INSERT INTO DetallePedido (FacturaPedido,IDproducto,IDproveedor,CantidadUnidad,MontoxUnidad) VALUES (2050,1050,7050,23,44);
INSERT INTO DetallePedido (FacturaPedido,IDproducto,IDproveedor,CantidadUnidad,MontoxUnidad) VALUES (2051,1051,7051,16,45);
INSERT INTO DetallePedido (FacturaPedido,IDproducto,IDproveedor,CantidadUnidad,MontoxUnidad) VALUES (2052,1052,7052,12,36);
INSERT INTO DetallePedido (FacturaPedido,IDproducto,IDproveedor,CantidadUnidad,MontoxUnidad) VALUES (2053,1053,7053,13,47);
INSERT INTO DetallePedido (FacturaPedido,IDproducto,IDproveedor,CantidadUnidad,MontoxUnidad) VALUES (2054,1054,7054,14,17);
INSERT INTO DetallePedido (FacturaPedido,IDproducto,IDproveedor,CantidadUnidad,MontoxUnidad) VALUES (2055,1055,7055,19,25);
INSERT INTO DetallePedido (FacturaPedido,IDproducto,IDproveedor,CantidadUnidad,MontoxUnidad) VALUES (2056,1056,7056,6,39);
INSERT INTO DetallePedido (FacturaPedido,IDproducto,IDproveedor,CantidadUnidad,MontoxUnidad) VALUES (2057,1057,7057,15,52);
INSERT INTO DetallePedido (FacturaPedido,IDproducto,IDproveedor,CantidadUnidad,MontoxUnidad) VALUES (2058,1058,7058,28,47);
INSERT INTO DetallePedido (FacturaPedido,IDproducto,IDproveedor,CantidadUnidad,MontoxUnidad) VALUES (2059,1059,7059,15,12);
INSERT INTO DetallePedido (FacturaPedido,IDproducto,IDproveedor,CantidadUnidad,MontoxUnidad) VALUES (2060,1060,7060,22,44);
INSERT INTO DetallePedido (FacturaPedido,IDproducto,IDproveedor,CantidadUnidad,MontoxUnidad) VALUES (2061,1061,7061,6,45);
INSERT INTO DetallePedido (FacturaPedido,IDproducto,IDproveedor,CantidadUnidad,MontoxUnidad) VALUES (2062,1062,7062,16,26);
INSERT INTO DetallePedido (FacturaPedido,IDproducto,IDproveedor,CantidadUnidad,MontoxUnidad) VALUES (2063,1063,7063,20,20);
INSERT INTO DetallePedido (FacturaPedido,IDproducto,IDproveedor,CantidadUnidad,MontoxUnidad) VALUES (2064,1064,7064,19,16);
INSERT INTO DetallePedido (FacturaPedido,IDproducto,IDproveedor,CantidadUnidad,MontoxUnidad) VALUES (2065,1065,7065,6,26);
INSERT INTO DetallePedido (FacturaPedido,IDproducto,IDproveedor,CantidadUnidad,MontoxUnidad) VALUES (2066,1066,7066,21,43);
INSERT INTO DetallePedido (FacturaPedido,IDproducto,IDproveedor,CantidadUnidad,MontoxUnidad) VALUES (2067,1067,7067,22,37);
INSERT INTO DetallePedido (FacturaPedido,IDproducto,IDproveedor,CantidadUnidad,MontoxUnidad) VALUES (2068,1068,7068,27,54);
INSERT INTO DetallePedido (FacturaPedido,IDproducto,IDproveedor,CantidadUnidad,MontoxUnidad) VALUES (2069,1069,7069,17,37);
INSERT INTO DetallePedido (FacturaPedido,IDproducto,IDproveedor,CantidadUnidad,MontoxUnidad) VALUES (2070,1070,7070,14,55);
INSERT INTO DetallePedido (FacturaPedido,IDproducto,IDproveedor,CantidadUnidad,MontoxUnidad) VALUES (2071,1071,7071,18,23);
INSERT INTO DetallePedido (FacturaPedido,IDproducto,IDproveedor,CantidadUnidad,MontoxUnidad) VALUES (2072,1072,7072,10,27);
INSERT INTO DetallePedido (FacturaPedido,IDproducto,IDproveedor,CantidadUnidad,MontoxUnidad) VALUES (2073,1073,7073,18,32);
INSERT INTO DetallePedido (FacturaPedido,IDproducto,IDproveedor,CantidadUnidad,MontoxUnidad) VALUES (2074,1074,7074,13,31);
INSERT INTO DetallePedido (FacturaPedido,IDproducto,IDproveedor,CantidadUnidad,MontoxUnidad) VALUES (2075,1075,7075,26,42);
INSERT INTO DetallePedido (FacturaPedido,IDproducto,IDproveedor,CantidadUnidad,MontoxUnidad) VALUES (2076,1076,7076,19,57);
INSERT INTO DetallePedido (FacturaPedido,IDproducto,IDproveedor,CantidadUnidad,MontoxUnidad) VALUES (2077,1077,7077,26,55);
INSERT INTO DetallePedido (FacturaPedido,IDproducto,IDproveedor,CantidadUnidad,MontoxUnidad) VALUES (2078,1078,7078,7,19);
INSERT INTO DetallePedido (FacturaPedido,IDproducto,IDproveedor,CantidadUnidad,MontoxUnidad) VALUES (2079,1079,7079,16,30);
INSERT INTO DetallePedido (FacturaPedido,IDproducto,IDproveedor,CantidadUnidad,MontoxUnidad) VALUES (2080,1080,7080,29,33);
INSERT INTO DetallePedido (FacturaPedido,IDproducto,IDproveedor,CantidadUnidad,MontoxUnidad) VALUES (2081,1027,7007,8,63);
INSERT INTO DetallePedido (FacturaPedido,IDproducto,IDproveedor,CantidadUnidad,MontoxUnidad) VALUES (2081,1028,7007,9,45.94);
INSERT INTO DetallePedido (FacturaPedido,IDproducto,IDproveedor,CantidadUnidad,MontoxUnidad) VALUES (2081,1029,7007,8,44.69);

-- Compra
INSERT INTO Compra (FacturaCompra, IDproveedor, FacturaPedido, FechaCompra, MontoCompra, ReciboColector, Status, Observacion, FechaVencPago, Descuento) VALUES (3001, 7001, 2001, CAST("2016-01-21" AS Date), 0, 5001, "Credito", "-", CAST("2016-01-01" AS Date), 0);
INSERT INTO Compra (FacturaCompra, IDproveedor, FacturaPedido, FechaCompra, MontoCompra, ReciboColector, Status, Observacion, FechaVencPago, Descuento) VALUES (3002, 7002, 2002, CAST("2016-01-19" AS Date), 0, 5002, "Credito", "-", CAST("2016-01-30" AS Date), 0);
INSERT INTO Compra (FacturaCompra, IDproveedor, FacturaPedido, FechaCompra, MontoCompra, ReciboColector, Status, Observacion, FechaVencPago, Descuento) VALUES (3003, 7003, 2003, CAST("2016-03-10" AS Date), 0, 5003, "Credito", "-", CAST("2016-03-10" AS Date), 0);
INSERT INTO Compra (FacturaCompra, IDproveedor, FacturaPedido, FechaCompra, MontoCompra, ReciboColector, Status, Observacion, FechaVencPago, Descuento) VALUES (3004, 7004, 2004, CAST("2017-04-06" AS Date), 0, 5004, "Credito", "-", CAST("2017-04-10" AS Date), 0);
INSERT INTO Compra (FacturaCompra, IDproveedor, FacturaPedido, FechaCompra, MontoCompra, ReciboColector, Status, Observacion, FechaVencPago, Descuento) VALUES (3005, 7005, 2005, CAST("2017-05-20" AS Date), 0, 5005, "Credito", "-", CAST("2017-05-30" AS Date), 0);
INSERT INTO Compra (FacturaCompra, IDproveedor, FacturaPedido, FechaCompra, MontoCompra, ReciboColector, Status, Observacion, FechaVencPago, Descuento) VALUES (3006, 7006, 2006, CAST("2017-06-13" AS Date), 0, 5006, "Credito", "-", CAST("2017-06-20" AS Date), 0);
INSERT INTO Compra (FacturaCompra, IDproveedor, FacturaPedido, FechaCompra, MontoCompra, ReciboColector, Status, Observacion, FechaVencPago, Descuento) VALUES (3007, 7007, 2007, CAST("2017-07-13" AS Date), 0, 5007, "Contado", "-", CAST("2017-07-13" AS Date), 0);
INSERT INTO Compra (FacturaCompra, IDproveedor, FacturaPedido, FechaCompra, MontoCompra, ReciboColector, Status, Observacion, FechaVencPago, Descuento) VALUES (3008, 7008, 2008, CAST("2017-08-20" AS Date), 0, 5008, "Credito", "-", CAST("2017-08-20" AS Date), 0);
INSERT INTO Compra (FacturaCompra, IDproveedor, FacturaPedido, FechaCompra, MontoCompra, ReciboColector, Status, Observacion, FechaVencPago, Descuento) VALUES (3009, 7009, 2009, CAST("2017-09-20" AS Date), 0, 5009, "Contado", "-", CAST("2017-09-20" AS Date), 0);
INSERT INTO Compra (FacturaCompra, IDproveedor, FacturaPedido, FechaCompra, MontoCompra, ReciboColector, Status, Observacion, FechaVencPago, Descuento) VALUES (3010, 7010, 2010, CAST("2017-10-25" AS Date), 0, 5010, "Contado", "-", CAST("2017-10-25" AS Date), 0);
INSERT INTO Compra (FacturaCompra, IDproveedor, FacturaPedido, FechaCompra, MontoCompra, ReciboColector, Status, Observacion, FechaVencPago, Descuento) VALUES (3011, 7011, 2011, CAST("2017-11-07" AS Date), 0, 5011, "Contado", "-", CAST("2017-11-07" AS Date), 0);
INSERT INTO Compra (FacturaCompra, IDproveedor, FacturaPedido, FechaCompra, MontoCompra, ReciboColector, Status, Observacion, FechaVencPago, Descuento) VALUES (3012, 7012, 2012, CAST("2018-01-13" AS Date), 0, 5012, "Contado", "-", CAST("2018-01-13" AS Date), 0);
INSERT INTO Compra (FacturaCompra, IDproveedor, FacturaPedido, FechaCompra, MontoCompra, ReciboColector, Status, Observacion, FechaVencPago, Descuento) VALUES (3013, 7013, 2013, CAST("2018-01-26" AS Date), 0, 5013, "Contado", "-", CAST("2018-01-26" AS Date), 0);
INSERT INTO Compra (FacturaCompra, IDproveedor, FacturaPedido, FechaCompra, MontoCompra, ReciboColector, Status, Observacion, FechaVencPago, Descuento) VALUES (3014, 7014, 2014, CAST("2018-02-19" AS Date), 0, 50104, "Credito", "-", CAST("2018-02-19" AS Date), 0);
INSERT INTO Compra (FacturaCompra, IDproveedor, FacturaPedido, FechaCompra, MontoCompra, ReciboColector, Status, Observacion, FechaVencPago, Descuento) VALUES (3015, 7015, 2015, CAST("2018-04-10" AS Date), 0, 50105, "Credito", "-", CAST("2019-04-10" AS Date), 0);
INSERT INTO Compra (FacturaCompra, IDproveedor, FacturaPedido, FechaCompra, MontoCompra, ReciboColector, Status, Observacion, FechaVencPago, Descuento) VALUES (3016, 7016, 2016, CAST("2018-05-06" AS Date), 0, 50106, "Credito", "-", CAST("2018-05-06" AS Date), 0);
INSERT INTO Compra (FacturaCompra, IDproveedor, FacturaPedido, FechaCompra, MontoCompra, ReciboColector, Status, Observacion, FechaVencPago, Descuento) VALUES (3017, 7017, 2017, CAST("2018-07-20" AS Date), 0, 50107, "Credito", "-", CAST("2018-07-20" AS Date), 0);
INSERT INTO Compra (FacturaCompra, IDproveedor, FacturaPedido, FechaCompra, MontoCompra, ReciboColector, Status, Observacion, FechaVencPago, Descuento) VALUES (3018, 7018, 2018, CAST("2018-09-13" AS Date), 0, 50108, "Contado", "-", CAST("2018-09-13" AS Date), 0);
INSERT INTO Compra (FacturaCompra, IDproveedor, FacturaPedido, FechaCompra, MontoCompra, ReciboColector, Status, Observacion, FechaVencPago, Descuento) VALUES (3019, 7019, 2019, CAST("2018-12-13" AS Date), 0, 5019, "Contado", "-", CAST("2018-12-13" AS Date), 0);
INSERT INTO Compra (FacturaCompra, IDproveedor, FacturaPedido, FechaCompra, MontoCompra, ReciboColector, Status, Observacion, FechaVencPago, Descuento) VALUES (3020, 7020, 2020, CAST("2019-01-20" AS Date), 0, 5020, "Contado", "-", CAST("2019-01-20" AS Date), 0);
INSERT INTO Compra (FacturaCompra, IDproveedor, FacturaPedido, FechaCompra, MontoCompra, ReciboColector, Status, Observacion, FechaVencPago, Descuento) VALUES (3021, 7021, 2021, CAST("2019-01-20" AS Date), 0, 5021, "Contado", "-", CAST("2019-01-20" AS Date), 0);
INSERT INTO Compra (FacturaCompra, IDproveedor, FacturaPedido, FechaCompra, MontoCompra, ReciboColector, Status, Observacion, FechaVencPago, Descuento) VALUES (3022, 7022, 2022, CAST("2019-02-25" AS Date), 0, 5022, "Contado", "-", CAST("2019-02-25" AS Date), 0);
INSERT INTO Compra (FacturaCompra, IDproveedor, FacturaPedido, FechaCompra, MontoCompra, ReciboColector, Status, Observacion, FechaVencPago, Descuento) VALUES (3023, 7023, 2023, CAST("2019-03-07" AS Date), 0, 5023, "Credito", "-", CAST("2019-03-07" AS Date), 0);
INSERT INTO Compra (FacturaCompra, IDproveedor, FacturaPedido, FechaCompra, MontoCompra, ReciboColector, Status, Observacion, FechaVencPago, Descuento) VALUES (3024, 7024, 2024, CAST("2019-04-07" AS Date), 0, 5024, "Credito", "-", CAST("2019-04-07" AS Date), 0);
INSERT INTO Compra (FacturaCompra, IDproveedor, FacturaPedido, FechaCompra, MontoCompra, ReciboColector, Status, Observacion, FechaVencPago, Descuento) VALUES (3025, 7025, 2025, CAST("2019-04-26" AS Date), 0, 5025, "Credito", "-", CAST("2019-04-26" AS Date), 0);
INSERT INTO Compra (FacturaCompra, IDproveedor, FacturaPedido, FechaCompra, MontoCompra, ReciboColector, Status, Observacion, FechaVencPago, Descuento) VALUES (3026,7026, 2026,CAST("2019-04-28" AS Date), 0, 501,"Credito","-",CAST("2019-05-01" AS Date), 0);
INSERT INTO Compra (FacturaCompra, IDproveedor, FacturaPedido, FechaCompra, MontoCompra, ReciboColector, Status, Observacion, FechaVencPago, Descuento) VALUES (3027,7027, 2027,CAST("2019-04-30" AS Date), 0, 502,"Credito","-",CAST("2019-05-06" AS Date), 0);
INSERT INTO Compra (FacturaCompra, IDproveedor, FacturaPedido, FechaCompra, MontoCompra, ReciboColector, Status, Observacion, FechaVencPago, Descuento) VALUES (3028,7028, 2028,CAST("2019-05-04" AS Date), 0, 503,"Credito","-",CAST("2019-05-11" AS Date), 0);
INSERT INTO Compra (FacturaCompra, IDproveedor, FacturaPedido, FechaCompra, MontoCompra, ReciboColector, Status, Observacion, FechaVencPago, Descuento) VALUES (3029,7029, 2029,CAST("2019-05-06" AS Date), 0, 504,"Credito","-",CAST("2019-05-16" AS Date), 0);
INSERT INTO Compra (FacturaCompra, IDproveedor, FacturaPedido, FechaCompra, MontoCompra, ReciboColector, Status, Observacion, FechaVencPago, Descuento) VALUES (3030,7030, 2030,CAST("2019-05-08" AS Date), 0, 505,"Credito","-",CAST("2019-05-21" AS Date), 0);
INSERT INTO Compra (FacturaCompra, IDproveedor, FacturaPedido, FechaCompra, MontoCompra, ReciboColector, Status, Observacion, FechaVencPago, Descuento) VALUES (3031,7031, 2031, CAST("2019-05-10" AS Date), 0, 506,"Credito","-",CAST("2019-05-26" AS Date), 0);
INSERT INTO Compra (FacturaCompra, IDproveedor, FacturaPedido, FechaCompra, MontoCompra, ReciboColector, Status, Observacion, FechaVencPago, Descuento) VALUES (3032,7032, 2032, CAST("2019-05-12" AS Date), 0, 507,"Credito","-",CAST("2019-05-31" AS Date), 0);
INSERT INTO Compra (FacturaCompra, IDproveedor, FacturaPedido, FechaCompra, MontoCompra, ReciboColector, Status, Observacion, FechaVencPago, Descuento) VALUES (3033,7033, 2033,CAST("2019-05-14" AS Date), 0, 508,"Credito","-",CAST("2019-06-01" AS Date), 0);
INSERT INTO Compra (FacturaCompra, IDproveedor, FacturaPedido, FechaCompra, MontoCompra, ReciboColector, Status, Observacion, FechaVencPago, Descuento) VALUES (3034,7034, 2034,CAST("2019-05-16" AS Date), 0, 509,"Credito","-",CAST("2019-06-06" AS Date), 0);
INSERT INTO Compra (FacturaCompra, IDproveedor, FacturaPedido, FechaCompra, MontoCompra, ReciboColector, Status, Observacion, FechaVencPago, Descuento) VALUES (3035,7035, 2035,CAST("2019-05-18" AS Date), 0, 5010,"Credito","-",CAST("2019-06-11" AS Date), 0);
INSERT INTO Compra (FacturaCompra, IDproveedor, FacturaPedido, FechaCompra, MontoCompra, ReciboColector, Status, Observacion, FechaVencPago, Descuento) VALUES (3036,7036, 2036,CAST("2019-05-20" AS Date), 20, 5011,"Contado","-",CAST("2019-06-10" AS Date), 0);
INSERT INTO Compra (FacturaCompra, IDproveedor, FacturaPedido, FechaCompra, MontoCompra, ReciboColector, Status, Observacion, FechaVencPago, Descuento) VALUES (3037,7037, 2037,CAST("2019-05-22" AS Date), 0, 5012,"Contado","-",CAST("2019-06-21" AS Date), 0);
INSERT INTO Compra (FacturaCompra, IDproveedor, FacturaPedido, FechaCompra, MontoCompra, ReciboColector, Status, Observacion, FechaVencPago, Descuento) VALUES (3038,7038, 2038,CAST("2019-05-24" AS Date), 0, 5013,"Contado","-",CAST("2019-06-26" AS Date), 0);
INSERT INTO Compra (FacturaCompra, IDproveedor, FacturaPedido, FechaCompra, MontoCompra, ReciboColector, Status, Observacion, FechaVencPago, Descuento) VALUES (3039,7039, 2039,CAST("2019-05-26" AS Date), 0, 5014,"Contado","-",CAST("2019-06-30" AS Date), 0);
INSERT INTO Compra (FacturaCompra, IDproveedor, FacturaPedido, FechaCompra, MontoCompra, ReciboColector, Status, Observacion, FechaVencPago, Descuento) VALUES (3040,7040, 2040,CAST("2019-05-28" AS Date), 0, 5015,"Contado","-",CAST("2019-07-01" AS Date), 0);
INSERT INTO Compra (FacturaCompra, IDproveedor, FacturaPedido, FechaCompra, MontoCompra, ReciboColector, Status, Observacion, FechaVencPago, Descuento) VALUES (3041,7041, 2041,CAST("2019-05-30" AS Date), 0, 5016,"Contado","-",CAST("2019-07-04" AS Date), 0);
INSERT INTO Compra (FacturaCompra, IDproveedor, FacturaPedido, FechaCompra, MontoCompra, ReciboColector, Status, Observacion, FechaVencPago, Descuento) VALUES (3042,7042, 2042,CAST("2019-06-02" AS Date), 0, 5017,"Contado","-",CAST("2019-07-07" AS Date), 0);
INSERT INTO Compra (FacturaCompra, IDproveedor, FacturaPedido, FechaCompra, MontoCompra, ReciboColector, Status, Observacion, FechaVencPago, Descuento) VALUES (3043,7043, 2043,CAST("2019-06-04" AS Date), 0, 5018,"Contado","-",CAST("2019-07-10" AS Date), 0);
INSERT INTO Compra (FacturaCompra, IDproveedor, FacturaPedido, FechaCompra, MontoCompra, ReciboColector, Status, Observacion, FechaVencPago, Descuento) VALUES (3044,7044, 2044,CAST("2019-06-06" AS Date), 0, 5019,"Contado","-",CAST("2019-07-21" AS Date), 0);
INSERT INTO Compra (FacturaCompra, IDproveedor, FacturaPedido, FechaCompra, MontoCompra, ReciboColector, Status, Observacion, FechaVencPago, Descuento) VALUES (3045,7045, 2045,CAST("2019-06-08" AS Date), 0, 5020,"Contado","-",CAST("2019-07-26" AS Date), 0);
INSERT INTO Compra (FacturaCompra, IDproveedor, FacturaPedido, FechaCompra, MontoCompra, ReciboColector, Status, Observacion, FechaVencPago, Descuento) VALUES (3046,7046, 2046,CAST("2019-06-10" AS Date), 0, 5021,"Credito","-",CAST("2019-07-31" AS Date), 0);
INSERT INTO Compra (FacturaCompra, IDproveedor, FacturaPedido, FechaCompra, MontoCompra, ReciboColector, Status, Observacion, FechaVencPago, Descuento) VALUES (3047,7047, 2047,CAST("2019-06-12" AS Date), 0, 5022,"Credito","-",CAST("2019-08-01" AS Date), 0);
INSERT INTO Compra (FacturaCompra, IDproveedor, FacturaPedido, FechaCompra, MontoCompra, ReciboColector, Status, Observacion, FechaVencPago, Descuento) VALUES (3048,7048, 2048,CAST("2019-06-14" AS Date), 0, 5023,"Credito","-",CAST("2019-08-06" AS Date), 0);
INSERT INTO Compra (FacturaCompra, IDproveedor, FacturaPedido, FechaCompra, MontoCompra, ReciboColector, Status, Observacion, FechaVencPago, Descuento) VALUES (3049,7049, 2049,CAST("2019-06-16" AS Date), 0, 5024,"Credito","-",CAST("2019-08-11" AS Date), 0);
INSERT INTO Compra (FacturaCompra, IDproveedor, FacturaPedido, FechaCompra, MontoCompra, ReciboColector, Status, Observacion, FechaVencPago, Descuento) VALUES (3050,7050, 2050,CAST("2019-06-18" AS Date), 0, 5025,"Credito","-",CAST("2019-08-10" AS Date), 0);
INSERT INTO Compra (FacturaCompra, IDproveedor, FacturaPedido, FechaCompra, MontoCompra, ReciboColector, Status, Observacion, FechaVencPago, Descuento) VALUES (3051,7051, 2051,CAST("2019-06-20" AS Date), 0, 5026,"Credito","-",CAST("2019-08-21" AS Date), 0);
INSERT INTO Compra (FacturaCompra, IDproveedor, FacturaPedido, FechaCompra, MontoCompra, ReciboColector, Status, Observacion, FechaVencPago, Descuento) VALUES (3052,7052, 2052,CAST("2019-06-22" AS Date), 0, 5027,"Credito","-",CAST("2019-08-26" AS Date), 0);
INSERT INTO Compra (FacturaCompra, IDproveedor, FacturaPedido, FechaCompra, MontoCompra, ReciboColector, Status, Observacion, FechaVencPago, Descuento) VALUES (3053,7053, 2053,CAST("2019-06-24" AS Date), 0, 5028,"Credito","-",CAST("2019-08-31" AS Date), 0);
INSERT INTO Compra (FacturaCompra, IDproveedor, FacturaPedido, FechaCompra, MontoCompra, ReciboColector, Status, Observacion, FechaVencPago, Descuento) VALUES (3054,7054, 2054,CAST("2019-06-26" AS Date), 0, 5029,"Credito","-",CAST("2019-09-01" AS Date), 0);
INSERT INTO Compra (FacturaCompra, IDproveedor, FacturaPedido, FechaCompra, MontoCompra, ReciboColector, Status, Observacion, FechaVencPago, Descuento) VALUES (3055,7055, 2055,CAST("2019-06-28" AS Date), 0, 5030,"Credito","-",CAST("2019-09-06" AS Date), 0);
INSERT INTO Compra (FacturaCompra, IDproveedor, FacturaPedido, FechaCompra, MontoCompra, ReciboColector, Status, Observacion, FechaVencPago, Descuento) VALUES (3056,7056, 2056,CAST("2019-06-30" AS Date), 0, 5031,"Contado","-",CAST("2019-09-11" AS Date), 0);
INSERT INTO Compra (FacturaCompra, IDproveedor, FacturaPedido, FechaCompra, MontoCompra, ReciboColector, Status, Observacion, FechaVencPago, Descuento) VALUES (3057,7057, 2057,CAST("2019-07-01" AS Date), 0, 5032,"Contado","-",CAST("2019-09-10" AS Date), 0);
INSERT INTO Compra (FacturaCompra, IDproveedor, FacturaPedido, FechaCompra, MontoCompra, ReciboColector, Status, Observacion, FechaVencPago, Descuento) VALUES (3058,7058, 2058,CAST("2019-07-03" AS Date), 0 ,5033,"Contado","-",CAST("2019-09-21" AS Date), 0);
INSERT INTO Compra (FacturaCompra, IDproveedor, FacturaPedido, FechaCompra, MontoCompra, ReciboColector, Status, Observacion, FechaVencPago, Descuento) VALUES (3059,7059, 2059,CAST("2019-07-05" AS Date), 0 ,5034,"Contado","-",CAST("2019-09-26" AS Date), 0);
INSERT INTO Compra (FacturaCompra, IDproveedor, FacturaPedido, FechaCompra, MontoCompra, ReciboColector, Status, Observacion, FechaVencPago, Descuento) VALUES (3060,7060, 2060,CAST("2019-07-07" AS Date), 0, 5035,"Contado","-",CAST("2019-09-30" AS Date), 0);
INSERT INTO Compra (FacturaCompra, IDproveedor, FacturaPedido, FechaCompra, MontoCompra, ReciboColector, Status, Observacion, FechaVencPago, Descuento) VALUES (3061,7061, 2061,CAST("2019-07-09" AS Date), 0, 5036,"Contado","-",CAST("2019-10-01" AS Date), 0);
INSERT INTO Compra (FacturaCompra, IDproveedor, FacturaPedido, FechaCompra, MontoCompra, ReciboColector, Status, Observacion, FechaVencPago, Descuento) VALUES (3062,7062, 2062,CAST("2019-07-11" AS Date), 0, 5037,"Contado","-",CAST("2019-10-06" AS Date), 0);
INSERT INTO Compra (FacturaCompra, IDproveedor, FacturaPedido, FechaCompra, MontoCompra, ReciboColector, Status, Observacion, FechaVencPago, Descuento) VALUES (3063,7063, 2063,CAST("2019-07-13" AS Date), 0, 5038,"Contado","-",CAST("2019-10-11" AS Date), 0);
INSERT INTO Compra (FacturaCompra, IDproveedor, FacturaPedido, FechaCompra, MontoCompra, ReciboColector, Status, Observacion, FechaVencPago, Descuento) VALUES (3064,7064, 2064,CAST("2019-07-10" AS Date), 0, 5039,"Contado","-",CAST("2019-10-10" AS Date), 0);
INSERT INTO Compra (FacturaCompra, IDproveedor, FacturaPedido, FechaCompra, MontoCompra, ReciboColector, Status, Observacion, FechaVencPago, Descuento) VALUES (3065,7065, 2065,CAST("2019-07-17" AS Date), 0, 5040,"Contado","-",CAST("2019-10-21" AS Date), 0);
INSERT INTO Compra (FacturaCompra, IDproveedor, FacturaPedido, FechaCompra, MontoCompra, ReciboColector, Status, Observacion, FechaVencPago, Descuento) VALUES (3066,7066, 2066,CAST("2019-07-19" AS Date), 0, 5041,"Credito","-",CAST("2019-10-26" AS Date), 0);
INSERT INTO Compra (FacturaCompra, IDproveedor, FacturaPedido, FechaCompra, MontoCompra, ReciboColector, Status, Observacion, FechaVencPago, Descuento) VALUES (3067,7067, 2067,CAST("2019-07-21" AS Date), 0, 5042,"Credito","-",CAST("2019-10-31" AS Date), 0);
INSERT INTO Compra (FacturaCompra, IDproveedor, FacturaPedido, FechaCompra, MontoCompra, ReciboColector, Status, Observacion, FechaVencPago, Descuento) VALUES (3068,7068, 2068,CAST("2019-07-23" AS Date), 0, 5043,"Credito","-",CAST("2019-11-01" AS Date), 0);
INSERT INTO Compra (FacturaCompra, IDproveedor, FacturaPedido, FechaCompra, MontoCompra, ReciboColector, Status, Observacion, FechaVencPago, Descuento) VALUES (3069,7069, 2069,CAST("2019-07-25" AS Date), 0, 5044,"Credito","-",CAST("2019-11-06" AS Date), 0);
INSERT INTO Compra (FacturaCompra, IDproveedor, FacturaPedido, FechaCompra, MontoCompra, ReciboColector, Status, Observacion, FechaVencPago, Descuento) VALUES (3070,7070, 2070,CAST("2019-07-27" AS Date), 0, 5045,"Credito","-",CAST("2019-11-11" AS Date), 0);
INSERT INTO Compra (FacturaCompra, IDproveedor, FacturaPedido, FechaCompra, MontoCompra, ReciboColector, Status, Observacion, FechaVencPago, Descuento) VALUES (3071,7071, 2071,CAST("2019-07-29" AS Date), 0, 5046,"Credito","-",CAST("2019-11-16" AS Date), 0);
INSERT INTO Compra (FacturaCompra, IDproveedor, FacturaPedido, FechaCompra, MontoCompra, ReciboColector, Status, Observacion, FechaVencPago, Descuento) VALUES (3072,7072, 2072,CAST("2019-08-02" AS Date), 0, 5047,"Credito","-",CAST("2019-11-16" AS Date), 0);
INSERT INTO Compra (FacturaCompra, IDproveedor, FacturaPedido, FechaCompra, MontoCompra, ReciboColector, Status, Observacion, FechaVencPago, Descuento) VALUES (3073,7073, 2073,CAST("2019-08-02" AS Date), 0, 5048,"Credito","-",CAST("2019-11-16" AS Date), 0);
INSERT INTO Compra (FacturaCompra, IDproveedor, FacturaPedido, FechaCompra, MontoCompra, ReciboColector, Status, Observacion, FechaVencPago, Descuento) VALUES (3074,7074, 2074,CAST("2019-08-02" AS Date), 0, 5049,"Credito","-",CAST("2019-11-10" AS Date), 0);
INSERT INTO Compra (FacturaCompra, IDproveedor, FacturaPedido, FechaCompra, MontoCompra, ReciboColector, Status, Observacion, FechaVencPago, Descuento) VALUES (3075,7075, 2075,CAST("2019-08-02" AS Date), 0, 5050,"Credito","-",CAST("2019-11-10" AS Date), 0);
INSERT INTO Compra (FacturaCompra, IDproveedor, FacturaPedido, FechaCompra, MontoCompra, ReciboColector, Status, Observacion, FechaVencPago, Descuento) VALUES (3076,7076, 2076,CAST("2019-08-04" AS Date), 0, 5051,"Contado","-",CAST("2019-11-10" AS Date), 0);
INSERT INTO Compra (FacturaCompra, IDproveedor, FacturaPedido, FechaCompra, MontoCompra, ReciboColector, Status, Observacion, FechaVencPago, Descuento) VALUES (3077,7077, 2077,CAST("2019-08-04" AS Date), 0, 5052,"Contado","-",CAST("2019-11-10" AS Date), 0);
INSERT INTO Compra (FacturaCompra, IDproveedor, FacturaPedido, FechaCompra, MontoCompra, ReciboColector, Status, Observacion, FechaVencPago, Descuento) VALUES (3078,7078, 2078,CAST("2019-08-06" AS Date), 0, 5053,"Contado","-",CAST("2019-11-11" AS Date), 0);
INSERT INTO Compra (FacturaCompra, IDproveedor, FacturaPedido, FechaCompra, MontoCompra, ReciboColector, Status, Observacion, FechaVencPago, Descuento) VALUES (3079,7079, 2079,CAST("2019-08-06" AS Date), 0, 5054,"Contado","-",CAST("2019-11-13" AS Date), 0);
INSERT INTO Compra (FacturaCompra, IDproveedor, FacturaPedido, FechaCompra, MontoCompra, ReciboColector, Status, Observacion, FechaVencPago, Descuento) VALUES (3080,7080, 2080,CAST("2019-08-06" AS Date), 0, 5055,"Contado","-",CAST("2019-11-14" AS Date), 0);
INSERT INTO Compra (FacturaCompra, IDproveedor, FacturaPedido, FechaCompra, MontoCompra, ReciboColector, Status, Observacion, FechaVencPago, Descuento) VALUES (3081,7007,2081,"2019-05-05 05:38:09.999999",153.53,"","Contado","","2019-05-05 05:38:09.999999",0);

-- INVENTARIOPRODUCTO
INSERT INTO InventarioProducto (FacturaCompra,IDproducto,CantidadUnidades,MontoxUnidad,Ganancia,PrecioVentaUnitario,StockBodega,StockEstante) VALUES (3081,1027,8,63,0.35,85.05,0,8);
INSERT INTO InventarioProducto (FacturaCompra,IDproducto,CantidadUnidades,MontoxUnidad,Ganancia,PrecioVentaUnitario,StockBodega,StockEstante) VALUES (3081,1028,9,45.94,0.35,62.019,3,6);
INSERT INTO InventarioProducto (FacturaCompra,IDproducto,CantidadUnidades,MontoxUnidad,Ganancia,PrecioVentaUnitario,StockBodega,StockEstante) VALUES (3081,1029,8,44.69,0.35,60.33,0,8);


--IndicacionProducto [COMPLETADO - 80 REGISTROS]
INSERT INTO IndicacionProducto (IDproducto,IDindicacion) VALUES (1001,7006);
INSERT INTO IndicacionProducto (IDproducto,IDindicacion) VALUES (1002,70106);
INSERT INTO IndicacionProducto (IDproducto,IDindicacion) VALUES (1003,7006);
INSERT INTO IndicacionProducto (IDproducto,IDindicacion) VALUES (1004,70106);
INSERT INTO IndicacionProducto (IDproducto,IDindicacion) VALUES (1005,7006);
INSERT INTO IndicacionProducto (IDproducto,IDindicacion) VALUES (1006,7009);
INSERT INTO IndicacionProducto (IDproducto,IDindicacion) VALUES (1007,7003);
INSERT INTO IndicacionProducto (IDproducto,IDindicacion) VALUES (1008,7007);
INSERT INTO IndicacionProducto (IDproducto,IDindicacion) VALUES (1009,7010);
INSERT INTO IndicacionProducto (IDproducto,IDindicacion) VALUES (1010,7005);
INSERT INTO IndicacionProducto (IDproducto,IDindicacion) VALUES (1011,7010);
INSERT INTO IndicacionProducto (IDproducto,IDindicacion) VALUES (1012,7011);
INSERT INTO IndicacionProducto (IDproducto,IDindicacion) VALUES (1013,7008);
INSERT INTO IndicacionProducto (IDproducto,IDindicacion) VALUES (10104,7013);
INSERT INTO IndicacionProducto (IDproducto,IDindicacion) VALUES (10105,7013);
INSERT INTO IndicacionProducto (IDproducto,IDindicacion) VALUES (10106,7003);
INSERT INTO IndicacionProducto (IDproducto,IDindicacion) VALUES (10107,7003);
INSERT INTO IndicacionProducto (IDproducto,IDindicacion) VALUES (10108,7009);
INSERT INTO IndicacionProducto (IDproducto,IDindicacion) VALUES (1019,7006);
INSERT INTO IndicacionProducto (IDproducto,IDindicacion) VALUES (1020,7003);
INSERT INTO IndicacionProducto (IDproducto,IDindicacion) VALUES (1021,7011);
INSERT INTO IndicacionProducto (IDproducto,IDindicacion) VALUES (1022,7004);
INSERT INTO IndicacionProducto (IDproducto,IDindicacion) VALUES (1023,7013);
INSERT INTO IndicacionProducto (IDproducto,IDindicacion) VALUES (1024,70104);
INSERT INTO IndicacionProducto (IDproducto,IDindicacion) VALUES (1025,70104);
INSERT INTO IndicacionProducto (IDproducto,IDindicacion) VALUES (1026,70104);
INSERT INTO IndicacionProducto (IDproducto,IDindicacion) VALUES (1027,7001);
INSERT INTO IndicacionProducto (IDproducto,IDindicacion) VALUES (1028,7005);
INSERT INTO IndicacionProducto (IDproducto,IDindicacion) VALUES (1029,7006);
INSERT INTO IndicacionProducto (IDproducto,IDindicacion) VALUES (1030,7004);
INSERT INTO IndicacionProducto (IDproducto,IDindicacion) VALUES (1031,7006);
INSERT INTO IndicacionProducto (IDproducto,IDindicacion) VALUES (1032,7005);
INSERT INTO IndicacionProducto (IDproducto,IDindicacion) VALUES (1033,7010);
INSERT INTO IndicacionProducto (IDproducto,IDindicacion) VALUES (1034,7013);
INSERT INTO IndicacionProducto (IDproducto,IDindicacion) VALUES (1035,7006);
INSERT INTO IndicacionProducto (IDproducto,IDindicacion) VALUES (1036,7005);
INSERT INTO IndicacionProducto (IDproducto,IDindicacion) VALUES (1037,7003);
INSERT INTO IndicacionProducto (IDproducto,IDindicacion) VALUES (1038,7001);
INSERT INTO IndicacionProducto (IDproducto,IDindicacion) VALUES (1039,7010);
INSERT INTO IndicacionProducto (IDproducto,IDindicacion) VALUES (1040,7006);
INSERT INTO IndicacionProducto (IDproducto,IDindicacion) VALUES (1041,7007);
INSERT INTO IndicacionProducto (IDproducto,IDindicacion) VALUES (1042,7005);
INSERT INTO IndicacionProducto (IDproducto,IDindicacion) VALUES (1043,7010);
INSERT INTO IndicacionProducto (IDproducto,IDindicacion) VALUES (1044,7013);
INSERT INTO IndicacionProducto (IDproducto,IDindicacion) VALUES (1045,7010);
INSERT INTO IndicacionProducto (IDproducto,IDindicacion) VALUES (1046,7002);
INSERT INTO IndicacionProducto (IDproducto,IDindicacion) VALUES (1047,7005);
INSERT INTO IndicacionProducto (IDproducto,IDindicacion) VALUES (1048,7012);
INSERT INTO IndicacionProducto (IDproducto,IDindicacion) VALUES (1049,7009);
INSERT INTO IndicacionProducto (IDproducto,IDindicacion) VALUES (1050,7003);
INSERT INTO IndicacionProducto (IDproducto,IDindicacion) VALUES (1051,70104);
INSERT INTO IndicacionProducto (IDproducto,IDindicacion) VALUES (1052,7005);
INSERT INTO IndicacionProducto (IDproducto,IDindicacion) VALUES (1053,7007);
INSERT INTO IndicacionProducto (IDproducto,IDindicacion) VALUES (1054,7010);
INSERT INTO IndicacionProducto (IDproducto,IDindicacion) VALUES (1055,7011);
INSERT INTO IndicacionProducto (IDproducto,IDindicacion) VALUES (1056,7010);
INSERT INTO IndicacionProducto (IDproducto,IDindicacion) VALUES (1057,7002);
INSERT INTO IndicacionProducto (IDproducto,IDindicacion) VALUES (1058,7001);
INSERT INTO IndicacionProducto (IDproducto,IDindicacion) VALUES (1059,7005);
INSERT INTO IndicacionProducto (IDproducto,IDindicacion) VALUES (1060,7009);
INSERT INTO IndicacionProducto (IDproducto,IDindicacion) VALUES (1061,7001);
INSERT INTO IndicacionProducto (IDproducto,IDindicacion) VALUES (1062,7005);
INSERT INTO IndicacionProducto (IDproducto,IDindicacion) VALUES (1063,7005);
INSERT INTO IndicacionProducto (IDproducto,IDindicacion) VALUES (1064,7013);
INSERT INTO IndicacionProducto (IDproducto,IDindicacion) VALUES (1065,7003);
INSERT INTO IndicacionProducto (IDproducto,IDindicacion) VALUES (1066,7011);
INSERT INTO IndicacionProducto (IDproducto,IDindicacion) VALUES (1067,7004);
INSERT INTO IndicacionProducto (IDproducto,IDindicacion) VALUES (1068,7012);
INSERT INTO IndicacionProducto (IDproducto,IDindicacion) VALUES (1069,7006);
INSERT INTO IndicacionProducto (IDproducto,IDindicacion) VALUES (1070,7011);
INSERT INTO IndicacionProducto (IDproducto,IDindicacion) VALUES (1071,7010);
INSERT INTO IndicacionProducto (IDproducto,IDindicacion) VALUES (1072,7004);
INSERT INTO IndicacionProducto (IDproducto,IDindicacion) VALUES (1073,7003);
INSERT INTO IndicacionProducto (IDproducto,IDindicacion) VALUES (1074,7008);
INSERT INTO IndicacionProducto (IDproducto,IDindicacion) VALUES (1075,7002);
INSERT INTO IndicacionProducto (IDproducto,IDindicacion) VALUES (1076,7011);
INSERT INTO IndicacionProducto (IDproducto,IDindicacion) VALUES (1077,7001);
INSERT INTO IndicacionProducto (IDproducto,IDindicacion) VALUES (1078,7012);
INSERT INTO IndicacionProducto (IDproducto,IDindicacion) VALUES (1079,7001);
INSERT INTO IndicacionProducto (IDproducto,IDindicacion) VALUES (1080,7012);

-- PagoServicios [COMPLETADO - 99 REGISTROS]
INSERT INTO Pagos (IDPagos,IDempleado,TipoPago,MontoPago,FechaPago) VALUES (10601,1,"Luz",1072,"2018-09-14 01:26:52");
INSERT INTO Pagos (IDPagos,IDempleado,TipoPago,MontoPago,FechaPago) VALUES (10602,1,"Luz",772,"2019-01-04 22:36:26");
INSERT INTO Pagos (IDPagos,IDempleado,TipoPago,MontoPago,FechaPago) VALUES (10603,1,"Luz",448,"2018-11-29 05:09:12");
INSERT INTO Pagos (IDPagos,IDempleado,TipoPago,MontoPago,FechaPago) VALUES (10604,1,"Agua",10460,"2018-11-23 05:52:29");
INSERT INTO Pagos (IDPagos,IDempleado,TipoPago,MontoPago,FechaPago) VALUES (10605,2,"Agua",1011,"2019-01-24 14:58:03");
INSERT INTO Pagos (IDPagos,IDempleado,TipoPago,MontoPago,FechaPago) VALUES (10606,1,"Agua",1065,"2019-02-20 15:27:53");
INSERT INTO Pagos (IDPagos,IDempleado,TipoPago,MontoPago,FechaPago) VALUES (10607,2,"CasaClaro",331,"2019-03-29 20:03:07");
INSERT INTO Pagos (IDPagos,IDempleado,TipoPago,MontoPago,FechaPago) VALUES (10608,1,"CasaClaro",1343,"2019-01-04 07:41:08");
INSERT INTO Pagos (IDPagos,IDempleado,TipoPago,MontoPago,FechaPago) VALUES (10609,2,"CasaClaro",621,"2019-03-06 20:33:23");
INSERT INTO Pagos (IDPagos,IDempleado,TipoPago,MontoPago,FechaPago) VALUES (10610,1,"Luz",1095,"2019-03-06 14:57:14");
INSERT INTO Pagos (IDPagos,IDempleado,TipoPago,MontoPago,FechaPago) VALUES (10611,1,"Luz",294,"2018-09-04 13:18:13");
INSERT INTO Pagos (IDPagos,IDempleado,TipoPago,MontoPago,FechaPago) VALUES (10612,1,"Luz",70,"2018-11-15 18:08:13");
INSERT INTO Pagos (IDPagos,IDempleado,TipoPago,MontoPago,FechaPago) VALUES (10613,1,"Agua",372,"2019-03-04 16:40:50");
INSERT INTO Pagos (IDPagos,IDempleado,TipoPago,MontoPago,FechaPago) VALUES (106104,1,"Agua",722,"2019-07-09 16:04:36");
INSERT INTO Pagos (IDPagos,IDempleado,TipoPago,MontoPago,FechaPago) VALUES (106105,2,"Agua",234,"2018-11-04 18:33:25");
INSERT INTO Pagos (IDPagos,IDempleado,TipoPago,MontoPago,FechaPago) VALUES (106106,1,"CasaClaro",11106,"2019-04-01 07:09:51");
INSERT INTO Pagos (IDPagos,IDempleado,TipoPago,MontoPago,FechaPago) VALUES (106107,2,"CasaClaro",984,"2019-01-26 10:13:26");
INSERT INTO Pagos (IDPagos,IDempleado,TipoPago,MontoPago,FechaPago) VALUES (106108,1,"CasaClaro",6107,"2018-10-28 20:08:57");
INSERT INTO Pagos (IDPagos,IDempleado,TipoPago,MontoPago,FechaPago) VALUES (10619,1,"Luz",953,"2018-08-28 05:18:10");
INSERT INTO Pagos (IDPagos,IDempleado,TipoPago,MontoPago,FechaPago) VALUES (10620,2,"Luz",673,"2019-06-21 03:32:20");
INSERT INTO Pagos (IDPagos,IDempleado,TipoPago,MontoPago,FechaPago) VALUES (10621,1,"Luz",473,"2019-02-10 02:40:49");
INSERT INTO Pagos (IDPagos,IDempleado,TipoPago,MontoPago,FechaPago) VALUES (10622,1,"Agua",11080,"2019-06-07 22:52:16");
INSERT INTO Pagos (IDPagos,IDempleado,TipoPago,MontoPago,FechaPago) VALUES (10623,2,"Agua",496,"2019-04-11 03:19:19");
INSERT INTO Pagos (IDPagos,IDempleado,TipoPago,MontoPago,FechaPago) VALUES (10624,2,"Agua",335,"2018-11-22 02:39:10");
INSERT INTO Pagos (IDPagos,IDempleado,TipoPago,MontoPago,FechaPago) VALUES (10625,2,"CasaClaro",793,"2019-04-15 22:40:20");
INSERT INTO Pagos (IDPagos,IDempleado,TipoPago,MontoPago,FechaPago) VALUES (10626,2,"CasaClaro",442,"2018-11-25 06:14:45");
INSERT INTO Pagos (IDPagos,IDempleado,TipoPago,MontoPago,FechaPago) VALUES (10627,1,"CasaClaro",1210,"2019-05-14 00:21:50");
INSERT INTO Pagos (IDPagos,IDempleado,TipoPago,MontoPago,FechaPago) VALUES (10628,1,"Luz",576,"2019-06-13 18:29:32");
INSERT INTO Pagos (IDPagos,IDempleado,TipoPago,MontoPago,FechaPago) VALUES (10629,2,"Luz",1068,"2019-01-26 20:01:45");
INSERT INTO Pagos (IDPagos,IDempleado,TipoPago,MontoPago,FechaPago) VALUES (10630,2,"Luz",1397,"2018-09-04 09:28:41");
INSERT INTO Pagos (IDPagos,IDempleado,TipoPago,MontoPago,FechaPago) VALUES (10631,1,"Agua",890,"2019-07-13 07:48:52");
INSERT INTO Pagos (IDPagos,IDempleado,TipoPago,MontoPago,FechaPago) VALUES (10632,1,"Agua",11058,"2018-09-25 23:51:41");
INSERT INTO Pagos (IDPagos,IDempleado,TipoPago,MontoPago,FechaPago) VALUES (10633,1,"Agua",338,"2019-01-30 14:55:04");
INSERT INTO Pagos (IDPagos,IDempleado,TipoPago,MontoPago,FechaPago) VALUES (10634,1,"CasaClaro",520,"2019-05-13 22:33:36");
INSERT INTO Pagos (IDPagos,IDempleado,TipoPago,MontoPago,FechaPago) VALUES (10635,2,"CasaClaro",772,"2018-12-12 18:12:32");
INSERT INTO Pagos (IDPagos,IDempleado,TipoPago,MontoPago,FechaPago) VALUES (10636,2,"CasaClaro",1045,"2018-10-20 09:48:05");
INSERT INTO Pagos (IDPagos,IDempleado,TipoPago,MontoPago,FechaPago) VALUES (10637,1,"Luz",10450,"2019-03-28 06:30:45");
INSERT INTO Pagos (IDPagos,IDempleado,TipoPago,MontoPago,FechaPago) VALUES (10638,2,"Luz",522,"2018-08-31 17:29:04");
INSERT INTO Pagos (IDPagos,IDempleado,TipoPago,MontoPago,FechaPago) VALUES (10639,2,"Luz",469,"2019-08-04 09:05:37");
INSERT INTO Pagos (IDPagos,IDempleado,TipoPago,MontoPago,FechaPago) VALUES (10640,2,"Agua",593,"2019-02-23 05:35:15");
INSERT INTO Pagos (IDPagos,IDempleado,TipoPago,MontoPago,FechaPago) VALUES (10641,1,"Agua",346,"2019-05-12 22:26:14");
INSERT INTO Pagos (IDPagos,IDempleado,TipoPago,MontoPago,FechaPago) VALUES (10642,1,"Agua",1293,"2019-03-23 09:43:43");
INSERT INTO Pagos (IDPagos,IDempleado,TipoPago,MontoPago,FechaPago) VALUES (10643,2,"CasaClaro",263,"2018-10-21 14:14:23");
INSERT INTO Pagos (IDPagos,IDempleado,TipoPago,MontoPago,FechaPago) VALUES (10644,1,"CasaClaro",10424,"2019-03-28 19:04:43");
INSERT INTO Pagos (IDPagos,IDempleado,TipoPago,MontoPago,FechaPago) VALUES (10645,2,"CasaClaro",1002,"2018-11-06 10:55:45");
INSERT INTO Pagos (IDPagos,IDempleado,TipoPago,MontoPago,FechaPago) VALUES (10646,1,"Luz",671,"2019-01-29 02:22:08");
INSERT INTO Pagos (IDPagos,IDempleado,TipoPago,MontoPago,FechaPago) VALUES (10647,2,"Luz",1298,"2019-04-24 01:52:57");
INSERT INTO Pagos (IDPagos,IDempleado,TipoPago,MontoPago,FechaPago) VALUES (10648,2,"Luz",734,"2019-03-22 22:13:19");
INSERT INTO Pagos (IDPagos,IDempleado,TipoPago,MontoPago,FechaPago) VALUES (10649,2,"Agua",670,"2018-08-12 16:09:23");
INSERT INTO Pagos (IDPagos,IDempleado,TipoPago,MontoPago,FechaPago) VALUES (10650,1,"Agua",1063,"2018-11-28 13:10:54");
INSERT INTO Pagos (IDPagos,IDempleado,TipoPago,MontoPago,FechaPago) VALUES (10651,1,"Agua",1344,"2018-08-18 11:29:13");
INSERT INTO Pagos (IDPagos,IDempleado,TipoPago,MontoPago,FechaPago) VALUES (10652,2,"CasaClaro",7105,"2018-12-08 07:12:10");
INSERT INTO Pagos (IDPagos,IDempleado,TipoPago,MontoPago,FechaPago) VALUES (10653,2,"CasaClaro",786,"2018-09-24 09:40:32");
INSERT INTO Pagos (IDPagos,IDempleado,TipoPago,MontoPago,FechaPago) VALUES (10654,2,"CasaClaro",1375,"2018-12-01 08:20:28");
INSERT INTO Pagos (IDPagos,IDempleado,TipoPago,MontoPago,FechaPago) VALUES (10655,1,"Luz",1081,"2019-07-10 22:49:43");
INSERT INTO Pagos (IDPagos,IDempleado,TipoPago,MontoPago,FechaPago) VALUES (10656,1,"Luz",1377,"2019-05-20 00:16:22");
INSERT INTO Pagos (IDPagos,IDempleado,TipoPago,MontoPago,FechaPago) VALUES (10657,1,"Luz",1339,"2018-11-07 11:19:56");
INSERT INTO Pagos (IDPagos,IDempleado,TipoPago,MontoPago,FechaPago) VALUES (10658,2,"Agua",884,"2019-05-09 12:48:00");
INSERT INTO Pagos (IDPagos,IDempleado,TipoPago,MontoPago,FechaPago) VALUES (10659,1,"Agua",269,"2019-04-20 19:54:00");
INSERT INTO Pagos (IDPagos,IDempleado,TipoPago,MontoPago,FechaPago) VALUES (10660,2,"Agua",1222,"2018-10-09 20:34:39");
INSERT INTO Pagos (IDPagos,IDempleado,TipoPago,MontoPago,FechaPago) VALUES (10661,2,"CasaClaro",190,"2018-10-21 23:13:41");
INSERT INTO Pagos (IDPagos,IDempleado,TipoPago,MontoPago,FechaPago) VALUES (10662,1,"CasaClaro",50,"2018-10-01 16:02:58");
INSERT INTO Pagos (IDPagos,IDempleado,TipoPago,MontoPago,FechaPago) VALUES (10663,1,"CasaClaro",1227,"2018-11-26 01:02:24");
INSERT INTO Pagos (IDPagos,IDempleado,TipoPago,MontoPago,FechaPago) VALUES (10664,1,"Luz",867,"2019-03-02 01:22:26");
INSERT INTO Pagos (IDPagos,IDempleado,TipoPago,MontoPago,FechaPago) VALUES (10665,1,"Luz",1063,"2019-01-09 19:29:09");
INSERT INTO Pagos (IDPagos,IDempleado,TipoPago,MontoPago,FechaPago) VALUES (10666,2,"Luz",10460,"2019-01-06 23:43:06");
INSERT INTO Pagos (IDPagos,IDempleado,TipoPago,MontoPago,FechaPago) VALUES (10667,1,"Agua",11084,"2018-08-29 07:05:32");
INSERT INTO Pagos (IDPagos,IDempleado,TipoPago,MontoPago,FechaPago) VALUES (10668,1,"Agua",578,"2019-01-15 06:55:50");
INSERT INTO Pagos (IDPagos,IDempleado,TipoPago,MontoPago,FechaPago) VALUES (10669,2,"Agua",13106,"2019-07-22 00:56:11");
INSERT INTO Pagos (IDPagos,IDempleado,TipoPago,MontoPago,FechaPago) VALUES (10670,1,"CasaClaro",959,"2018-09-15 22:06:30");
INSERT INTO Pagos (IDPagos,IDempleado,TipoPago,MontoPago,FechaPago) VALUES (10671,2,"CasaClaro",1059,"2018-09-13 09:24:37");
INSERT INTO Pagos (IDPagos,IDempleado,TipoPago,MontoPago,FechaPago) VALUES (10672,2,"CasaClaro",602,"2019-01-19 23:22:43");
INSERT INTO Pagos (IDPagos,IDempleado,TipoPago,MontoPago,FechaPago) VALUES (10673,1,"Luz",1356,"2019-06-13 18:52:59");
INSERT INTO Pagos (IDPagos,IDempleado,TipoPago,MontoPago,FechaPago) VALUES (10674,1,"Luz",440,"2018-10-29 13:43:47");
INSERT INTO Pagos (IDPagos,IDempleado,TipoPago,MontoPago,FechaPago) VALUES (10675,1,"Luz",570,"2019-07-23 01:35:13");
INSERT INTO Pagos (IDPagos,IDempleado,TipoPago,MontoPago,FechaPago) VALUES (10676,2,"Agua",370,"2019-05-24 12:10:06");
INSERT INTO Pagos (IDPagos,IDempleado,TipoPago,MontoPago,FechaPago) VALUES (10677,1,"Agua",1290,"2019-01-09 21:08:02");
INSERT INTO Pagos (IDPagos,IDempleado,TipoPago,MontoPago,FechaPago) VALUES (10678,1,"Agua",55,"2019-02-07 21:14:52");
INSERT INTO Pagos (IDPagos,IDempleado,TipoPago,MontoPago,FechaPago) VALUES (10679,1,"CasaClaro",12108,"2018-09-05 18:16:33");
INSERT INTO Pagos (IDPagos,IDempleado,TipoPago,MontoPago,FechaPago) VALUES (10680,2,"CasaClaro",705,"2019-05-19 18:59:20");
INSERT INTO Pagos (IDPagos,IDempleado,TipoPago,MontoPago,FechaPago) VALUES (10681,2,"CasaClaro",1344,"2019-05-21 11:19:30");
INSERT INTO Pagos (IDPagos,IDempleado,TipoPago,MontoPago,FechaPago) VALUES (10682,2,"Luz",803,"2018-11-29 07:47:43");
INSERT INTO Pagos (IDPagos,IDempleado,TipoPago,MontoPago,FechaPago) VALUES (10683,1,"Luz",657,"2018-08-16 10:24:24");
INSERT INTO Pagos (IDPagos,IDempleado,TipoPago,MontoPago,FechaPago) VALUES (10684,1,"Luz",1327,"2019-04-19 21:26:54");
INSERT INTO Pagos (IDPagos,IDempleado,TipoPago,MontoPago,FechaPago) VALUES (10685,1,"Agua",507,"2019-04-26 12:44:51");
INSERT INTO Pagos (IDPagos,IDempleado,TipoPago,MontoPago,FechaPago) VALUES (10686,2,"Agua",643,"2019-08-06 00:16:20");
INSERT INTO Pagos (IDPagos,IDempleado,TipoPago,MontoPago,FechaPago) VALUES (10687,2,"Agua",198,"2018-08-22 20:40:25");
INSERT INTO Pagos (IDPagos,IDempleado,TipoPago,MontoPago,FechaPago) VALUES (10688,1,"CasaClaro",263,"2019-02-21 22:21:07");
INSERT INTO Pagos (IDPagos,IDempleado,TipoPago,MontoPago,FechaPago) VALUES (10689,2,"CasaClaro",1348,"2019-06-16 14:49:55");
INSERT INTO Pagos (IDPagos,IDempleado,TipoPago,MontoPago,FechaPago) VALUES (10690,2,"CasaClaro",1063,"2018-12-16 08:45:54");
INSERT INTO Pagos (IDPagos,IDempleado,TipoPago,MontoPago,FechaPago) VALUES (10691,2,"Luz",996,"2019-05-18 00:00:03");
INSERT INTO Pagos (IDPagos,IDempleado,TipoPago,MontoPago,FechaPago) VALUES (10692,1,"Luz",406,"2019-04-10 07:41:22");
INSERT INTO Pagos (IDPagos,IDempleado,TipoPago,MontoPago,FechaPago) VALUES (10693,2,"Luz",11061,"2018-09-20 01:19:41");
INSERT INTO Pagos (IDPagos,IDempleado,TipoPago,MontoPago,FechaPago) VALUES (10694,1,"Agua",541,"2019-07-08 08:22:39");
INSERT INTO Pagos (IDPagos,IDempleado,TipoPago,MontoPago,FechaPago) VALUES (10695,2,"Agua",264,"2018-09-25 11:25:46");
INSERT INTO Pagos (IDPagos,IDempleado,TipoPago,MontoPago,FechaPago) VALUES (10696,1,"Agua",5105,"2018-11-19 22:08:36");
INSERT INTO Pagos (IDPagos,IDempleado,TipoPago,MontoPago,FechaPago) VALUES (10697,2,"CasaClaro",84,"2018-08-27 06:30:16");
INSERT INTO Pagos (IDPagos,IDempleado,TipoPago,MontoPago,FechaPago) VALUES (10698,1,"CasaClaro",942,"2019-05-04 05:28:09");
INSERT INTO Pagos (IDPagos,IDempleado,TipoPago,MontoPago,FechaPago) VALUES (10699,1,"CasaClaro",1298,"2018-08-22 19:54:13");

-- UtilidadProducto [COMPLETADO - 80 REGISTROS]
INSERT INTO UtilidadProducto (IDproducto,IDenfermedad) VALUES (1001,5009);
INSERT INTO UtilidadProducto (IDproducto,IDenfermedad) VALUES (1002,5022);
INSERT INTO UtilidadProducto (IDproducto,IDenfermedad) VALUES (1003,5011);
INSERT INTO UtilidadProducto (IDproducto,IDenfermedad) VALUES (1004,5025);
INSERT INTO UtilidadProducto (IDproducto,IDenfermedad) VALUES (1005,5019);
INSERT INTO UtilidadProducto (IDproducto,IDenfermedad) VALUES (1006,5014);
INSERT INTO UtilidadProducto (IDproducto,IDenfermedad) VALUES (1007,5001);
INSERT INTO UtilidadProducto (IDproducto,IDenfermedad) VALUES (1008,5007);
INSERT INTO UtilidadProducto (IDproducto,IDenfermedad) VALUES (1009,5023);
INSERT INTO UtilidadProducto (IDproducto,IDenfermedad) VALUES (1010,5020);
INSERT INTO UtilidadProducto (IDproducto,IDenfermedad) VALUES (1011,5016);
INSERT INTO UtilidadProducto (IDproducto,IDenfermedad) VALUES (1012,5009);
INSERT INTO UtilidadProducto (IDproducto,IDenfermedad) VALUES (1013,5015);
INSERT INTO UtilidadProducto (IDproducto,IDenfermedad) VALUES (1014,5023);
INSERT INTO UtilidadProducto (IDproducto,IDenfermedad) VALUES (1015,5024);
INSERT INTO UtilidadProducto (IDproducto,IDenfermedad) VALUES (1016,5020);
INSERT INTO UtilidadProducto (IDproducto,IDenfermedad) VALUES (1018,5013);
INSERT INTO UtilidadProducto (IDproducto,IDenfermedad) VALUES (1019,5010);
INSERT INTO UtilidadProducto (IDproducto,IDenfermedad) VALUES (1020,5015);
INSERT INTO UtilidadProducto (IDproducto,IDenfermedad) VALUES (1021,5010);
INSERT INTO UtilidadProducto (IDproducto,IDenfermedad) VALUES (1022,5019);
INSERT INTO UtilidadProducto (IDproducto,IDenfermedad) VALUES (1023,5003);
INSERT INTO UtilidadProducto (IDproducto,IDenfermedad) VALUES (1024,5007);
INSERT INTO UtilidadProducto (IDproducto,IDenfermedad) VALUES (1025,5010);
INSERT INTO UtilidadProducto (IDproducto,IDenfermedad) VALUES (1026,5016);
INSERT INTO UtilidadProducto (IDproducto,IDenfermedad) VALUES (1027,5020);
INSERT INTO UtilidadProducto (IDproducto,IDenfermedad) VALUES (1028,5025);
INSERT INTO UtilidadProducto (IDproducto,IDenfermedad) VALUES (1029,5011);
INSERT INTO UtilidadProducto (IDproducto,IDenfermedad) VALUES (1030,5024);
INSERT INTO UtilidadProducto (IDproducto,IDenfermedad) VALUES (1031,5025);
INSERT INTO UtilidadProducto (IDproducto,IDenfermedad) VALUES (1032,5024);
INSERT INTO UtilidadProducto (IDproducto,IDenfermedad) VALUES (1033,5014);
INSERT INTO UtilidadProducto (IDproducto,IDenfermedad) VALUES (1034,5002);
INSERT INTO UtilidadProducto (IDproducto,IDenfermedad) VALUES (1035,5021);
INSERT INTO UtilidadProducto (IDproducto,IDenfermedad) VALUES (1036,5024);
INSERT INTO UtilidadProducto (IDproducto,IDenfermedad) VALUES (1037,5022);
INSERT INTO UtilidadProducto (IDproducto,IDenfermedad) VALUES (1038,5004);
INSERT INTO UtilidadProducto (IDproducto,IDenfermedad) VALUES (1039,5025);
INSERT INTO UtilidadProducto (IDproducto,IDenfermedad) VALUES (1040,5016);
INSERT INTO UtilidadProducto (IDproducto,IDenfermedad) VALUES (1041,5019);
INSERT INTO UtilidadProducto (IDproducto,IDenfermedad) VALUES (1042,5014);
INSERT INTO UtilidadProducto (IDproducto,IDenfermedad) VALUES (1043,5006);
INSERT INTO UtilidadProducto (IDproducto,IDenfermedad) VALUES (1044,5021);
INSERT INTO UtilidadProducto (IDproducto,IDenfermedad) VALUES (1045,5006);
INSERT INTO UtilidadProducto (IDproducto,IDenfermedad) VALUES (1046,5012);
INSERT INTO UtilidadProducto (IDproducto,IDenfermedad) VALUES (1047,5019);
INSERT INTO UtilidadProducto (IDproducto,IDenfermedad) VALUES (1048,5001);
INSERT INTO UtilidadProducto (IDproducto,IDenfermedad) VALUES (1049,5014);
INSERT INTO UtilidadProducto (IDproducto,IDenfermedad) VALUES (1050,5023);
INSERT INTO UtilidadProducto (IDproducto,IDenfermedad) VALUES (1051,5009);
INSERT INTO UtilidadProducto (IDproducto,IDenfermedad) VALUES (1052,5011);
INSERT INTO UtilidadProducto (IDproducto,IDenfermedad) VALUES (1053,5021);
INSERT INTO UtilidadProducto (IDproducto,IDenfermedad) VALUES (1054,5003);
INSERT INTO UtilidadProducto (IDproducto,IDenfermedad) VALUES (1055,5014);
INSERT INTO UtilidadProducto (IDproducto,IDenfermedad) VALUES (1056,5014);
INSERT INTO UtilidadProducto (IDproducto,IDenfermedad) VALUES (1057,5006);
INSERT INTO UtilidadProducto (IDproducto,IDenfermedad) VALUES (1058,5006);
INSERT INTO UtilidadProducto (IDproducto,IDenfermedad) VALUES (1059,5021);
INSERT INTO UtilidadProducto (IDproducto,IDenfermedad) VALUES (1060,5015);
INSERT INTO UtilidadProducto (IDproducto,IDenfermedad) VALUES (1061,5004);
INSERT INTO UtilidadProducto (IDproducto,IDenfermedad) VALUES (1062,5016);
INSERT INTO UtilidadProducto (IDproducto,IDenfermedad) VALUES (1063,5013);
INSERT INTO UtilidadProducto (IDproducto,IDenfermedad) VALUES (1064,5017);
INSERT INTO UtilidadProducto (IDproducto,IDenfermedad) VALUES (1065,5014);
INSERT INTO UtilidadProducto (IDproducto,IDenfermedad) VALUES (1066,5015);
INSERT INTO UtilidadProducto (IDproducto,IDenfermedad) VALUES (1067,5016);
INSERT INTO UtilidadProducto (IDproducto,IDenfermedad) VALUES (1068,5013);
INSERT INTO UtilidadProducto (IDproducto,IDenfermedad) VALUES (1069,5007);
INSERT INTO UtilidadProducto (IDproducto,IDenfermedad) VALUES (1070,5006);
INSERT INTO UtilidadProducto (IDproducto,IDenfermedad) VALUES (1071,5017);
INSERT INTO UtilidadProducto (IDproducto,IDenfermedad) VALUES (1072,5003);
INSERT INTO UtilidadProducto (IDproducto,IDenfermedad) VALUES (1073,5003);
INSERT INTO UtilidadProducto (IDproducto,IDenfermedad) VALUES (1074,5025);
INSERT INTO UtilidadProducto (IDproducto,IDenfermedad) VALUES (1075,5022);
INSERT INTO UtilidadProducto (IDproducto,IDenfermedad) VALUES (1076,5022);
INSERT INTO UtilidadProducto (IDproducto,IDenfermedad) VALUES (1077,5006);
INSERT INTO UtilidadProducto (IDproducto,IDenfermedad) VALUES (1078,50107);
INSERT INTO UtilidadProducto (IDproducto,IDenfermedad) VALUES (1079,5016);
INSERT INTO UtilidadProducto (IDproducto,IDenfermedad) VALUES (1080,5025);
>>>>>>> ae2806b698b71f01e78dd132c4653c8ec3c7aa56
