------- VALORES DE REALES QUE PUEDEN SER UTILIZADOS ------

-- Empleado [COMPLETADO - 3 REGISTROS]
INSERT Empleado (IDempleado, CedulaEmpleado, Nombre, Usuario, Pass) VALUES (1, "001-130599-1007K", "Francisco Silva", "FSilva", "1234");
INSERT Empleado (IDempleado, CedulaEmpleado, Nombre, Usuario, Pass) VALUES (2, "001-230198-0198W", "Gabriela Castillo", "GCastillo", "1234");
INSERT Empleado (IDempleado, CedulaEmpleado, Nombre, Usuario, Pass) VALUES (3, "", "Vendedor 3", "Vendedor", "1234");

-- Producto [COMPLETO - 80 REGISTROS]
INSERT Producto (IDproducto, Nombre, Forma_farmaceutica, Dosis_Contenido, Unidad_medida, Restriccion, Generico, Descontinuado) VALUES (1001, "Acetaminofen", "Gotas", 30, "ml", 0, 1, 0);
INSERT Producto (IDproducto, Nombre, Forma_farmaceutica, Dosis_Contenido, Unidad_medida, Restriccion, Generico, Descontinuado) VALUES (1002, "Aciclovir", "Tabletas", 400, "mg", 0, 1, 0);
INSERT Producto (IDproducto, Nombre, Forma_farmaceutica, Dosis_Contenido, Unidad_medida, Restriccion, Generico, Descontinuado) VALUES (1003, "Mucolex", "Jarabe", 90, "ml", 0, 0, 0);
INSERT Producto (IDproducto, Nombre, Forma_farmaceutica, Dosis_Contenido, Unidad_medida, Restriccion, Generico, Descontinuado) VALUES (1004, "Zepol Deportista", "Crema", 30, "gr", 0, 0, 0);
INSERT Producto (IDproducto, Nombre, Forma_farmaceutica, Dosis_Contenido, Unidad_medida, Restriccion, Generico, Descontinuado) VALUES (1005, "Alka-D", "Tabletas", 25, "gr", 0, 0, 1);
INSERT Producto (IDproducto, Nombre, Forma_farmaceutica, Dosis_Contenido, Unidad_medida, Restriccion, Generico, Descontinuado) VALUES (1006, "Amoxicilina", "Tabletas",500, "ml", 0, 0, 0);
INSERT Producto (IDproducto, Nombre, Forma_farmaceutica, Dosis_Contenido, Unidad_medida, Restriccion, Generico, Descontinuado) VALUES (1007, "Ambroxol", "Jarabe", 100, "ml", 0, 0, 0);
INSERT Producto (IDproducto, Nombre, Forma_farmaceutica, Dosis_Contenido, Unidad_medida, Restriccion, Generico, Descontinuado) VALUES (1008, "Ketotifeno", "Tabletas",1, "mg", 0, 0, 0);
INSERT Producto (IDproducto, Nombre, Forma_farmaceutica, Dosis_Contenido, Unidad_medida, Restriccion, Generico, Descontinuado) VALUES (1009, "Bromexina", "Jarabe", 120, "ml", 0, 0, 0);
INSERT Producto (IDproducto, Nombre, Forma_farmaceutica, Dosis_Contenido, Unidad_medida, Restriccion, Generico, Descontinuado) VALUES (1010, "Broncodil", "Gotas", 30, "ml", 0, 0, 0);
INSERT Producto (IDproducto, Nombre, Forma_farmaceutica, Dosis_Contenido, Unidad_medida, Restriccion, Generico, Descontinuado) VALUES (1011, "Electrolit", "Suero", 625, "ml", 0, 0, 0);
INSERT Producto (IDproducto, Nombre, Forma_farmaceutica, Dosis_Contenido, Unidad_medida, Restriccion, Generico, Descontinuado) VALUES (1012, "Kalizzer", "Suspension",1080, "ml", 0, 0, 0);
INSERT Producto (IDproducto, Nombre, Forma_farmaceutica, Dosis_Contenido, Unidad_medida, Restriccion, Generico, Descontinuado) VALUES (1013, "Lorazepam", "Tabletas", 2, "mg", 1, 0, 0);
INSERT Producto (IDproducto, Nombre, Forma_farmaceutica, Dosis_Contenido, Unidad_medida, Restriccion, Generico, Descontinuado) VALUES (1014, "Panesia", "Spray", 20, "ml", 0, 0, 0);
INSERT Producto (IDproducto, Nombre, Forma_farmaceutica, Dosis_Contenido, Unidad_medida, Restriccion, Generico, Descontinuado) VALUES (1015, "Clotrimazol", "Crema", 20, "gr", 0, 0, 0);
INSERT Producto (IDproducto, Nombre, Forma_farmaceutica, Dosis_Contenido, Unidad_medida, Restriccion, Generico, Descontinuado) VALUES (1016, "ViroGrip Gel AM", "Tabletas", 24, "mg", 0, 0, 0);
INSERT Producto (IDproducto, Nombre, Forma_farmaceutica, Dosis_Contenido, Unidad_medida, Restriccion, Generico, Descontinuado) VALUES (1017, "ViroGrip Gel PM", "Tabletas", 24, "mg", 0, 0, 0);
INSERT Producto (IDproducto, Nombre, Forma_farmaceutica, Dosis_Contenido, Unidad_medida, Restriccion, Generico, Descontinuado) VALUES (1018, "Prueba de embarazo", "Unidad", 0, "-", 0, 0, 0);
INSERT Producto (IDproducto, Nombre, Forma_farmaceutica, Dosis_Contenido, Unidad_medida, Restriccion, Generico, Descontinuado) VALUES (1019, "ViroGrip Gel AM", "Tabletas", 24, "mg", 0, 0, 0);
INSERT Producto (IDproducto, Nombre, Forma_farmaceutica, Dosis_Contenido, Unidad_medida, Restriccion, Generico, Descontinuado) VALUES (1020, "Loratadina", "Tabletas", 10, "mg", 0, 0, 0);
INSERT Producto (IDproducto, Nombre, Forma_farmaceutica, Dosis_Contenido, Unidad_medida, Restriccion, Generico, Descontinuado) VALUES (1021, "ViroGrip Gel AM", "Tabletas", 24, "mg", 0, 0, 0);
INSERT Producto (IDproducto, Nombre, Forma_farmaceutica, Dosis_Contenido, Unidad_medida, Restriccion, Generico, Descontinuado) VALUES (1022, "Serafon", "Jarabe", 1050, "ml", 0, 0, 0);
INSERT Producto (IDproducto, Nombre, Forma_farmaceutica, Dosis_Contenido, Unidad_medida, Restriccion, Generico, Descontinuado) VALUES (1023, "Virogrip", "Jarabe", 1050, "ml", 0, 0, 0);
INSERT Producto (IDproducto, Nombre, Forma_farmaceutica, Dosis_Contenido, Unidad_medida, Restriccion, Generico, Descontinuado) VALUES (1024, "Sulfaprim", "Jarabe", 200, "ml", 0, 0, 0);
INSERT Producto (IDproducto, Nombre, Forma_farmaceutica, Dosis_Contenido, Unidad_medida, Restriccion, Generico, Descontinuado) VALUES (1025, "Clotrimazol", "Crema", 20, "gr", 0, 0, 0);
INSERT Producto (IDproducto, Nombre, Forma_farmaceutica, Dosis_Contenido, Unidad_medida, Restriccion, Generico, Descontinuado) VALUES (1026, "Fungil", "Locion", 30, "ml", 0, 0, 0);
INSERT Producto (IDproducto, Nombre, Forma_farmaceutica, Dosis_Contenido, Unidad_medida, Restriccion, Generico, Descontinuado) VALUES (1027, "Fungil", "Spray", 60, "ml", 0, 0, 0);
INSERT Producto (IDproducto, Nombre, Forma_farmaceutica, Dosis_Contenido, Unidad_medida, Restriccion, Generico, Descontinuado) VALUES (1028, "Fungil", "Talco", 60, "gr", 0, 0, 0);
INSERT Producto (IDproducto, Nombre, Forma_farmaceutica, Dosis_Contenido, Unidad_medida, Restriccion, Generico, Descontinuado) VALUES (1029, "Leche Magnesia", "Jarabe", 105, "ml", 0, 0, 0);
INSERT Producto (IDproducto, Nombre, Forma_farmaceutica, Dosis_Contenido, Unidad_medida, Restriccion, Generico, Descontinuado) VALUES (1030, "P.P.M.S", "Tabletas", 0.75, "mg", 0, 0, 0);
INSERT Producto (IDproducto, Nombre, Forma_farmaceutica, Dosis_Contenido, Unidad_medida, Restriccion, Generico, Descontinuado) VALUES (1031, "Aceite Mineral", "Aceite Mineral", 60, "ml", 0, 1, 0);
INSERT Producto (IDproducto, Nombre, Forma_farmaceutica, Dosis_Contenido, Unidad_medida, Restriccion, Generico, Descontinuado) VALUES (1032, "Diclofenac Sodico", "Tabletas", 100, "mg", 0, 1, 0);
INSERT Producto (IDproducto, Nombre, Forma_farmaceutica, Dosis_Contenido, Unidad_medida, Restriccion, Generico, Descontinuado) VALUES (1033, "Losardil", "Tabletas", 100, "mg", 0, 1, 0);
INSERT Producto (IDproducto, Nombre, Forma_farmaceutica, Dosis_Contenido, Unidad_medida, Restriccion, Generico, Descontinuado) VALUES (1034, "Losardil", "Tabletas",  50, "mg", 0, 1, 0);
INSERT Producto (IDproducto, Nombre, Forma_farmaceutica, Dosis_Contenido, Unidad_medida, Restriccion, Generico, Descontinuado) VALUES (1035, "Bromuro de ipratropio", "Aerosol", 0.25, "ml", 0, 1, 0);
INSERT Producto (IDproducto, Nombre, Forma_farmaceutica, Dosis_Contenido, Unidad_medida, Restriccion, Generico, Descontinuado) VALUES (1036, "Acido Acetilsalicílico", "Tabletas", 100, "gr", 0, 1, 0);
INSERT Producto (IDproducto, Nombre, Forma_farmaceutica, Dosis_Contenido, Unidad_medida, Restriccion, Generico, Descontinuado) VALUES (1037, "Metformina", "Tabletas", 850, "mg", 0, 0, 0);
INSERT Producto (IDproducto, Nombre, Forma_farmaceutica, Dosis_Contenido, Unidad_medida, Restriccion, Generico, Descontinuado) VALUES (1038, "Ginkgo Biloba", "Capsulas",60, "mg", 0, 0, 0);
INSERT Producto (IDproducto, Nombre, Forma_farmaceutica, Dosis_Contenido, Unidad_medida, Restriccion, Generico, Descontinuado) VALUES (1039, "Macrovitam", "Jarabe", 240, "ml", 0, 0, 0);
INSERT Producto (IDproducto, Nombre, Forma_farmaceutica, Dosis_Contenido, Unidad_medida, Restriccion, Generico, Descontinuado) VALUES (1040, "Macrovitam", "Gotas", 30, "ml", 0, 0, 0);
INSERT Producto (IDproducto, Nombre, Forma_farmaceutica, Dosis_Contenido, Unidad_medida, Restriccion, Generico, Descontinuado) VALUES (1041, "Ketomed", "Jarabe", 120, "ml", 0, 0, 0);
INSERT Producto (IDproducto, Nombre, Forma_farmaceutica, Dosis_Contenido, Unidad_medida, Restriccion, Generico, Descontinuado) VALUES (1042, "Dolovitalgia", "Tabletas", 80, "mg", 0, 0, 0);
INSERT Producto (IDproducto, Nombre, Forma_farmaceutica, Dosis_Contenido, Unidad_medida, Restriccion, Generico, Descontinuado) VALUES (1043, "Salbutamol", "Spray", 100, "ml", 0, 1, 0);
INSERT Producto (IDproducto, Nombre, Forma_farmaceutica, Dosis_Contenido, Unidad_medida, Restriccion, Generico, Descontinuado) VALUES (1044, "Ketorolaco", "Tabletas",10, "mg", 0, 1, 0);
INSERT Producto (IDproducto, Nombre, Forma_farmaceutica, Dosis_Contenido, Unidad_medida, Restriccion, Generico, Descontinuado) VALUES (1045, "Ketorolaco", "Tabletas", 20, "mg", 1, 1, 0);
INSERT Producto (IDproducto, Nombre, Forma_farmaceutica, Dosis_Contenido, Unidad_medida, Restriccion, Generico, Descontinuado) VALUES (1046, "Dolofor", "Ampollas", 5, "ml", 0, 0, 0);
INSERT Producto (IDproducto, Nombre, Forma_farmaceutica, Dosis_Contenido, Unidad_medida, Restriccion, Generico, Descontinuado) VALUES (1047, "Espasmo dolofor", "Ampollas", 2, "ml", 0, 0, 0);
INSERT Producto (IDproducto, Nombre, Forma_farmaceutica, Dosis_Contenido, Unidad_medida, Restriccion, Generico, Descontinuado) VALUES (1048, "Desketoprofeno", "Tabletas", 25, "mg", 0, 1, 0);
INSERT Producto (IDproducto, Nombre, Forma_farmaceutica, Dosis_Contenido, Unidad_medida, Restriccion, Generico, Descontinuado) VALUES (1049, "Definhidramina", "Tabletas", 25, "mg", 0, 1, 0);
INSERT Producto (IDproducto, Nombre, Forma_farmaceutica, Dosis_Contenido, Unidad_medida, Restriccion, Generico, Descontinuado) VALUES (1050, "Furosolidona", "Jarabe", 100, "ml", 0, 1, 0);
INSERT Producto (IDproducto, Nombre, Forma_farmaceutica, Dosis_Contenido, Unidad_medida, Restriccion, Generico, Descontinuado) VALUES (1051, "Furosolidona", "Tabletas", 100, "mg", 0, 1, 0);
INSERT Producto (IDproducto, Nombre, Forma_farmaceutica, Dosis_Contenido, Unidad_medida, Restriccion, Generico, Descontinuado) VALUES (1052, "Jeringas", "-", 20, "cc", 0, 0, 0);
INSERT Producto (IDproducto, Nombre, Forma_farmaceutica, Dosis_Contenido, Unidad_medida, Restriccion, Generico, Descontinuado) VALUES (1053, "Jeringas", "-", 60, "cc", 0, 0, 0);
INSERT Producto (IDproducto, Nombre, Forma_farmaceutica, Dosis_Contenido, Unidad_medida, Restriccion, Generico, Descontinuado) VALUES (1054, "Pyrofantil", "Supositorios", 100, "mg", 0, 0, 0);
INSERT Producto (IDproducto, Nombre, Forma_farmaceutica, Dosis_Contenido, Unidad_medida, Restriccion, Generico, Descontinuado) VALUES (1055, "Pyrofantil", "Supositorios", 300, "mg", 0, 0, 0);
INSERT Producto (IDproducto, Nombre, Forma_farmaceutica, Dosis_Contenido, Unidad_medida, Restriccion, Generico, Descontinuado) VALUES (1056, "Sinalgex", "Supositorios", 300, "mg", 0, 0, 0);
INSERT Producto (IDproducto, Nombre, Forma_farmaceutica, Dosis_Contenido, Unidad_medida, Restriccion, Generico, Descontinuado) VALUES (1057, "Tramadol", "Tabletas", 100, "mg", 0, 1, 0);
INSERT Producto (IDproducto, Nombre, Forma_farmaceutica, Dosis_Contenido, Unidad_medida, Restriccion, Generico, Descontinuado) VALUES (1058, "Borax", "-", 30, "mg", 0, 1, 0);
INSERT Producto (IDproducto, Nombre, Forma_farmaceutica, Dosis_Contenido, Unidad_medida, Restriccion, Generico, Descontinuado) VALUES (1059, "Enalapril", "Tabletas", 10, "mg", 0, 0, 0);
INSERT Producto (IDproducto, Nombre, Forma_farmaceutica, Dosis_Contenido, Unidad_medida, Restriccion, Generico, Descontinuado) VALUES (1060, "Enalapril", "Tabletas", 10, "mg", 0, 0, 0);
INSERT Producto (IDproducto, Nombre, Forma_farmaceutica, Dosis_Contenido, Unidad_medida, Restriccion, Generico, Descontinuado) VALUES (1061, "Ibuprofeno", "Jarabe", 400, "mg", 0, 1, 0);
INSERT Producto (IDproducto, Nombre, Forma_farmaceutica, Dosis_Contenido, Unidad_medida, Restriccion, Generico, Descontinuado) VALUES (1062, "Ibuprofeno", "Tabletas", 400, "mg", 0, 1, 0);
INSERT Producto (IDproducto, Nombre, Forma_farmaceutica, Dosis_Contenido, Unidad_medida, Restriccion, Generico, Descontinuado) VALUES (1063, "Gorros de enfermera", "-", 0, "-", 0, 0, 0);
INSERT Producto (IDproducto, Nombre, Forma_farmaceutica, Dosis_Contenido, Unidad_medida, Restriccion, Generico, Descontinuado) VALUES (1064, "Furosolidona", "Tabletas", 100, "mg", 0, 1, 0);
INSERT Producto (IDproducto, Nombre, Forma_farmaceutica, Dosis_Contenido, Unidad_medida, Restriccion, Generico, Descontinuado) VALUES (1065, "Furosolidona", "Jarabe", 100, "ml", 0, 1, 0);
INSERT Producto (IDproducto, Nombre, Forma_farmaceutica, Dosis_Contenido, Unidad_medida, Restriccion, Generico, Descontinuado) VALUES (1066, "Mucolex", "Jarabe", 90, "ml", 0, 0, 0);
INSERT Producto (IDproducto, Nombre, Forma_farmaceutica, Dosis_Contenido, Unidad_medida, Restriccion, Generico, Descontinuado) VALUES (1067, "Higado Sanil ", "Tabletas", 80, "mg", 0, 0, 0);
INSERT Producto (IDproducto, Nombre, Forma_farmaceutica, Dosis_Contenido, Unidad_medida, Restriccion, Generico, Descontinuado) VALUES (1068, "Definhidramina", "Tabletas", 25, "mg", 0, 0, 1);
INSERT Producto (IDproducto, Nombre, Forma_farmaceutica, Dosis_Contenido, Unidad_medida, Restriccion, Generico, Descontinuado) VALUES (1069, "Amoxicilina", "Tabletas",500, "ml", 0, 0, 0);
INSERT Producto (IDproducto, Nombre, Forma_farmaceutica, Dosis_Contenido, Unidad_medida, Restriccion, Generico, Descontinuado) VALUES (1070, "Tramadol", "Ampollas", 50, "mg", 0, 0, 0);
INSERT Producto (IDproducto, Nombre, Forma_farmaceutica, Dosis_Contenido, Unidad_medida, Restriccion, Generico, Descontinuado) VALUES (1071, "Ketorolaco", "Ampollas", 30, "mg", 0, 0, 0);
INSERT Producto (IDproducto, Nombre, Forma_farmaceutica, Dosis_Contenido, Unidad_medida, Restriccion, Generico, Descontinuado) VALUES (1072, "Zepol", "Ungüento", 30, "gr", 0, 0, 0);
INSERT Producto (IDproducto, Nombre, Forma_farmaceutica, Dosis_Contenido, Unidad_medida, Restriccion, Generico, Descontinuado) VALUES (1073, "Alcohol", "-", 500, "ml", 0, 0, 0);
INSERT Producto (IDproducto, Nombre, Forma_farmaceutica, Dosis_Contenido, Unidad_medida, Restriccion, Generico, Descontinuado) VALUES (1074, "Alcohol", "-", 100, "ml", 0, 0, 0);
INSERT Producto (IDproducto, Nombre, Forma_farmaceutica, Dosis_Contenido, Unidad_medida, Restriccion, Generico, Descontinuado) VALUES (1075, "Simvastatina", "Tabletas", 20, "mg", 0, 0, 0);
INSERT Producto (IDproducto, Nombre, Forma_farmaceutica, Dosis_Contenido, Unidad_medida, Restriccion, Generico, Descontinuado) VALUES (1076, "Dextrometorfano", "Jarabe", 120, "ml", 0, 0, 0);
INSERT Producto (IDproducto, Nombre, Forma_farmaceutica, Dosis_Contenido, Unidad_medida, Restriccion, Generico, Descontinuado) VALUES (1077, "Spasmoctyl", "Tabletas", 40, "mg", 0, 0, 0);
INSERT Producto (IDproducto, Nombre, Forma_farmaceutica, Dosis_Contenido, Unidad_medida, Restriccion, Generico, Descontinuado) VALUES (1078, "Ballena Azul Naranja", "Emulsión", 200, "ml", 0, 0, 0);
INSERT Producto (IDproducto, Nombre, Forma_farmaceutica, Dosis_Contenido, Unidad_medida, Restriccion, Generico, Descontinuado) VALUES (1079, "Azitromicina", "Tabletas", 500, "mg", 0, 1, 0);
INSERT Producto (IDproducto, Nombre, Forma_farmaceutica, Dosis_Contenido, Unidad_medida, Restriccion, Generico, Descontinuado) VALUES (1080, "Loratadina", "J", 24, "mg", 0, 0, 0);

-- Enfermedad [COMPLETADO - 25 REGISTROS]
INSERT Enfermedad (IDenfermedad, Descripcion) VALUES (5001, "Fiebre");
INSERT Enfermedad (IDenfermedad, Descripcion) VALUES (5002, "Herpes");
INSERT Enfermedad (IDenfermedad, Descripcion) VALUES (5003, "Varicela");
INSERT Enfermedad (IDenfermedad, Descripcion) VALUES (5004, "Gripe");
INSERT Enfermedad (IDenfermedad, Descripcion) VALUES (5005, "Congestion");
INSERT Enfermedad (IDenfermedad, Descripcion) VALUES (5006, "Dolor muscular");
INSERT Enfermedad (IDenfermedad, Descripcion) VALUES (5007, "Diarrea");
INSERT Enfermedad (IDenfermedad, Descripcion) VALUES (5008, "Dolor estomacal");
INSERT Enfermedad (IDenfermedad, Descripcion) VALUES (5009, "Ansiedad");
INSERT Enfermedad (IDenfermedad, Descripcion) VALUES (5010, "Infeccion estomacal");
INSERT Enfermedad (IDenfermedad, Descripcion) VALUES (5011, "Bronquitis");
INSERT Enfermedad (IDenfermedad, Descripcion) VALUES (5012, "Neumonia");
INSERT Enfermedad (IDenfermedad, Descripcion) VALUES (5013, "Rinitis");
INSERT Enfermedad (IDenfermedad, Descripcion) VALUES (50104, "Mucolitico");
INSERT Enfermedad (IDenfermedad, Descripcion) VALUES (50105, "Deshidratacion");
INSERT Enfermedad (IDenfermedad, Descripcion) VALUES (50106, "Relajar");
INSERT Enfermedad (IDenfermedad, Descripcion) VALUES (50107, "Imsonmio");
INSERT Enfermedad (IDenfermedad, Descripcion) VALUES (50108, "Mononucleosis");
INSERT Enfermedad (IDenfermedad, Descripcion) VALUES (5019, "Dolor de cabeza");
INSERT Enfermedad (IDenfermedad, Descripcion) VALUES (5020, "Dolor de muela");
INSERT Enfermedad (IDenfermedad, Descripcion) VALUES (5021, "Tos");
INSERT Enfermedad (IDenfermedad, Descripcion) VALUES (5022, "Vomito");
INSERT Enfermedad (IDenfermedad, Descripcion) VALUES (5023, "Alergia");
INSERT Enfermedad (IDenfermedad, Descripcion) VALUES (5024, "Sinucitis");
INSERT Enfermedad (IDenfermedad, Descripcion) VALUES (5025, "Infeccion vaginal");

-- Indicacion [COMPLETADO - 17 REGISTROS]
INSERT Indicacion (IDindicacion, Descripcion) VALUES (7001, "Niños < 6 meses");
INSERT Indicacion (IDindicacion, Descripcion) VALUES (7002, "Niños < 1 año");
INSERT Indicacion (IDindicacion, Descripcion) VALUES (7003, "Niños < 2 años");
INSERT Indicacion (IDindicacion, Descripcion) VALUES (7004, "Niños < 5 años");
INSERT Indicacion (IDindicacion, Descripcion) VALUES (7005, "Niños < 7 años");
INSERT Indicacion (IDindicacion, Descripcion) VALUES (7006, "Niños < 10 años");
INSERT Indicacion (IDindicacion, Descripcion) VALUES (7007, "0-15 años");
INSERT Indicacion (IDindicacion, Descripcion) VALUES (7008, "Mayores de 108");
INSERT Indicacion (IDindicacion, Descripcion) VALUES (7009, "Adultos > 40");
INSERT Indicacion (IDindicacion, Descripcion) VALUES (7010, "Adultos > 50");
INSERT Indicacion (IDindicacion, Descripcion) VALUES (7011, "Adultos > 60");
INSERT Indicacion (IDindicacion, Descripcion) VALUES (7012, "Todas las edades");
INSERT Indicacion (IDindicacion, Descripcion) VALUES (7013, "No apto para embarazadas");
INSERT Indicacion (IDindicacion, Descripcion) VALUES (7014, "No apto durante la lactancia");
INSERT Indicacion (IDindicacion, Descripcion) VALUES (7015, "No apto para personas hipertensas");
INSERT Indicacion (IDindicacion, Descripcion) VALUES (7016, "No apto para diabéticos");
INSERT Indicacion (IDindicacion, Descripcion) VALUES (7017, "Niños > 10 años");

-- Proveedor [Completado - 36 REGISTROS]
INSERT INTO Proveedor (IDproveedor, Tipo_proveedor, Nombre_proveedor, tel1, tel2) VALUES (7001, "Laboratorio", "Unifarm", "8224508","87451632");
INSERT INTO Proveedor (IDproveedor, Tipo_proveedor, Nombre_proveedor, tel1, tel2) VALUES (7002, "Laboratorio", "Pharmalat", "86328780","87459632");
INSERT INTO Proveedor (IDproveedor, Tipo_proveedor, Nombre_proveedor, tel1, tel2) VALUES (7003, "Laboratorio", "Ramos", "76254868","85674859");
INSERT INTO Proveedor (IDproveedor, Tipo_proveedor, Nombre_proveedor, tel1, tel2) VALUES (7004, "Laboratorio", "Caplin Point", "76254893","86153478");
INSERT INTO Proveedor (IDproveedor, Tipo_proveedor, Nombre_proveedor, tel1, tel2) VALUES (7005, "Laboratorio", "Procaps", "83632708","50531087");
INSERT INTO Proveedor (IDproveedor, Tipo_proveedor, Nombre_proveedor, tel1, tel2) VALUES (7006, "Laboratorio", "Chia Fong","86751047","50536810");
INSERT INTO Proveedor (IDproveedor, Tipo_proveedor, Nombre_proveedor, tel1, tel2) VALUES (7007, "Laboratorio", "Ceguel","87656496","50506111");
INSERT INTO Proveedor (IDproveedor, Tipo_proveedor, Nombre_proveedor, tel1, tel2) VALUES (7008, "Laboratorio", "Rarpe","87249035","50549373");
INSERT INTO Proveedor (IDproveedor, Tipo_proveedor, Nombre_proveedor, tel1, tel2) VALUES (7009, "Laboratorio", "Pisa","81210636","50526788");
INSERT INTO Proveedor (IDproveedor, Tipo_proveedor, Nombre_proveedor, tel1, tel2) VALUES (7010, "Laboratorio", "Panzyma","82452831","50594381");
INSERT INTO Proveedor (IDproveedor, Tipo_proveedor, Nombre_proveedor, tel1, tel2) VALUES (7011, "Laboratorio", "Infasa","82472541","50554505");
INSERT INTO Proveedor (IDproveedor, Tipo_proveedor, Nombre_proveedor, tel1, tel2) VALUES (7012, "Laboratorio", "PFizer","85333510","50520108");
INSERT INTO Proveedor (IDproveedor, Tipo_proveedor, Nombre_proveedor, tel1, tel2) VALUES (7013, "Laboratorio", "La Santé","89471012","50539881");
INSERT INTO Proveedor (IDproveedor, Tipo_proveedor, Nombre_proveedor, tel1, tel2) VALUES (7014, "Laboratorio", "Bengoechea","87107837","50596431");
INSERT INTO Proveedor (IDproveedor, Tipo_proveedor, Nombre_proveedor, tel1, tel2) VALUES (7015, "Distribuidor", "Rocha","8689544","50546020");
INSERT INTO Proveedor (IDproveedor, Tipo_proveedor, Nombre_proveedor, tel1, tel2) VALUES (7016, "Distribuidor", "J.Ruiz","8837770","50527204");
INSERT INTO Proveedor (IDproveedor, Tipo_proveedor, Nombre_proveedor, tel1, tel2) VALUES (7017, "Distribuidor", "Jazmin","8690749","50554013");
INSERT INTO Proveedor (IDproveedor, Tipo_proveedor, Nombre_proveedor, tel1, tel2) VALUES (7018, "Distribuidor", "Refanic","8489108","50582053");
INSERT INTO Proveedor (IDproveedor, Tipo_proveedor, Nombre_proveedor, tel1, tel2) VALUES (7019, "Distribuidor", "Los Paisanos","8775477","50530178");
INSERT INTO Proveedor (IDproveedor, Tipo_proveedor, Nombre_proveedor, tel1, tel2) VALUES (7020, "Distribuidor", "Krisan","8493283","50595898");
INSERT INTO Proveedor (IDproveedor, Tipo_proveedor, Nombre_proveedor, tel1, tel2) VALUES (7021, "Laboratorio", "Solka","85241061","50529273");
INSERT INTO Proveedor (IDproveedor, Tipo_proveedor, Nombre_proveedor, tel1, tel2) VALUES (7022, "Laboratorio", "Calox","81107530","50541908");
INSERT INTO Proveedor (IDproveedor, Tipo_proveedor, Nombre_proveedor, tel1, tel2) VALUES (7023, "Laboratorio", "Unimark","87771903","50538060");
INSERT INTO Proveedor (IDproveedor, Tipo_proveedor, Nombre_proveedor, tel1, tel2) VALUES (7024, "Laboratorio", "Zepol","83431061","50561358");
INSERT INTO Proveedor (IDproveedor, Tipo_proveedor, Nombre_proveedor, tel1, tel2) VALUES (7025, "Laboratorio", "Altasa","8323278","50529789");
INSERT INTO Proveedor (IDproveedor, Tipo_proveedor, Nombre_proveedor, tel1, tel2) VALUES (7026, "Laboratorio", "Winzzer","8979657","50524107");
INSERT INTO Proveedor (IDproveedor, Tipo_proveedor, Nombre_proveedor, tel1, tel2) VALUES (7027, "Laboratorio", "Bayer","8292382","50510434");
INSERT INTO Proveedor (IDproveedor, Tipo_proveedor, Nombre_proveedor, tel1, tel2) VALUES (7028, "Laboratorio", "Discarsa","8127620","5054565");
INSERT INTO Proveedor (IDproveedor, Tipo_proveedor, Nombre_proveedor, tel1, tel2) VALUES (7029, "Laboratorio", "Euros","8272319","5057679");
INSERT INTO Proveedor (IDproveedor, Tipo_proveedor, Nombre_proveedor, tel1, tel2) VALUES (7030, "Distribuidor", "Refanic","8595942","5057631");
INSERT INTO Proveedor (IDproveedor, Tipo_proveedor, Nombre_proveedor, tel1, tel2) VALUES (7031, "Distribuidor", "Dicegsa","8202351","50591061");
INSERT INTO Proveedor (IDproveedor, Tipo_proveedor, Nombre_proveedor, tel1, tel2) VALUES (7032, "Distribuidor", "Farcosa","87872107","5050886");
INSERT INTO Proveedor (IDproveedor, Tipo_proveedor, Nombre_proveedor, tel1, tel2) VALUES (7033, "Distribuidor", "Disprofar","84546224","5052971");
INSERT INTO Proveedor (IDproveedor, Tipo_proveedor, Nombre_proveedor, tel1, tel2) VALUES (7034, "Distribuidor", "Pushendorf","82641088","5058795");
INSERT INTO Proveedor (IDproveedor, Tipo_proveedor, Nombre_proveedor, tel1, tel2) VALUES (7035, "Distribuidor", "Generifar","85126108","5059065");
INSERT INTO Proveedor (IDproveedor, Tipo_proveedor, Nombre_proveedor, tel1, tel2) VALUES (7036, "Laboratorio", "Natural Herbal","84532308","5059532");


------- VALORES DE PRUEBA ------

-- PEDIDO
INSERT INTO Pedido (FacturaPedido,IDproveedor,IDempleado,FechaPedido,MontoPedido) VALUES (2001,7001,2,"2018-06-25 12:35:35",46);
INSERT INTO Pedido (FacturaPedido,IDproveedor,IDempleado,FechaPedido,MontoPedido) VALUES (2002,7002,2,"2019-07-29 18:23:32",15);
INSERT INTO Pedido (FacturaPedido,IDproveedor,IDempleado,FechaPedido,MontoPedido) VALUES (2003,7003,2,"2018-11-18 22:29:40",28);
INSERT INTO Pedido (FacturaPedido,IDproveedor,IDempleado,FechaPedido,MontoPedido) VALUES (2004,7004,2,"2018-11-16 18:37:24",20);
INSERT INTO Pedido (FacturaPedido,IDproveedor,IDempleado,FechaPedido,MontoPedido) VALUES (2005,7005,2,"2019-07-18 13:05:19",35);
INSERT INTO Pedido (FacturaPedido,IDproveedor,IDempleado,FechaPedido,MontoPedido) VALUES (2006,7006,2,"2019-03-29 11:25:15",21);
INSERT INTO Pedido (FacturaPedido,IDproveedor,IDempleado,FechaPedido,MontoPedido) VALUES (2007,7007,2,"2018-09-19 15:40:01",18);
INSERT INTO Pedido (FacturaPedido,IDproveedor,IDempleado,FechaPedido,MontoPedido) VALUES (2008,7008,2,"2018-11-06 04:52:56",19);
INSERT INTO Pedido (FacturaPedido,IDproveedor,IDempleado,FechaPedido,MontoPedido) VALUES (2009,7009,2,"2018-07-04 09:05:07",29);
INSERT INTO Pedido (FacturaPedido,IDproveedor,IDempleado,FechaPedido,MontoPedido) VALUES (2010,7010,2,"2018-12-30 02:59:47",45);
INSERT INTO Pedido (FacturaPedido,IDproveedor,IDempleado,FechaPedido,MontoPedido) VALUES (2011,7011,2,"2019-05-20 19:44:21",45);
INSERT INTO Pedido (FacturaPedido,IDproveedor,IDempleado,FechaPedido,MontoPedido) VALUES (2012,7012,2,"2019-06-27 02:10:17",16);
INSERT INTO Pedido (FacturaPedido,IDproveedor,IDempleado,FechaPedido,MontoPedido) VALUES (2013,7013,2,"2018-09-01 19:49:49",50);
INSERT INTO Pedido (FacturaPedido,IDproveedor,IDempleado,FechaPedido,MontoPedido) VALUES (2014,7014,2,"2018-08-28 22:26:08",15);
INSERT INTO Pedido (FacturaPedido,IDproveedor,IDempleado,FechaPedido,MontoPedido) VALUES (2015,7015,2,"2019-06-27 17:39:57",22);
INSERT INTO Pedido (FacturaPedido,IDproveedor,IDempleado,FechaPedido,MontoPedido) VALUES (2016,7016,2,"2018-07-09 21:58:33",16);
INSERT INTO Pedido (FacturaPedido,IDproveedor,IDempleado,FechaPedido,MontoPedido) VALUES (2017,7017,2,"2019-01-14 21:36:06",35);
INSERT INTO Pedido (FacturaPedido,IDproveedor,IDempleado,FechaPedido,MontoPedido) VALUES (2018,7018,2,"2019-01-06 08:19:34",41);
INSERT INTO Pedido (FacturaPedido,IDproveedor,IDempleado,FechaPedido,MontoPedido) VALUES (2019,7019,2,"2018-08-03 21:28:49",39);
INSERT INTO Pedido (FacturaPedido,IDproveedor,IDempleado,FechaPedido,MontoPedido) VALUES (2020,7020,2,"2019-08-01 20:00:45",50);
INSERT INTO Pedido (FacturaPedido,IDproveedor,IDempleado,FechaPedido,MontoPedido) VALUES (2021,7021,2,"2019-03-11 13:41:56",13);
INSERT INTO Pedido (FacturaPedido,IDproveedor,IDempleado,FechaPedido,MontoPedido) VALUES (2022,7022,2,"2018-08-21 07:30:26",52);
INSERT INTO Pedido (FacturaPedido,IDproveedor,IDempleado,FechaPedido,MontoPedido) VALUES (2023,7023,2,"2019-02-10 18:27:31",26);
INSERT INTO Pedido (FacturaPedido,IDproveedor,IDempleado,FechaPedido,MontoPedido) VALUES (2024,7024,2,"2019-01-21 13:17:57",42);
INSERT INTO Pedido (FacturaPedido,IDproveedor,IDempleado,FechaPedido,MontoPedido) VALUES (2025,7025,2,"2019-07-30 23:44:37",44);
INSERT INTO Pedido (FacturaPedido,IDproveedor,IDempleado,FechaPedido,MontoPedido) VALUES (2026,7026,2,"2018-11-29 13:25:40",11);
INSERT INTO Pedido (FacturaPedido,IDproveedor,IDempleado,FechaPedido,MontoPedido) VALUES (2027,7027,2,"2019-01-19 12:29:10",59);
INSERT INTO Pedido (FacturaPedido,IDproveedor,IDempleado,FechaPedido,MontoPedido) VALUES (2028,7028,2,"2019-07-10 14:23:04",43);
INSERT INTO Pedido (FacturaPedido,IDproveedor,IDempleado,FechaPedido,MontoPedido) VALUES (2029,7029,2,"2019-06-25 01:16:20",60);
INSERT INTO Pedido (FacturaPedido,IDproveedor,IDempleado,FechaPedido,MontoPedido) VALUES (2030,7030,2,"2018-10-25 18:45:02",42);
INSERT INTO Pedido (FacturaPedido,IDproveedor,IDempleado,FechaPedido,MontoPedido) VALUES (2031,7031,1,"2018-06-05 15:50:00",41);
INSERT INTO Pedido (FacturaPedido,IDproveedor,IDempleado,FechaPedido,MontoPedido) VALUES (2032,7032,1,"2019-06-11 00:02:13",20);
INSERT INTO Pedido (FacturaPedido,IDproveedor,IDempleado,FechaPedido,MontoPedido) VALUES (2033,7033,1,"2019-03-31 15:06:41",15);
INSERT INTO Pedido (FacturaPedido,IDproveedor,IDempleado,FechaPedido,MontoPedido) VALUES (2034,7034,1,"2019-02-02 10:20:12",12);
INSERT INTO Pedido (FacturaPedido,IDproveedor,IDempleado,FechaPedido,MontoPedido) VALUES (2035,7035,1,"2019-01-30 18:32:24",43);
INSERT INTO Pedido (FacturaPedido,IDproveedor,IDempleado,FechaPedido,MontoPedido) VALUES (2036,7036,1,"2019-04-26 07:10:03",11);
INSERT INTO Pedido (FacturaPedido,IDproveedor,IDempleado,FechaPedido,MontoPedido) VALUES (2037,7037,1,"2018-12-24 16:55:27",26);
INSERT INTO Pedido (FacturaPedido,IDproveedor,IDempleado,FechaPedido,MontoPedido) VALUES (2038,7038,1,"2018-06-09 04:31:28",36);
INSERT INTO Pedido (FacturaPedido,IDproveedor,IDempleado,FechaPedido,MontoPedido) VALUES (2039,7039,1,"2018-12-03 16:43:52",57);
INSERT INTO Pedido (FacturaPedido,IDproveedor,IDempleado,FechaPedido,MontoPedido) VALUES (2040,7040,1,"2018-10-07 08:23:00",51);
INSERT INTO Pedido (FacturaPedido,IDproveedor,IDempleado,FechaPedido,MontoPedido) VALUES (2041,7041,1,"2018-06-17 19:50:43",33);
INSERT INTO Pedido (FacturaPedido,IDproveedor,IDempleado,FechaPedido,MontoPedido) VALUES (2042,7042,1,"2018-08-07 06:36:45",38);
INSERT INTO Pedido (FacturaPedido,IDproveedor,IDempleado,FechaPedido,MontoPedido) VALUES (2043,7043,1,"2018-08-11 19:57:03",40);
INSERT INTO Pedido (FacturaPedido,IDproveedor,IDempleado,FechaPedido,MontoPedido) VALUES (2044,7044,1,"2019-03-07 19:42:24",15);
INSERT INTO Pedido (FacturaPedido,IDproveedor,IDempleado,FechaPedido,MontoPedido) VALUES (2045,7045,1,"2019-05-16 08:17:16",58);
INSERT INTO Pedido (FacturaPedido,IDproveedor,IDempleado,FechaPedido,MontoPedido) VALUES (2046,7046,1,"2018-10-18 14:41:43",20);
INSERT INTO Pedido (FacturaPedido,IDproveedor,IDempleado,FechaPedido,MontoPedido) VALUES (2047,7047,1,"2018-07-03 08:26:53",16);
INSERT INTO Pedido (FacturaPedido,IDproveedor,IDempleado,FechaPedido,MontoPedido) VALUES (2048,7048,1,"2018-12-17 03:44:57",43);
INSERT INTO Pedido (FacturaPedido,IDproveedor,IDempleado,FechaPedido,MontoPedido) VALUES (2049,7049,1,"2018-07-25 08:03:41",32);
INSERT INTO Pedido (FacturaPedido,IDproveedor,IDempleado,FechaPedido,MontoPedido) VALUES (2050,7050,1,"2019-02-23 14:39:52",44);
INSERT INTO Pedido (FacturaPedido,IDproveedor,IDempleado,FechaPedido,MontoPedido) VALUES (2051,7051,1,"2019-01-02 20:23:17",45);
INSERT INTO Pedido (FacturaPedido,IDproveedor,IDempleado,FechaPedido,MontoPedido) VALUES (2052,7052,1,"2019-04-04 07:27:46",36);
INSERT INTO Pedido (FacturaPedido,IDproveedor,IDempleado,FechaPedido,MontoPedido) VALUES (2053,7053,1,"2018-09-10 00:58:24",47);
INSERT INTO Pedido (FacturaPedido,IDproveedor,IDempleado,FechaPedido,MontoPedido) VALUES (2054,7054,1,"2018-11-21 10:37:32",17);
INSERT INTO Pedido (FacturaPedido,IDproveedor,IDempleado,FechaPedido,MontoPedido) VALUES (2055,7055,1,"2018-10-23 22:39:51",25);
INSERT INTO Pedido (FacturaPedido,IDproveedor,IDempleado,FechaPedido,MontoPedido) VALUES (2056,7056,1,"2018-12-08 07:16:31",39);
INSERT INTO Pedido (FacturaPedido,IDproveedor,IDempleado,FechaPedido,MontoPedido) VALUES (2057,7057,1,"2019-04-09 08:11:49",52);
INSERT INTO Pedido (FacturaPedido,IDproveedor,IDempleado,FechaPedido,MontoPedido) VALUES (2058,7058,1,"2019-04-06 18:38:24",47);
INSERT INTO Pedido (FacturaPedido,IDproveedor,IDempleado,FechaPedido,MontoPedido) VALUES (2059,7059,1,"2018-10-18 07:11:12",12);
INSERT INTO Pedido (FacturaPedido,IDproveedor,IDempleado,FechaPedido,MontoPedido) VALUES (2060,7060,1,"2018-08-16 15:12:02",44);
INSERT INTO Pedido (FacturaPedido,IDproveedor,IDempleado,FechaPedido,MontoPedido) VALUES (2061,7061,2,"2019-07-04 18:26:52",45);
INSERT INTO Pedido (FacturaPedido,IDproveedor,IDempleado,FechaPedido,MontoPedido) VALUES (2062,7062,2,"2018-06-07 12:51:45",26);
INSERT INTO Pedido (FacturaPedido,IDproveedor,IDempleado,FechaPedido,MontoPedido) VALUES (2063,7063,2,"2019-05-28 07:36:50",20);
INSERT INTO Pedido (FacturaPedido,IDproveedor,IDempleado,FechaPedido,MontoPedido) VALUES (2064,7064,2,"2019-07-05 02:48:00",16);
INSERT INTO Pedido (FacturaPedido,IDproveedor,IDempleado,FechaPedido,MontoPedido) VALUES (2065,7065,2,"2019-07-13 04:38:21",26);
INSERT INTO Pedido (FacturaPedido,IDproveedor,IDempleado,FechaPedido,MontoPedido) VALUES (2066,7066,2,"2019-04-30 02:56:49",43);
INSERT INTO Pedido (FacturaPedido,IDproveedor,IDempleado,FechaPedido,MontoPedido) VALUES (2067,7067,2,"2018-11-05 07:49:02",37);
INSERT INTO Pedido (FacturaPedido,IDproveedor,IDempleado,FechaPedido,MontoPedido) VALUES (2068,7068,2,"2018-06-22 02:24:06",54);
INSERT INTO Pedido (FacturaPedido,IDproveedor,IDempleado,FechaPedido,MontoPedido) VALUES (2069,7069,2,"2019-07-21 01:01:57",37);
INSERT INTO Pedido (FacturaPedido,IDproveedor,IDempleado,FechaPedido,MontoPedido) VALUES (2070,7070,2,"2019-04-07 16:21:59",55);
INSERT INTO Pedido (FacturaPedido,IDproveedor,IDempleado,FechaPedido,MontoPedido) VALUES (2071,7071,2,"2018-06-22 06:13:45",23);
INSERT INTO Pedido (FacturaPedido,IDproveedor,IDempleado,FechaPedido,MontoPedido) VALUES (2072,7072,2,"2018-11-05 06:27:41",27);
INSERT INTO Pedido (FacturaPedido,IDproveedor,IDempleado,FechaPedido,MontoPedido) VALUES (2073,7073,2,"2019-03-16 07:17:17",32);
INSERT INTO Pedido (FacturaPedido,IDproveedor,IDempleado,FechaPedido,MontoPedido) VALUES (2074,7074,2,"2019-01-10 21:33:42",31);
INSERT INTO Pedido (FacturaPedido,IDproveedor,IDempleado,FechaPedido,MontoPedido) VALUES (2075,7075,2,"2018-10-17 22:23:00",42);
INSERT INTO Pedido (FacturaPedido,IDproveedor,IDempleado,FechaPedido,MontoPedido) VALUES (2076,7076,2,"2018-08-29 06:50:30",57);
INSERT INTO Pedido (FacturaPedido,IDproveedor,IDempleado,FechaPedido,MontoPedido) VALUES (2077,7077,2,"2018-11-25 10:07:15",55);
INSERT INTO Pedido (FacturaPedido,IDproveedor,IDempleado,FechaPedido,MontoPedido) VALUES (2078,7078,2,"2018-06-13 23:04:00",19);
INSERT INTO Pedido (FacturaPedido,IDproveedor,IDempleado,FechaPedido,MontoPedido) VALUES (2079,7079,2,"2019-05-07 10:13:23",30);
INSERT INTO Pedido (FacturaPedido,IDproveedor,IDempleado,FechaPedido,MontoPedido) VALUES (2080,7080,2,"2018-07-12 17:56:12",33);
INSERT INTO Pedido (FacturaPedido,IDproveedor,IDempleado,FechaPedido,MontoPedido) VALUES (2081,7007,2,"2019-05-05 05:38:09",153.53);

-- DETALLEPEDIDO
INSERT INTO DetallePedido (FacturaPedido,IDproducto,IDproveedor,CantidadUnidad,MontoxUnidad) VALUES (2001,1001,7001,20,46);
INSERT INTO DetallePedido (FacturaPedido,IDproducto,IDproveedor,CantidadUnidad,MontoxUnidad) VALUES (2002,1002,7002,19,15);
INSERT INTO DetallePedido (FacturaPedido,IDproducto,IDproveedor,CantidadUnidad,MontoxUnidad) VALUES (2003,1003,7003,13,28);
INSERT INTO DetallePedido (FacturaPedido,IDproducto,IDproveedor,CantidadUnidad,MontoxUnidad) VALUES (2004,1004,7004,13,20);
INSERT INTO DetallePedido (FacturaPedido,IDproducto,IDproveedor,CantidadUnidad,MontoxUnidad) VALUES (2005,1005,7005,19,35);
INSERT INTO DetallePedido (FacturaPedido,IDproducto,IDproveedor,CantidadUnidad,MontoxUnidad) VALUES (2006,1006,7006,29,21);
INSERT INTO DetallePedido (FacturaPedido,IDproducto,IDproveedor,CantidadUnidad,MontoxUnidad) VALUES (2007,1007,7007,12,18);
INSERT INTO DetallePedido (FacturaPedido,IDproducto,IDproveedor,CantidadUnidad,MontoxUnidad) VALUES (2008,1008,7008,15,19);
INSERT INTO DetallePedido (FacturaPedido,IDproducto,IDproveedor,CantidadUnidad,MontoxUnidad) VALUES (2009,1009,7009,25,29);
INSERT INTO DetallePedido (FacturaPedido,IDproducto,IDproveedor,CantidadUnidad,MontoxUnidad) VALUES (2010,1010,7010,8,45);
INSERT INTO DetallePedido (FacturaPedido,IDproducto,IDproveedor,CantidadUnidad,MontoxUnidad) VALUES (2011,1011,7011,27,45);
INSERT INTO DetallePedido (FacturaPedido,IDproducto,IDproveedor,CantidadUnidad,MontoxUnidad) VALUES (2012,1012,7012,12,16);
INSERT INTO DetallePedido (FacturaPedido,IDproducto,IDproveedor,CantidadUnidad,MontoxUnidad) VALUES (2013,1013,7013,5,50);
INSERT INTO DetallePedido (FacturaPedido,IDproducto,IDproveedor,CantidadUnidad,MontoxUnidad) VALUES (2014,1014,7014,25,15);
INSERT INTO DetallePedido (FacturaPedido,IDproducto,IDproveedor,CantidadUnidad,MontoxUnidad) VALUES (2015,1015,7015,27,22);
INSERT INTO DetallePedido (FacturaPedido,IDproducto,IDproveedor,CantidadUnidad,MontoxUnidad) VALUES (2016,1016,7016,11,16);
INSERT INTO DetallePedido (FacturaPedido,IDproducto,IDproveedor,CantidadUnidad,MontoxUnidad) VALUES (2017,1017,7017,5,35);
INSERT INTO DetallePedido (FacturaPedido,IDproducto,IDproveedor,CantidadUnidad,MontoxUnidad) VALUES (2018,1018,7018,11,41);
INSERT INTO DetallePedido (FacturaPedido,IDproducto,IDproveedor,CantidadUnidad,MontoxUnidad) VALUES (2019,1019,7019,28,39);
INSERT INTO DetallePedido (FacturaPedido,IDproducto,IDproveedor,CantidadUnidad,MontoxUnidad) VALUES (2020,1020,7020,21,50);
INSERT INTO DetallePedido (FacturaPedido,IDproducto,IDproveedor,CantidadUnidad,MontoxUnidad) VALUES (2021,1021,7021,7,13);
INSERT INTO DetallePedido (FacturaPedido,IDproducto,IDproveedor,CantidadUnidad,MontoxUnidad) VALUES (2022,1022,7022,3,52);
INSERT INTO DetallePedido (FacturaPedido,IDproducto,IDproveedor,CantidadUnidad,MontoxUnidad) VALUES (2023,1023,7023,15,26);
INSERT INTO DetallePedido (FacturaPedido,IDproducto,IDproveedor,CantidadUnidad,MontoxUnidad) VALUES (2024,1024,7024,23,42);
INSERT INTO DetallePedido (FacturaPedido,IDproducto,IDproveedor,CantidadUnidad,MontoxUnidad) VALUES (2025,1025,7025,29,44);
INSERT INTO DetallePedido (FacturaPedido,IDproducto,IDproveedor,CantidadUnidad,MontoxUnidad) VALUES (2026,1026,7026,4,11);
INSERT INTO DetallePedido (FacturaPedido,IDproducto,IDproveedor,CantidadUnidad,MontoxUnidad) VALUES (2027,1027,7027,7,59);
INSERT INTO DetallePedido (FacturaPedido,IDproducto,IDproveedor,CantidadUnidad,MontoxUnidad) VALUES (2028,1028,7028,10,43);
INSERT INTO DetallePedido (FacturaPedido,IDproducto,IDproveedor,CantidadUnidad,MontoxUnidad) VALUES (2029,1029,7029,28,60);
INSERT INTO DetallePedido (FacturaPedido,IDproducto,IDproveedor,CantidadUnidad,MontoxUnidad) VALUES (2030,1030,7030,13,42);
INSERT INTO DetallePedido (FacturaPedido,IDproducto,IDproveedor,CantidadUnidad,MontoxUnidad) VALUES (2031,1031,7031,12,41);
INSERT INTO DetallePedido (FacturaPedido,IDproducto,IDproveedor,CantidadUnidad,MontoxUnidad) VALUES (2032,1032,7032,18,20);
INSERT INTO DetallePedido (FacturaPedido,IDproducto,IDproveedor,CantidadUnidad,MontoxUnidad) VALUES (2033,1033,7033,20,15);
INSERT INTO DetallePedido (FacturaPedido,IDproducto,IDproveedor,CantidadUnidad,MontoxUnidad) VALUES (2034,1034,7034,7,12);
INSERT INTO DetallePedido (FacturaPedido,IDproducto,IDproveedor,CantidadUnidad,MontoxUnidad) VALUES (2035,1035,7035,21,43);
INSERT INTO DetallePedido (FacturaPedido,IDproducto,IDproveedor,CantidadUnidad,MontoxUnidad) VALUES (2036,1036,7036,16,11);
INSERT INTO DetallePedido (FacturaPedido,IDproducto,IDproveedor,CantidadUnidad,MontoxUnidad) VALUES (2037,1037,7037,23,26);
INSERT INTO DetallePedido (FacturaPedido,IDproducto,IDproveedor,CantidadUnidad,MontoxUnidad) VALUES (2038,1038,7038,24,36);
INSERT INTO DetallePedido (FacturaPedido,IDproducto,IDproveedor,CantidadUnidad,MontoxUnidad) VALUES (2039,1039,7039,18,57);
INSERT INTO DetallePedido (FacturaPedido,IDproducto,IDproveedor,CantidadUnidad,MontoxUnidad) VALUES (2040,1040,7040,30,51);
INSERT INTO DetallePedido (FacturaPedido,IDproducto,IDproveedor,CantidadUnidad,MontoxUnidad) VALUES (2041,1041,7041,10,33);
INSERT INTO DetallePedido (FacturaPedido,IDproducto,IDproveedor,CantidadUnidad,MontoxUnidad) VALUES (2042,1042,7042,14,38);
INSERT INTO DetallePedido (FacturaPedido,IDproducto,IDproveedor,CantidadUnidad,MontoxUnidad) VALUES (2043,1043,7043,30,40);
INSERT INTO DetallePedido (FacturaPedido,IDproducto,IDproveedor,CantidadUnidad,MontoxUnidad) VALUES (2044,1044,7044,11,15);
INSERT INTO DetallePedido (FacturaPedido,IDproducto,IDproveedor,CantidadUnidad,MontoxUnidad) VALUES (2045,1045,7045,30,58);
INSERT INTO DetallePedido (FacturaPedido,IDproducto,IDproveedor,CantidadUnidad,MontoxUnidad) VALUES (2046,1046,7046,14,20);
INSERT INTO DetallePedido (FacturaPedido,IDproducto,IDproveedor,CantidadUnidad,MontoxUnidad) VALUES (2047,1047,7047,16,16);
INSERT INTO DetallePedido (FacturaPedido,IDproducto,IDproveedor,CantidadUnidad,MontoxUnidad) VALUES (2048,1048,7048,23,43);
INSERT INTO DetallePedido (FacturaPedido,IDproducto,IDproveedor,CantidadUnidad,MontoxUnidad) VALUES (2049,1049,7049,29,32);
INSERT INTO DetallePedido (FacturaPedido,IDproducto,IDproveedor,CantidadUnidad,MontoxUnidad) VALUES (2050,1050,7050,23,44);
INSERT INTO DetallePedido (FacturaPedido,IDproducto,IDproveedor,CantidadUnidad,MontoxUnidad) VALUES (2051,1051,7051,16,45);
INSERT INTO DetallePedido (FacturaPedido,IDproducto,IDproveedor,CantidadUnidad,MontoxUnidad) VALUES (2052,1052,7052,12,36);
INSERT INTO DetallePedido (FacturaPedido,IDproducto,IDproveedor,CantidadUnidad,MontoxUnidad) VALUES (2053,1053,7053,13,47);
INSERT INTO DetallePedido (FacturaPedido,IDproducto,IDproveedor,CantidadUnidad,MontoxUnidad) VALUES (2054,1054,7054,14,17);
INSERT INTO DetallePedido (FacturaPedido,IDproducto,IDproveedor,CantidadUnidad,MontoxUnidad) VALUES (2055,1055,7055,19,25);
INSERT INTO DetallePedido (FacturaPedido,IDproducto,IDproveedor,CantidadUnidad,MontoxUnidad) VALUES (2056,1056,7056,6,39);
INSERT INTO DetallePedido (FacturaPedido,IDproducto,IDproveedor,CantidadUnidad,MontoxUnidad) VALUES (2057,1057,7057,15,52);
INSERT INTO DetallePedido (FacturaPedido,IDproducto,IDproveedor,CantidadUnidad,MontoxUnidad) VALUES (2058,1058,7058,28,47);
INSERT INTO DetallePedido (FacturaPedido,IDproducto,IDproveedor,CantidadUnidad,MontoxUnidad) VALUES (2059,1059,7059,15,12);
INSERT INTO DetallePedido (FacturaPedido,IDproducto,IDproveedor,CantidadUnidad,MontoxUnidad) VALUES (2060,1060,7060,22,44);
INSERT INTO DetallePedido (FacturaPedido,IDproducto,IDproveedor,CantidadUnidad,MontoxUnidad) VALUES (2061,1061,7061,6,45);
INSERT INTO DetallePedido (FacturaPedido,IDproducto,IDproveedor,CantidadUnidad,MontoxUnidad) VALUES (2062,1062,7062,16,26);
INSERT INTO DetallePedido (FacturaPedido,IDproducto,IDproveedor,CantidadUnidad,MontoxUnidad) VALUES (2063,1063,7063,20,20);
INSERT INTO DetallePedido (FacturaPedido,IDproducto,IDproveedor,CantidadUnidad,MontoxUnidad) VALUES (2064,1064,7064,19,16);
INSERT INTO DetallePedido (FacturaPedido,IDproducto,IDproveedor,CantidadUnidad,MontoxUnidad) VALUES (2065,1065,7065,6,26);
INSERT INTO DetallePedido (FacturaPedido,IDproducto,IDproveedor,CantidadUnidad,MontoxUnidad) VALUES (2066,1066,7066,21,43);
INSERT INTO DetallePedido (FacturaPedido,IDproducto,IDproveedor,CantidadUnidad,MontoxUnidad) VALUES (2067,1067,7067,22,37);
INSERT INTO DetallePedido (FacturaPedido,IDproducto,IDproveedor,CantidadUnidad,MontoxUnidad) VALUES (2068,1068,7068,27,54);
INSERT INTO DetallePedido (FacturaPedido,IDproducto,IDproveedor,CantidadUnidad,MontoxUnidad) VALUES (2069,1069,7069,17,37);
INSERT INTO DetallePedido (FacturaPedido,IDproducto,IDproveedor,CantidadUnidad,MontoxUnidad) VALUES (2070,1070,7070,14,55);
INSERT INTO DetallePedido (FacturaPedido,IDproducto,IDproveedor,CantidadUnidad,MontoxUnidad) VALUES (2071,1071,7071,18,23);
INSERT INTO DetallePedido (FacturaPedido,IDproducto,IDproveedor,CantidadUnidad,MontoxUnidad) VALUES (2072,1072,7072,10,27);
INSERT INTO DetallePedido (FacturaPedido,IDproducto,IDproveedor,CantidadUnidad,MontoxUnidad) VALUES (2073,1073,7073,18,32);
INSERT INTO DetallePedido (FacturaPedido,IDproducto,IDproveedor,CantidadUnidad,MontoxUnidad) VALUES (2074,1074,7074,13,31);
INSERT INTO DetallePedido (FacturaPedido,IDproducto,IDproveedor,CantidadUnidad,MontoxUnidad) VALUES (2075,1075,7075,26,42);
INSERT INTO DetallePedido (FacturaPedido,IDproducto,IDproveedor,CantidadUnidad,MontoxUnidad) VALUES (2076,1076,7076,19,57);
INSERT INTO DetallePedido (FacturaPedido,IDproducto,IDproveedor,CantidadUnidad,MontoxUnidad) VALUES (2077,1077,7077,26,55);
INSERT INTO DetallePedido (FacturaPedido,IDproducto,IDproveedor,CantidadUnidad,MontoxUnidad) VALUES (2078,1078,7078,7,19);
INSERT INTO DetallePedido (FacturaPedido,IDproducto,IDproveedor,CantidadUnidad,MontoxUnidad) VALUES (2079,1079,7079,16,30);
INSERT INTO DetallePedido (FacturaPedido,IDproducto,IDproveedor,CantidadUnidad,MontoxUnidad) VALUES (2080,1080,7080,29,33);
INSERT INTO DetallePedido (FacturaPedido,IDproducto,IDproveedor,CantidadUnidad,MontoxUnidad) VALUES (2081,1027,7007,8,63);
INSERT INTO DetallePedido (FacturaPedido,IDproducto,IDproveedor,CantidadUnidad,MontoxUnidad) VALUES (2081,1028,7007,9,45.94);
INSERT INTO DetallePedido (FacturaPedido,IDproducto,IDproveedor,CantidadUnidad,MontoxUnidad) VALUES (2081,1029,7007,8,44.69);

-- Compra
INSERT INTO Compra (FacturaCompra, IDproveedor, FacturaPedido, FechaCompra, MontoCompra, ReciboColector, Status, Observacion, FechaVencPago, Descuento) VALUES (3001, 7001, 2001, CAST("2016-01-21" AS Date), 0, 5001, "Credito", "-", CAST("2016-01-01" AS Date), 0);
INSERT INTO Compra (FacturaCompra, IDproveedor, FacturaPedido, FechaCompra, MontoCompra, ReciboColector, Status, Observacion, FechaVencPago, Descuento) VALUES (3002, 7002, 2002, CAST("2016-01-19" AS Date), 0, 5002, "Credito", "-", CAST("2016-01-30" AS Date), 0);
INSERT INTO Compra (FacturaCompra, IDproveedor, FacturaPedido, FechaCompra, MontoCompra, ReciboColector, Status, Observacion, FechaVencPago, Descuento) VALUES (3003, 7003, 2003, CAST("2016-03-10" AS Date), 0, 5003, "Credito", "-", CAST("2016-03-10" AS Date), 0);
INSERT INTO Compra (FacturaCompra, IDproveedor, FacturaPedido, FechaCompra, MontoCompra, ReciboColector, Status, Observacion, FechaVencPago, Descuento) VALUES (3004, 7004, 2004, CAST("2017-04-06" AS Date), 0, 5004, "Credito", "-", CAST("2017-04-10" AS Date), 0);
INSERT INTO Compra (FacturaCompra, IDproveedor, FacturaPedido, FechaCompra, MontoCompra, ReciboColector, Status, Observacion, FechaVencPago, Descuento) VALUES (3005, 7005, 2005, CAST("2017-05-20" AS Date), 0, 5005, "Credito", "-", CAST("2017-05-30" AS Date), 0);
INSERT INTO Compra (FacturaCompra, IDproveedor, FacturaPedido, FechaCompra, MontoCompra, ReciboColector, Status, Observacion, FechaVencPago, Descuento) VALUES (3006, 7006, 2006, CAST("2017-06-13" AS Date), 0, 5006, "Credito", "-", CAST("2017-06-20" AS Date), 0);
INSERT INTO Compra (FacturaCompra, IDproveedor, FacturaPedido, FechaCompra, MontoCompra, ReciboColector, Status, Observacion, FechaVencPago, Descuento) VALUES (3007, 7007, 2007, CAST("2017-07-13" AS Date), 0, 5007, "Contado", "-", CAST("2017-07-13" AS Date), 0);
INSERT INTO Compra (FacturaCompra, IDproveedor, FacturaPedido, FechaCompra, MontoCompra, ReciboColector, Status, Observacion, FechaVencPago, Descuento) VALUES (3008, 7008, 2008, CAST("2017-08-20" AS Date), 0, 5008, "Credito", "-", CAST("2017-08-20" AS Date), 0);
INSERT INTO Compra (FacturaCompra, IDproveedor, FacturaPedido, FechaCompra, MontoCompra, ReciboColector, Status, Observacion, FechaVencPago, Descuento) VALUES (3009, 7009, 2009, CAST("2017-09-20" AS Date), 0, 5009, "Contado", "-", CAST("2017-09-20" AS Date), 0);
INSERT INTO Compra (FacturaCompra, IDproveedor, FacturaPedido, FechaCompra, MontoCompra, ReciboColector, Status, Observacion, FechaVencPago, Descuento) VALUES (3010, 7010, 2010, CAST("2017-10-25" AS Date), 0, 5010, "Contado", "-", CAST("2017-10-25" AS Date), 0);
INSERT INTO Compra (FacturaCompra, IDproveedor, FacturaPedido, FechaCompra, MontoCompra, ReciboColector, Status, Observacion, FechaVencPago, Descuento) VALUES (3011, 7011, 2011, CAST("2017-11-07" AS Date), 0, 5011, "Contado", "-", CAST("2017-11-07" AS Date), 0);
INSERT INTO Compra (FacturaCompra, IDproveedor, FacturaPedido, FechaCompra, MontoCompra, ReciboColector, Status, Observacion, FechaVencPago, Descuento) VALUES (3012, 7012, 2012, CAST("2018-01-13" AS Date), 0, 5012, "Contado", "-", CAST("2018-01-13" AS Date), 0);
INSERT INTO Compra (FacturaCompra, IDproveedor, FacturaPedido, FechaCompra, MontoCompra, ReciboColector, Status, Observacion, FechaVencPago, Descuento) VALUES (3013, 7013, 2013, CAST("2018-01-26" AS Date), 0, 5013, "Contado", "-", CAST("2018-01-26" AS Date), 0);
INSERT INTO Compra (FacturaCompra, IDproveedor, FacturaPedido, FechaCompra, MontoCompra, ReciboColector, Status, Observacion, FechaVencPago, Descuento) VALUES (3014, 7014, 2014, CAST("2018-02-19" AS Date), 0, 50104, "Credito", "-", CAST("2018-02-19" AS Date), 0);
INSERT INTO Compra (FacturaCompra, IDproveedor, FacturaPedido, FechaCompra, MontoCompra, ReciboColector, Status, Observacion, FechaVencPago, Descuento) VALUES (3015, 7015, 2015, CAST("2018-04-10" AS Date), 0, 50105, "Credito", "-", CAST("2019-04-10" AS Date), 0);
INSERT INTO Compra (FacturaCompra, IDproveedor, FacturaPedido, FechaCompra, MontoCompra, ReciboColector, Status, Observacion, FechaVencPago, Descuento) VALUES (3016, 7016, 2016, CAST("2018-05-06" AS Date), 0, 50106, "Credito", "-", CAST("2018-05-06" AS Date), 0);
INSERT INTO Compra (FacturaCompra, IDproveedor, FacturaPedido, FechaCompra, MontoCompra, ReciboColector, Status, Observacion, FechaVencPago, Descuento) VALUES (3017, 7017, 2017, CAST("2018-07-20" AS Date), 0, 50107, "Credito", "-", CAST("2018-07-20" AS Date), 0);
INSERT INTO Compra (FacturaCompra, IDproveedor, FacturaPedido, FechaCompra, MontoCompra, ReciboColector, Status, Observacion, FechaVencPago, Descuento) VALUES (3018, 7018, 2018, CAST("2018-09-13" AS Date), 0, 50108, "Contado", "-", CAST("2018-09-13" AS Date), 0);
INSERT INTO Compra (FacturaCompra, IDproveedor, FacturaPedido, FechaCompra, MontoCompra, ReciboColector, Status, Observacion, FechaVencPago, Descuento) VALUES (3019, 7019, 2019, CAST("2018-12-13" AS Date), 0, 5019, "Contado", "-", CAST("2018-12-13" AS Date), 0);
INSERT INTO Compra (FacturaCompra, IDproveedor, FacturaPedido, FechaCompra, MontoCompra, ReciboColector, Status, Observacion, FechaVencPago, Descuento) VALUES (3020, 7020, 2020, CAST("2019-01-20" AS Date), 0, 5020, "Contado", "-", CAST("2019-01-20" AS Date), 0);
INSERT INTO Compra (FacturaCompra, IDproveedor, FacturaPedido, FechaCompra, MontoCompra, ReciboColector, Status, Observacion, FechaVencPago, Descuento) VALUES (3021, 7021, 2021, CAST("2019-01-20" AS Date), 0, 5021, "Contado", "-", CAST("2019-01-20" AS Date), 0);
INSERT INTO Compra (FacturaCompra, IDproveedor, FacturaPedido, FechaCompra, MontoCompra, ReciboColector, Status, Observacion, FechaVencPago, Descuento) VALUES (3022, 7022, 2022, CAST("2019-02-25" AS Date), 0, 5022, "Contado", "-", CAST("2019-02-25" AS Date), 0);
INSERT INTO Compra (FacturaCompra, IDproveedor, FacturaPedido, FechaCompra, MontoCompra, ReciboColector, Status, Observacion, FechaVencPago, Descuento) VALUES (3023, 7023, 2023, CAST("2019-03-07" AS Date), 0, 5023, "Credito", "-", CAST("2019-03-07" AS Date), 0);
INSERT INTO Compra (FacturaCompra, IDproveedor, FacturaPedido, FechaCompra, MontoCompra, ReciboColector, Status, Observacion, FechaVencPago, Descuento) VALUES (3024, 7024, 2024, CAST("2019-04-07" AS Date), 0, 5024, "Credito", "-", CAST("2019-04-07" AS Date), 0);
INSERT INTO Compra (FacturaCompra, IDproveedor, FacturaPedido, FechaCompra, MontoCompra, ReciboColector, Status, Observacion, FechaVencPago, Descuento) VALUES (3025, 7025, 2025, CAST("2019-04-26" AS Date), 0, 5025, "Credito", "-", CAST("2019-04-26" AS Date), 0);
INSERT INTO Compra (FacturaCompra, IDproveedor, FacturaPedido, FechaCompra, MontoCompra, ReciboColector, Status, Observacion, FechaVencPago, Descuento) VALUES (3026,7026, 2026,CAST("2019-04-28" AS Date), 0, 501,"Credito","-",CAST("2019-05-01" AS Date), 0);
INSERT INTO Compra (FacturaCompra, IDproveedor, FacturaPedido, FechaCompra, MontoCompra, ReciboColector, Status, Observacion, FechaVencPago, Descuento) VALUES (3027,7027, 2027,CAST("2019-04-30" AS Date), 0, 502,"Credito","-",CAST("2019-05-06" AS Date), 0);
INSERT INTO Compra (FacturaCompra, IDproveedor, FacturaPedido, FechaCompra, MontoCompra, ReciboColector, Status, Observacion, FechaVencPago, Descuento) VALUES (3028,7028, 2028,CAST("2019-05-04" AS Date), 0, 503,"Credito","-",CAST("2019-05-11" AS Date), 0);
INSERT INTO Compra (FacturaCompra, IDproveedor, FacturaPedido, FechaCompra, MontoCompra, ReciboColector, Status, Observacion, FechaVencPago, Descuento) VALUES (3029,7029, 2029,CAST("2019-05-06" AS Date), 0, 504,"Credito","-",CAST("2019-05-16" AS Date), 0);
INSERT INTO Compra (FacturaCompra, IDproveedor, FacturaPedido, FechaCompra, MontoCompra, ReciboColector, Status, Observacion, FechaVencPago, Descuento) VALUES (3030,7030, 2030,CAST("2019-05-08" AS Date), 0, 505,"Credito","-",CAST("2019-05-21" AS Date), 0);
INSERT INTO Compra (FacturaCompra, IDproveedor, FacturaPedido, FechaCompra, MontoCompra, ReciboColector, Status, Observacion, FechaVencPago, Descuento) VALUES (3031,7031, 2031, CAST("2019-05-10" AS Date), 0, 506,"Credito","-",CAST("2019-05-26" AS Date), 0);
INSERT INTO Compra (FacturaCompra, IDproveedor, FacturaPedido, FechaCompra, MontoCompra, ReciboColector, Status, Observacion, FechaVencPago, Descuento) VALUES (3032,7032, 2032, CAST("2019-05-12" AS Date), 0, 507,"Credito","-",CAST("2019-05-31" AS Date), 0);
INSERT INTO Compra (FacturaCompra, IDproveedor, FacturaPedido, FechaCompra, MontoCompra, ReciboColector, Status, Observacion, FechaVencPago, Descuento) VALUES (3033,7033, 2033,CAST("2019-05-14" AS Date), 0, 508,"Credito","-",CAST("2019-06-01" AS Date), 0);
INSERT INTO Compra (FacturaCompra, IDproveedor, FacturaPedido, FechaCompra, MontoCompra, ReciboColector, Status, Observacion, FechaVencPago, Descuento) VALUES (3034,7034, 2034,CAST("2019-05-16" AS Date), 0, 509,"Credito","-",CAST("2019-06-06" AS Date), 0);
INSERT INTO Compra (FacturaCompra, IDproveedor, FacturaPedido, FechaCompra, MontoCompra, ReciboColector, Status, Observacion, FechaVencPago, Descuento) VALUES (3035,7035, 2035,CAST("2019-05-18" AS Date), 0, 5010,"Credito","-",CAST("2019-06-11" AS Date), 0);
INSERT INTO Compra (FacturaCompra, IDproveedor, FacturaPedido, FechaCompra, MontoCompra, ReciboColector, Status, Observacion, FechaVencPago, Descuento) VALUES (3036,7036, 2036,CAST("2019-05-20" AS Date), 20, 5011,"Contado","-",CAST("2019-06-10" AS Date), 0);
INSERT INTO Compra (FacturaCompra, IDproveedor, FacturaPedido, FechaCompra, MontoCompra, ReciboColector, Status, Observacion, FechaVencPago, Descuento) VALUES (3037,7037, 2037,CAST("2019-05-22" AS Date), 0, 5012,"Contado","-",CAST("2019-06-21" AS Date), 0);
INSERT INTO Compra (FacturaCompra, IDproveedor, FacturaPedido, FechaCompra, MontoCompra, ReciboColector, Status, Observacion, FechaVencPago, Descuento) VALUES (3038,7038, 2038,CAST("2019-05-24" AS Date), 0, 5013,"Contado","-",CAST("2019-06-26" AS Date), 0);
INSERT INTO Compra (FacturaCompra, IDproveedor, FacturaPedido, FechaCompra, MontoCompra, ReciboColector, Status, Observacion, FechaVencPago, Descuento) VALUES (3039,7039, 2039,CAST("2019-05-26" AS Date), 0, 5014,"Contado","-",CAST("2019-06-30" AS Date), 0);
INSERT INTO Compra (FacturaCompra, IDproveedor, FacturaPedido, FechaCompra, MontoCompra, ReciboColector, Status, Observacion, FechaVencPago, Descuento) VALUES (3040,7040, 2040,CAST("2019-05-28" AS Date), 0, 5015,"Contado","-",CAST("2019-07-01" AS Date), 0);
INSERT INTO Compra (FacturaCompra, IDproveedor, FacturaPedido, FechaCompra, MontoCompra, ReciboColector, Status, Observacion, FechaVencPago, Descuento) VALUES (3041,7041, 2041,CAST("2019-05-30" AS Date), 0, 5016,"Contado","-",CAST("2019-07-04" AS Date), 0);
INSERT INTO Compra (FacturaCompra, IDproveedor, FacturaPedido, FechaCompra, MontoCompra, ReciboColector, Status, Observacion, FechaVencPago, Descuento) VALUES (3042,7042, 2042,CAST("2019-06-02" AS Date), 0, 5017,"Contado","-",CAST("2019-07-07" AS Date), 0);
INSERT INTO Compra (FacturaCompra, IDproveedor, FacturaPedido, FechaCompra, MontoCompra, ReciboColector, Status, Observacion, FechaVencPago, Descuento) VALUES (3043,7043, 2043,CAST("2019-06-04" AS Date), 0, 5018,"Contado","-",CAST("2019-07-10" AS Date), 0);
INSERT INTO Compra (FacturaCompra, IDproveedor, FacturaPedido, FechaCompra, MontoCompra, ReciboColector, Status, Observacion, FechaVencPago, Descuento) VALUES (3044,7044, 2044,CAST("2019-06-06" AS Date), 0, 5019,"Contado","-",CAST("2019-07-21" AS Date), 0);
INSERT INTO Compra (FacturaCompra, IDproveedor, FacturaPedido, FechaCompra, MontoCompra, ReciboColector, Status, Observacion, FechaVencPago, Descuento) VALUES (3045,7045, 2045,CAST("2019-06-08" AS Date), 0, 5020,"Contado","-",CAST("2019-07-26" AS Date), 0);
INSERT INTO Compra (FacturaCompra, IDproveedor, FacturaPedido, FechaCompra, MontoCompra, ReciboColector, Status, Observacion, FechaVencPago, Descuento) VALUES (3046,7046, 2046,CAST("2019-06-10" AS Date), 0, 5021,"Credito","-",CAST("2019-07-31" AS Date), 0);
INSERT INTO Compra (FacturaCompra, IDproveedor, FacturaPedido, FechaCompra, MontoCompra, ReciboColector, Status, Observacion, FechaVencPago, Descuento) VALUES (3047,7047, 2047,CAST("2019-06-12" AS Date), 0, 5022,"Credito","-",CAST("2019-08-01" AS Date), 0);
INSERT INTO Compra (FacturaCompra, IDproveedor, FacturaPedido, FechaCompra, MontoCompra, ReciboColector, Status, Observacion, FechaVencPago, Descuento) VALUES (3048,7048, 2048,CAST("2019-06-14" AS Date), 0, 5023,"Credito","-",CAST("2019-08-06" AS Date), 0);
INSERT INTO Compra (FacturaCompra, IDproveedor, FacturaPedido, FechaCompra, MontoCompra, ReciboColector, Status, Observacion, FechaVencPago, Descuento) VALUES (3049,7049, 2049,CAST("2019-06-16" AS Date), 0, 5024,"Credito","-",CAST("2019-08-11" AS Date), 0);
INSERT INTO Compra (FacturaCompra, IDproveedor, FacturaPedido, FechaCompra, MontoCompra, ReciboColector, Status, Observacion, FechaVencPago, Descuento) VALUES (3050,7050, 2050,CAST("2019-06-18" AS Date), 0, 5025,"Credito","-",CAST("2019-08-10" AS Date), 0);
INSERT INTO Compra (FacturaCompra, IDproveedor, FacturaPedido, FechaCompra, MontoCompra, ReciboColector, Status, Observacion, FechaVencPago, Descuento) VALUES (3051,7051, 2051,CAST("2019-06-20" AS Date), 0, 5026,"Credito","-",CAST("2019-08-21" AS Date), 0);
INSERT INTO Compra (FacturaCompra, IDproveedor, FacturaPedido, FechaCompra, MontoCompra, ReciboColector, Status, Observacion, FechaVencPago, Descuento) VALUES (3052,7052, 2052,CAST("2019-06-22" AS Date), 0, 5027,"Credito","-",CAST("2019-08-26" AS Date), 0);
INSERT INTO Compra (FacturaCompra, IDproveedor, FacturaPedido, FechaCompra, MontoCompra, ReciboColector, Status, Observacion, FechaVencPago, Descuento) VALUES (3053,7053, 2053,CAST("2019-06-24" AS Date), 0, 5028,"Credito","-",CAST("2019-08-31" AS Date), 0);
INSERT INTO Compra (FacturaCompra, IDproveedor, FacturaPedido, FechaCompra, MontoCompra, ReciboColector, Status, Observacion, FechaVencPago, Descuento) VALUES (3054,7054, 2054,CAST("2019-06-26" AS Date), 0, 5029,"Credito","-",CAST("2019-09-01" AS Date), 0);
INSERT INTO Compra (FacturaCompra, IDproveedor, FacturaPedido, FechaCompra, MontoCompra, ReciboColector, Status, Observacion, FechaVencPago, Descuento) VALUES (3055,7055, 2055,CAST("2019-06-28" AS Date), 0, 5030,"Credito","-",CAST("2019-09-06" AS Date), 0);
INSERT INTO Compra (FacturaCompra, IDproveedor, FacturaPedido, FechaCompra, MontoCompra, ReciboColector, Status, Observacion, FechaVencPago, Descuento) VALUES (3056,7056, 2056,CAST("2019-06-30" AS Date), 0, 5031,"Contado","-",CAST("2019-09-11" AS Date), 0);
INSERT INTO Compra (FacturaCompra, IDproveedor, FacturaPedido, FechaCompra, MontoCompra, ReciboColector, Status, Observacion, FechaVencPago, Descuento) VALUES (3057,7057, 2057,CAST("2019-07-01" AS Date), 0, 5032,"Contado","-",CAST("2019-09-10" AS Date), 0);
INSERT INTO Compra (FacturaCompra, IDproveedor, FacturaPedido, FechaCompra, MontoCompra, ReciboColector, Status, Observacion, FechaVencPago, Descuento) VALUES (3058,7058, 2058,CAST("2019-07-03" AS Date), 0 ,5033,"Contado","-",CAST("2019-09-21" AS Date), 0);
INSERT INTO Compra (FacturaCompra, IDproveedor, FacturaPedido, FechaCompra, MontoCompra, ReciboColector, Status, Observacion, FechaVencPago, Descuento) VALUES (3059,7059, 2059,CAST("2019-07-05" AS Date), 0 ,5034,"Contado","-",CAST("2019-09-26" AS Date), 0);
INSERT INTO Compra (FacturaCompra, IDproveedor, FacturaPedido, FechaCompra, MontoCompra, ReciboColector, Status, Observacion, FechaVencPago, Descuento) VALUES (3060,7060, 2060,CAST("2019-07-07" AS Date), 0, 5035,"Contado","-",CAST("2019-09-30" AS Date), 0);
INSERT INTO Compra (FacturaCompra, IDproveedor, FacturaPedido, FechaCompra, MontoCompra, ReciboColector, Status, Observacion, FechaVencPago, Descuento) VALUES (3061,7061, 2061,CAST("2019-07-09" AS Date), 0, 5036,"Contado","-",CAST("2019-10-01" AS Date), 0);
INSERT INTO Compra (FacturaCompra, IDproveedor, FacturaPedido, FechaCompra, MontoCompra, ReciboColector, Status, Observacion, FechaVencPago, Descuento) VALUES (3062,7062, 2062,CAST("2019-07-11" AS Date), 0, 5037,"Contado","-",CAST("2019-10-06" AS Date), 0);
INSERT INTO Compra (FacturaCompra, IDproveedor, FacturaPedido, FechaCompra, MontoCompra, ReciboColector, Status, Observacion, FechaVencPago, Descuento) VALUES (3063,7063, 2063,CAST("2019-07-13" AS Date), 0, 5038,"Contado","-",CAST("2019-10-11" AS Date), 0);
INSERT INTO Compra (FacturaCompra, IDproveedor, FacturaPedido, FechaCompra, MontoCompra, ReciboColector, Status, Observacion, FechaVencPago, Descuento) VALUES (3064,7064, 2064,CAST("2019-07-10" AS Date), 0, 5039,"Contado","-",CAST("2019-10-10" AS Date), 0);
INSERT INTO Compra (FacturaCompra, IDproveedor, FacturaPedido, FechaCompra, MontoCompra, ReciboColector, Status, Observacion, FechaVencPago, Descuento) VALUES (3065,7065, 2065,CAST("2019-07-17" AS Date), 0, 5040,"Contado","-",CAST("2019-10-21" AS Date), 0);
INSERT INTO Compra (FacturaCompra, IDproveedor, FacturaPedido, FechaCompra, MontoCompra, ReciboColector, Status, Observacion, FechaVencPago, Descuento) VALUES (3066,7066, 2066,CAST("2019-07-19" AS Date), 0, 5041,"Credito","-",CAST("2019-10-26" AS Date), 0);
INSERT INTO Compra (FacturaCompra, IDproveedor, FacturaPedido, FechaCompra, MontoCompra, ReciboColector, Status, Observacion, FechaVencPago, Descuento) VALUES (3067,7067, 2067,CAST("2019-07-21" AS Date), 0, 5042,"Credito","-",CAST("2019-10-31" AS Date), 0);
INSERT INTO Compra (FacturaCompra, IDproveedor, FacturaPedido, FechaCompra, MontoCompra, ReciboColector, Status, Observacion, FechaVencPago, Descuento) VALUES (3068,7068, 2068,CAST("2019-07-23" AS Date), 0, 5043,"Credito","-",CAST("2019-11-01" AS Date), 0);
INSERT INTO Compra (FacturaCompra, IDproveedor, FacturaPedido, FechaCompra, MontoCompra, ReciboColector, Status, Observacion, FechaVencPago, Descuento) VALUES (3069,7069, 2069,CAST("2019-07-25" AS Date), 0, 5044,"Credito","-",CAST("2019-11-06" AS Date), 0);
INSERT INTO Compra (FacturaCompra, IDproveedor, FacturaPedido, FechaCompra, MontoCompra, ReciboColector, Status, Observacion, FechaVencPago, Descuento) VALUES (3070,7070, 2070,CAST("2019-07-27" AS Date), 0, 5045,"Credito","-",CAST("2019-11-11" AS Date), 0);
INSERT INTO Compra (FacturaCompra, IDproveedor, FacturaPedido, FechaCompra, MontoCompra, ReciboColector, Status, Observacion, FechaVencPago, Descuento) VALUES (3071,7071, 2071,CAST("2019-07-29" AS Date), 0, 5046,"Credito","-",CAST("2019-11-16" AS Date), 0);
INSERT INTO Compra (FacturaCompra, IDproveedor, FacturaPedido, FechaCompra, MontoCompra, ReciboColector, Status, Observacion, FechaVencPago, Descuento) VALUES (3072,7072, 2072,CAST("2019-08-02" AS Date), 0, 5047,"Credito","-",CAST("2019-11-16" AS Date), 0);
INSERT INTO Compra (FacturaCompra, IDproveedor, FacturaPedido, FechaCompra, MontoCompra, ReciboColector, Status, Observacion, FechaVencPago, Descuento) VALUES (3073,7073, 2073,CAST("2019-08-02" AS Date), 0, 5048,"Credito","-",CAST("2019-11-16" AS Date), 0);
INSERT INTO Compra (FacturaCompra, IDproveedor, FacturaPedido, FechaCompra, MontoCompra, ReciboColector, Status, Observacion, FechaVencPago, Descuento) VALUES (3074,7074, 2074,CAST("2019-08-02" AS Date), 0, 5049,"Credito","-",CAST("2019-11-10" AS Date), 0);
INSERT INTO Compra (FacturaCompra, IDproveedor, FacturaPedido, FechaCompra, MontoCompra, ReciboColector, Status, Observacion, FechaVencPago, Descuento) VALUES (3075,7075, 2075,CAST("2019-08-02" AS Date), 0, 5050,"Credito","-",CAST("2019-11-10" AS Date), 0);
INSERT INTO Compra (FacturaCompra, IDproveedor, FacturaPedido, FechaCompra, MontoCompra, ReciboColector, Status, Observacion, FechaVencPago, Descuento) VALUES (3076,7076, 2076,CAST("2019-08-04" AS Date), 0, 5051,"Contado","-",CAST("2019-11-10" AS Date), 0);
INSERT INTO Compra (FacturaCompra, IDproveedor, FacturaPedido, FechaCompra, MontoCompra, ReciboColector, Status, Observacion, FechaVencPago, Descuento) VALUES (3077,7077, 2077,CAST("2019-08-04" AS Date), 0, 5052,"Contado","-",CAST("2019-11-10" AS Date), 0);
INSERT INTO Compra (FacturaCompra, IDproveedor, FacturaPedido, FechaCompra, MontoCompra, ReciboColector, Status, Observacion, FechaVencPago, Descuento) VALUES (3078,7078, 2078,CAST("2019-08-06" AS Date), 0, 5053,"Contado","-",CAST("2019-11-11" AS Date), 0);
INSERT INTO Compra (FacturaCompra, IDproveedor, FacturaPedido, FechaCompra, MontoCompra, ReciboColector, Status, Observacion, FechaVencPago, Descuento) VALUES (3079,7079, 2079,CAST("2019-08-06" AS Date), 0, 5054,"Contado","-",CAST("2019-11-13" AS Date), 0);
INSERT INTO Compra (FacturaCompra, IDproveedor, FacturaPedido, FechaCompra, MontoCompra, ReciboColector, Status, Observacion, FechaVencPago, Descuento) VALUES (3080,7080, 2080,CAST("2019-08-06" AS Date), 0, 5055,"Contado","-",CAST("2019-11-14" AS Date), 0);
INSERT INTO Compra (FacturaCompra, IDproveedor, FacturaPedido, FechaCompra, MontoCompra, ReciboColector, Status, Observacion, FechaVencPago, Descuento) VALUES (3081,7007,2081,"2019-05-05 05:38:09.999999",153.53,"","Contado","","2019-05-05 05:38:09.999999",0);

-- INVENTARIOPRODUCTO
INSERT INTO InventarioProducto (FacturaCompra,IDproducto,CantidadUnidades,MontoxUnidad,Ganancia,PrecioVentaUnitario,StockBodega,StockEstante) VALUES (3081,1027,8,63,0.35,85.05,0,8);
INSERT INTO InventarioProducto (FacturaCompra,IDproducto,CantidadUnidades,MontoxUnidad,Ganancia,PrecioVentaUnitario,StockBodega,StockEstante) VALUES (3081,1028,9,45.94,0.35,62.019,3,6);
INSERT INTO InventarioProducto (FacturaCompra,IDproducto,CantidadUnidades,MontoxUnidad,Ganancia,PrecioVentaUnitario,StockBodega,StockEstante) VALUES (3081,1029,8,44.69,0.35,60.33,0,8);


--IndicacionProducto [COMPLETADO - 80 REGISTROS]
INSERT INTO IndicacionProducto (IDproducto,IDindicacion) VALUES (1001,7006);
INSERT INTO IndicacionProducto (IDproducto,IDindicacion) VALUES (1002,70106);
INSERT INTO IndicacionProducto (IDproducto,IDindicacion) VALUES (1003,7006);
INSERT INTO IndicacionProducto (IDproducto,IDindicacion) VALUES (1004,70106);
INSERT INTO IndicacionProducto (IDproducto,IDindicacion) VALUES (1005,7006);
INSERT INTO IndicacionProducto (IDproducto,IDindicacion) VALUES (1006,7009);
INSERT INTO IndicacionProducto (IDproducto,IDindicacion) VALUES (1007,7003);
INSERT INTO IndicacionProducto (IDproducto,IDindicacion) VALUES (1008,7007);
INSERT INTO IndicacionProducto (IDproducto,IDindicacion) VALUES (1009,7010);
INSERT INTO IndicacionProducto (IDproducto,IDindicacion) VALUES (1010,7005);
INSERT INTO IndicacionProducto (IDproducto,IDindicacion) VALUES (1011,7010);
INSERT INTO IndicacionProducto (IDproducto,IDindicacion) VALUES (1012,7011);
INSERT INTO IndicacionProducto (IDproducto,IDindicacion) VALUES (1013,7008);
INSERT INTO IndicacionProducto (IDproducto,IDindicacion) VALUES (10104,7013);
INSERT INTO IndicacionProducto (IDproducto,IDindicacion) VALUES (10105,7013);
INSERT INTO IndicacionProducto (IDproducto,IDindicacion) VALUES (10106,7003);
INSERT INTO IndicacionProducto (IDproducto,IDindicacion) VALUES (10107,7003);
INSERT INTO IndicacionProducto (IDproducto,IDindicacion) VALUES (10108,7009);
INSERT INTO IndicacionProducto (IDproducto,IDindicacion) VALUES (1019,7006);
INSERT INTO IndicacionProducto (IDproducto,IDindicacion) VALUES (1020,7003);
INSERT INTO IndicacionProducto (IDproducto,IDindicacion) VALUES (1021,7011);
INSERT INTO IndicacionProducto (IDproducto,IDindicacion) VALUES (1022,7004);
INSERT INTO IndicacionProducto (IDproducto,IDindicacion) VALUES (1023,7013);
INSERT INTO IndicacionProducto (IDproducto,IDindicacion) VALUES (1024,70104);
INSERT INTO IndicacionProducto (IDproducto,IDindicacion) VALUES (1025,70104);
INSERT INTO IndicacionProducto (IDproducto,IDindicacion) VALUES (1026,70104);
INSERT INTO IndicacionProducto (IDproducto,IDindicacion) VALUES (1027,7001);
INSERT INTO IndicacionProducto (IDproducto,IDindicacion) VALUES (1028,7005);
INSERT INTO IndicacionProducto (IDproducto,IDindicacion) VALUES (1029,7006);
INSERT INTO IndicacionProducto (IDproducto,IDindicacion) VALUES (1030,7004);
INSERT INTO IndicacionProducto (IDproducto,IDindicacion) VALUES (1031,7006);
INSERT INTO IndicacionProducto (IDproducto,IDindicacion) VALUES (1032,7005);
INSERT INTO IndicacionProducto (IDproducto,IDindicacion) VALUES (1033,7010);
INSERT INTO IndicacionProducto (IDproducto,IDindicacion) VALUES (1034,7013);
INSERT INTO IndicacionProducto (IDproducto,IDindicacion) VALUES (1035,7006);
INSERT INTO IndicacionProducto (IDproducto,IDindicacion) VALUES (1036,7005);
INSERT INTO IndicacionProducto (IDproducto,IDindicacion) VALUES (1037,7003);
INSERT INTO IndicacionProducto (IDproducto,IDindicacion) VALUES (1038,7001);
INSERT INTO IndicacionProducto (IDproducto,IDindicacion) VALUES (1039,7010);
INSERT INTO IndicacionProducto (IDproducto,IDindicacion) VALUES (1040,7006);
INSERT INTO IndicacionProducto (IDproducto,IDindicacion) VALUES (1041,7007);
INSERT INTO IndicacionProducto (IDproducto,IDindicacion) VALUES (1042,7005);
INSERT INTO IndicacionProducto (IDproducto,IDindicacion) VALUES (1043,7010);
INSERT INTO IndicacionProducto (IDproducto,IDindicacion) VALUES (1044,7013);
INSERT INTO IndicacionProducto (IDproducto,IDindicacion) VALUES (1045,7010);
INSERT INTO IndicacionProducto (IDproducto,IDindicacion) VALUES (1046,7002);
INSERT INTO IndicacionProducto (IDproducto,IDindicacion) VALUES (1047,7005);
INSERT INTO IndicacionProducto (IDproducto,IDindicacion) VALUES (1048,7012);
INSERT INTO IndicacionProducto (IDproducto,IDindicacion) VALUES (1049,7009);
INSERT INTO IndicacionProducto (IDproducto,IDindicacion) VALUES (1050,7003);
INSERT INTO IndicacionProducto (IDproducto,IDindicacion) VALUES (1051,70104);
INSERT INTO IndicacionProducto (IDproducto,IDindicacion) VALUES (1052,7005);
INSERT INTO IndicacionProducto (IDproducto,IDindicacion) VALUES (1053,7007);
INSERT INTO IndicacionProducto (IDproducto,IDindicacion) VALUES (1054,7010);
INSERT INTO IndicacionProducto (IDproducto,IDindicacion) VALUES (1055,7011);
INSERT INTO IndicacionProducto (IDproducto,IDindicacion) VALUES (1056,7010);
INSERT INTO IndicacionProducto (IDproducto,IDindicacion) VALUES (1057,7002);
INSERT INTO IndicacionProducto (IDproducto,IDindicacion) VALUES (1058,7001);
INSERT INTO IndicacionProducto (IDproducto,IDindicacion) VALUES (1059,7005);
INSERT INTO IndicacionProducto (IDproducto,IDindicacion) VALUES (1060,7009);
INSERT INTO IndicacionProducto (IDproducto,IDindicacion) VALUES (1061,7001);
INSERT INTO IndicacionProducto (IDproducto,IDindicacion) VALUES (1062,7005);
INSERT INTO IndicacionProducto (IDproducto,IDindicacion) VALUES (1063,7005);
INSERT INTO IndicacionProducto (IDproducto,IDindicacion) VALUES (1064,7013);
INSERT INTO IndicacionProducto (IDproducto,IDindicacion) VALUES (1065,7003);
INSERT INTO IndicacionProducto (IDproducto,IDindicacion) VALUES (1066,7011);
INSERT INTO IndicacionProducto (IDproducto,IDindicacion) VALUES (1067,7004);
INSERT INTO IndicacionProducto (IDproducto,IDindicacion) VALUES (1068,7012);
INSERT INTO IndicacionProducto (IDproducto,IDindicacion) VALUES (1069,7006);
INSERT INTO IndicacionProducto (IDproducto,IDindicacion) VALUES (1070,7011);
INSERT INTO IndicacionProducto (IDproducto,IDindicacion) VALUES (1071,7010);
INSERT INTO IndicacionProducto (IDproducto,IDindicacion) VALUES (1072,7004);
INSERT INTO IndicacionProducto (IDproducto,IDindicacion) VALUES (1073,7003);
INSERT INTO IndicacionProducto (IDproducto,IDindicacion) VALUES (1074,7008);
INSERT INTO IndicacionProducto (IDproducto,IDindicacion) VALUES (1075,7002);
INSERT INTO IndicacionProducto (IDproducto,IDindicacion) VALUES (1076,7011);
INSERT INTO IndicacionProducto (IDproducto,IDindicacion) VALUES (1077,7001);
INSERT INTO IndicacionProducto (IDproducto,IDindicacion) VALUES (1078,7012);
INSERT INTO IndicacionProducto (IDproducto,IDindicacion) VALUES (1079,7001);
INSERT INTO IndicacionProducto (IDproducto,IDindicacion) VALUES (1080,7012);

-- PagoServicios [COMPLETADO - 99 REGISTROS]
INSERT INTO Pagos (IDPagos,IDempleado,TipoPago,MontoPago,FechaPago) VALUES (10601,1,"Luz",1072,"2018-09-14 01:26:52");
INSERT INTO Pagos (IDPagos,IDempleado,TipoPago,MontoPago,FechaPago) VALUES (10602,1,"Luz",772,"2019-01-04 22:36:26");
INSERT INTO Pagos (IDPagos,IDempleado,TipoPago,MontoPago,FechaPago) VALUES (10603,1,"Luz",448,"2018-11-29 05:09:12");
INSERT INTO Pagos (IDPagos,IDempleado,TipoPago,MontoPago,FechaPago) VALUES (10604,1,"Agua",10460,"2018-11-23 05:52:29");
INSERT INTO Pagos (IDPagos,IDempleado,TipoPago,MontoPago,FechaPago) VALUES (10605,2,"Agua",1011,"2019-01-24 14:58:03");
INSERT INTO Pagos (IDPagos,IDempleado,TipoPago,MontoPago,FechaPago) VALUES (10606,1,"Agua",1065,"2019-02-20 15:27:53");
INSERT INTO Pagos (IDPagos,IDempleado,TipoPago,MontoPago,FechaPago) VALUES (10607,2,"CasaClaro",331,"2019-03-29 20:03:07");
INSERT INTO Pagos (IDPagos,IDempleado,TipoPago,MontoPago,FechaPago) VALUES (10608,1,"CasaClaro",1343,"2019-01-04 07:41:08");
INSERT INTO Pagos (IDPagos,IDempleado,TipoPago,MontoPago,FechaPago) VALUES (10609,2,"CasaClaro",621,"2019-03-06 20:33:23");
INSERT INTO Pagos (IDPagos,IDempleado,TipoPago,MontoPago,FechaPago) VALUES (10610,1,"Luz",1095,"2019-03-06 14:57:14");
INSERT INTO Pagos (IDPagos,IDempleado,TipoPago,MontoPago,FechaPago) VALUES (10611,1,"Luz",294,"2018-09-04 13:18:13");
INSERT INTO Pagos (IDPagos,IDempleado,TipoPago,MontoPago,FechaPago) VALUES (10612,1,"Luz",70,"2018-11-15 18:08:13");
INSERT INTO Pagos (IDPagos,IDempleado,TipoPago,MontoPago,FechaPago) VALUES (10613,1,"Agua",372,"2019-03-04 16:40:50");
INSERT INTO Pagos (IDPagos,IDempleado,TipoPago,MontoPago,FechaPago) VALUES (106104,1,"Agua",722,"2019-07-09 16:04:36");
INSERT INTO Pagos (IDPagos,IDempleado,TipoPago,MontoPago,FechaPago) VALUES (106105,2,"Agua",234,"2018-11-04 18:33:25");
INSERT INTO Pagos (IDPagos,IDempleado,TipoPago,MontoPago,FechaPago) VALUES (106106,1,"CasaClaro",11106,"2019-04-01 07:09:51");
INSERT INTO Pagos (IDPagos,IDempleado,TipoPago,MontoPago,FechaPago) VALUES (106107,2,"CasaClaro",984,"2019-01-26 10:13:26");
INSERT INTO Pagos (IDPagos,IDempleado,TipoPago,MontoPago,FechaPago) VALUES (106108,1,"CasaClaro",6107,"2018-10-28 20:08:57");
INSERT INTO Pagos (IDPagos,IDempleado,TipoPago,MontoPago,FechaPago) VALUES (10619,1,"Luz",953,"2018-08-28 05:18:10");
INSERT INTO Pagos (IDPagos,IDempleado,TipoPago,MontoPago,FechaPago) VALUES (10620,2,"Luz",673,"2019-06-21 03:32:20");
INSERT INTO Pagos (IDPagos,IDempleado,TipoPago,MontoPago,FechaPago) VALUES (10621,1,"Luz",473,"2019-02-10 02:40:49");
INSERT INTO Pagos (IDPagos,IDempleado,TipoPago,MontoPago,FechaPago) VALUES (10622,1,"Agua",11080,"2019-06-07 22:52:16");
INSERT INTO Pagos (IDPagos,IDempleado,TipoPago,MontoPago,FechaPago) VALUES (10623,2,"Agua",496,"2019-04-11 03:19:19");
INSERT INTO Pagos (IDPagos,IDempleado,TipoPago,MontoPago,FechaPago) VALUES (10624,2,"Agua",335,"2018-11-22 02:39:10");
INSERT INTO Pagos (IDPagos,IDempleado,TipoPago,MontoPago,FechaPago) VALUES (10625,2,"CasaClaro",793,"2019-04-15 22:40:20");
INSERT INTO Pagos (IDPagos,IDempleado,TipoPago,MontoPago,FechaPago) VALUES (10626,2,"CasaClaro",442,"2018-11-25 06:14:45");
INSERT INTO Pagos (IDPagos,IDempleado,TipoPago,MontoPago,FechaPago) VALUES (10627,1,"CasaClaro",1210,"2019-05-14 00:21:50");
INSERT INTO Pagos (IDPagos,IDempleado,TipoPago,MontoPago,FechaPago) VALUES (10628,1,"Luz",576,"2019-06-13 18:29:32");
INSERT INTO Pagos (IDPagos,IDempleado,TipoPago,MontoPago,FechaPago) VALUES (10629,2,"Luz",1068,"2019-01-26 20:01:45");
INSERT INTO Pagos (IDPagos,IDempleado,TipoPago,MontoPago,FechaPago) VALUES (10630,2,"Luz",1397,"2018-09-04 09:28:41");
INSERT INTO Pagos (IDPagos,IDempleado,TipoPago,MontoPago,FechaPago) VALUES (10631,1,"Agua",890,"2019-07-13 07:48:52");
INSERT INTO Pagos (IDPagos,IDempleado,TipoPago,MontoPago,FechaPago) VALUES (10632,1,"Agua",11058,"2018-09-25 23:51:41");
INSERT INTO Pagos (IDPagos,IDempleado,TipoPago,MontoPago,FechaPago) VALUES (10633,1,"Agua",338,"2019-01-30 14:55:04");
INSERT INTO Pagos (IDPagos,IDempleado,TipoPago,MontoPago,FechaPago) VALUES (10634,1,"CasaClaro",520,"2019-05-13 22:33:36");
INSERT INTO Pagos (IDPagos,IDempleado,TipoPago,MontoPago,FechaPago) VALUES (10635,2,"CasaClaro",772,"2018-12-12 18:12:32");
INSERT INTO Pagos (IDPagos,IDempleado,TipoPago,MontoPago,FechaPago) VALUES (10636,2,"CasaClaro",1045,"2018-10-20 09:48:05");
INSERT INTO Pagos (IDPagos,IDempleado,TipoPago,MontoPago,FechaPago) VALUES (10637,1,"Luz",10450,"2019-03-28 06:30:45");
INSERT INTO Pagos (IDPagos,IDempleado,TipoPago,MontoPago,FechaPago) VALUES (10638,2,"Luz",522,"2018-08-31 17:29:04");
INSERT INTO Pagos (IDPagos,IDempleado,TipoPago,MontoPago,FechaPago) VALUES (10639,2,"Luz",469,"2019-08-04 09:05:37");
INSERT INTO Pagos (IDPagos,IDempleado,TipoPago,MontoPago,FechaPago) VALUES (10640,2,"Agua",593,"2019-02-23 05:35:15");
INSERT INTO Pagos (IDPagos,IDempleado,TipoPago,MontoPago,FechaPago) VALUES (10641,1,"Agua",346,"2019-05-12 22:26:14");
INSERT INTO Pagos (IDPagos,IDempleado,TipoPago,MontoPago,FechaPago) VALUES (10642,1,"Agua",1293,"2019-03-23 09:43:43");
INSERT INTO Pagos (IDPagos,IDempleado,TipoPago,MontoPago,FechaPago) VALUES (10643,2,"CasaClaro",263,"2018-10-21 14:14:23");
INSERT INTO Pagos (IDPagos,IDempleado,TipoPago,MontoPago,FechaPago) VALUES (10644,1,"CasaClaro",10424,"2019-03-28 19:04:43");
INSERT INTO Pagos (IDPagos,IDempleado,TipoPago,MontoPago,FechaPago) VALUES (10645,2,"CasaClaro",1002,"2018-11-06 10:55:45");
INSERT INTO Pagos (IDPagos,IDempleado,TipoPago,MontoPago,FechaPago) VALUES (10646,1,"Luz",671,"2019-01-29 02:22:08");
INSERT INTO Pagos (IDPagos,IDempleado,TipoPago,MontoPago,FechaPago) VALUES (10647,2,"Luz",1298,"2019-04-24 01:52:57");
INSERT INTO Pagos (IDPagos,IDempleado,TipoPago,MontoPago,FechaPago) VALUES (10648,2,"Luz",734,"2019-03-22 22:13:19");
INSERT INTO Pagos (IDPagos,IDempleado,TipoPago,MontoPago,FechaPago) VALUES (10649,2,"Agua",670,"2018-08-12 16:09:23");
INSERT INTO Pagos (IDPagos,IDempleado,TipoPago,MontoPago,FechaPago) VALUES (10650,1,"Agua",1063,"2018-11-28 13:10:54");
INSERT INTO Pagos (IDPagos,IDempleado,TipoPago,MontoPago,FechaPago) VALUES (10651,1,"Agua",1344,"2018-08-18 11:29:13");
INSERT INTO Pagos (IDPagos,IDempleado,TipoPago,MontoPago,FechaPago) VALUES (10652,2,"CasaClaro",7105,"2018-12-08 07:12:10");
INSERT INTO Pagos (IDPagos,IDempleado,TipoPago,MontoPago,FechaPago) VALUES (10653,2,"CasaClaro",786,"2018-09-24 09:40:32");
INSERT INTO Pagos (IDPagos,IDempleado,TipoPago,MontoPago,FechaPago) VALUES (10654,2,"CasaClaro",1375,"2018-12-01 08:20:28");
INSERT INTO Pagos (IDPagos,IDempleado,TipoPago,MontoPago,FechaPago) VALUES (10655,1,"Luz",1081,"2019-07-10 22:49:43");
INSERT INTO Pagos (IDPagos,IDempleado,TipoPago,MontoPago,FechaPago) VALUES (10656,1,"Luz",1377,"2019-05-20 00:16:22");
INSERT INTO Pagos (IDPagos,IDempleado,TipoPago,MontoPago,FechaPago) VALUES (10657,1,"Luz",1339,"2018-11-07 11:19:56");
INSERT INTO Pagos (IDPagos,IDempleado,TipoPago,MontoPago,FechaPago) VALUES (10658,2,"Agua",884,"2019-05-09 12:48:00");
INSERT INTO Pagos (IDPagos,IDempleado,TipoPago,MontoPago,FechaPago) VALUES (10659,1,"Agua",269,"2019-04-20 19:54:00");
INSERT INTO Pagos (IDPagos,IDempleado,TipoPago,MontoPago,FechaPago) VALUES (10660,2,"Agua",1222,"2018-10-09 20:34:39");
INSERT INTO Pagos (IDPagos,IDempleado,TipoPago,MontoPago,FechaPago) VALUES (10661,2,"CasaClaro",190,"2018-10-21 23:13:41");
INSERT INTO Pagos (IDPagos,IDempleado,TipoPago,MontoPago,FechaPago) VALUES (10662,1,"CasaClaro",50,"2018-10-01 16:02:58");
INSERT INTO Pagos (IDPagos,IDempleado,TipoPago,MontoPago,FechaPago) VALUES (10663,1,"CasaClaro",1227,"2018-11-26 01:02:24");
INSERT INTO Pagos (IDPagos,IDempleado,TipoPago,MontoPago,FechaPago) VALUES (10664,1,"Luz",867,"2019-03-02 01:22:26");
INSERT INTO Pagos (IDPagos,IDempleado,TipoPago,MontoPago,FechaPago) VALUES (10665,1,"Luz",1063,"2019-01-09 19:29:09");
INSERT INTO Pagos (IDPagos,IDempleado,TipoPago,MontoPago,FechaPago) VALUES (10666,2,"Luz",10460,"2019-01-06 23:43:06");
INSERT INTO Pagos (IDPagos,IDempleado,TipoPago,MontoPago,FechaPago) VALUES (10667,1,"Agua",11084,"2018-08-29 07:05:32");
INSERT INTO Pagos (IDPagos,IDempleado,TipoPago,MontoPago,FechaPago) VALUES (10668,1,"Agua",578,"2019-01-15 06:55:50");
INSERT INTO Pagos (IDPagos,IDempleado,TipoPago,MontoPago,FechaPago) VALUES (10669,2,"Agua",13106,"2019-07-22 00:56:11");
INSERT INTO Pagos (IDPagos,IDempleado,TipoPago,MontoPago,FechaPago) VALUES (10670,1,"CasaClaro",959,"2018-09-15 22:06:30");
INSERT INTO Pagos (IDPagos,IDempleado,TipoPago,MontoPago,FechaPago) VALUES (10671,2,"CasaClaro",1059,"2018-09-13 09:24:37");
INSERT INTO Pagos (IDPagos,IDempleado,TipoPago,MontoPago,FechaPago) VALUES (10672,2,"CasaClaro",602,"2019-01-19 23:22:43");
INSERT INTO Pagos (IDPagos,IDempleado,TipoPago,MontoPago,FechaPago) VALUES (10673,1,"Luz",1356,"2019-06-13 18:52:59");
INSERT INTO Pagos (IDPagos,IDempleado,TipoPago,MontoPago,FechaPago) VALUES (10674,1,"Luz",440,"2018-10-29 13:43:47");
INSERT INTO Pagos (IDPagos,IDempleado,TipoPago,MontoPago,FechaPago) VALUES (10675,1,"Luz",570,"2019-07-23 01:35:13");
INSERT INTO Pagos (IDPagos,IDempleado,TipoPago,MontoPago,FechaPago) VALUES (10676,2,"Agua",370,"2019-05-24 12:10:06");
INSERT INTO Pagos (IDPagos,IDempleado,TipoPago,MontoPago,FechaPago) VALUES (10677,1,"Agua",1290,"2019-01-09 21:08:02");
INSERT INTO Pagos (IDPagos,IDempleado,TipoPago,MontoPago,FechaPago) VALUES (10678,1,"Agua",55,"2019-02-07 21:14:52");
INSERT INTO Pagos (IDPagos,IDempleado,TipoPago,MontoPago,FechaPago) VALUES (10679,1,"CasaClaro",12108,"2018-09-05 18:16:33");
INSERT INTO Pagos (IDPagos,IDempleado,TipoPago,MontoPago,FechaPago) VALUES (10680,2,"CasaClaro",705,"2019-05-19 18:59:20");
INSERT INTO Pagos (IDPagos,IDempleado,TipoPago,MontoPago,FechaPago) VALUES (10681,2,"CasaClaro",1344,"2019-05-21 11:19:30");
INSERT INTO Pagos (IDPagos,IDempleado,TipoPago,MontoPago,FechaPago) VALUES (10682,2,"Luz",803,"2018-11-29 07:47:43");
INSERT INTO Pagos (IDPagos,IDempleado,TipoPago,MontoPago,FechaPago) VALUES (10683,1,"Luz",657,"2018-08-16 10:24:24");
INSERT INTO Pagos (IDPagos,IDempleado,TipoPago,MontoPago,FechaPago) VALUES (10684,1,"Luz",1327,"2019-04-19 21:26:54");
INSERT INTO Pagos (IDPagos,IDempleado,TipoPago,MontoPago,FechaPago) VALUES (10685,1,"Agua",507,"2019-04-26 12:44:51");
INSERT INTO Pagos (IDPagos,IDempleado,TipoPago,MontoPago,FechaPago) VALUES (10686,2,"Agua",643,"2019-08-06 00:16:20");
INSERT INTO Pagos (IDPagos,IDempleado,TipoPago,MontoPago,FechaPago) VALUES (10687,2,"Agua",198,"2018-08-22 20:40:25");
INSERT INTO Pagos (IDPagos,IDempleado,TipoPago,MontoPago,FechaPago) VALUES (10688,1,"CasaClaro",263,"2019-02-21 22:21:07");
INSERT INTO Pagos (IDPagos,IDempleado,TipoPago,MontoPago,FechaPago) VALUES (10689,2,"CasaClaro",1348,"2019-06-16 14:49:55");
INSERT INTO Pagos (IDPagos,IDempleado,TipoPago,MontoPago,FechaPago) VALUES (10690,2,"CasaClaro",1063,"2018-12-16 08:45:54");
INSERT INTO Pagos (IDPagos,IDempleado,TipoPago,MontoPago,FechaPago) VALUES (10691,2,"Luz",996,"2019-05-18 00:00:03");
INSERT INTO Pagos (IDPagos,IDempleado,TipoPago,MontoPago,FechaPago) VALUES (10692,1,"Luz",406,"2019-04-10 07:41:22");
INSERT INTO Pagos (IDPagos,IDempleado,TipoPago,MontoPago,FechaPago) VALUES (10693,2,"Luz",11061,"2018-09-20 01:19:41");
INSERT INTO Pagos (IDPagos,IDempleado,TipoPago,MontoPago,FechaPago) VALUES (10694,1,"Agua",541,"2019-07-08 08:22:39");
INSERT INTO Pagos (IDPagos,IDempleado,TipoPago,MontoPago,FechaPago) VALUES (10695,2,"Agua",264,"2018-09-25 11:25:46");
INSERT INTO Pagos (IDPagos,IDempleado,TipoPago,MontoPago,FechaPago) VALUES (10696,1,"Agua",5105,"2018-11-19 22:08:36");
INSERT INTO Pagos (IDPagos,IDempleado,TipoPago,MontoPago,FechaPago) VALUES (10697,2,"CasaClaro",84,"2018-08-27 06:30:16");
INSERT INTO Pagos (IDPagos,IDempleado,TipoPago,MontoPago,FechaPago) VALUES (10698,1,"CasaClaro",942,"2019-05-04 05:28:09");
INSERT INTO Pagos (IDPagos,IDempleado,TipoPago,MontoPago,FechaPago) VALUES (10699,1,"CasaClaro",1298,"2018-08-22 19:54:13");

-- UtilidadProducto [COMPLETADO - 80 REGISTROS]
INSERT INTO UtilidadProducto (IDproducto,IDenfermedad) VALUES (1001,5009);
INSERT INTO UtilidadProducto (IDproducto,IDenfermedad) VALUES (1002,5022);
INSERT INTO UtilidadProducto (IDproducto,IDenfermedad) VALUES (1003,5011);
INSERT INTO UtilidadProducto (IDproducto,IDenfermedad) VALUES (1004,5025);
INSERT INTO UtilidadProducto (IDproducto,IDenfermedad) VALUES (1005,5019);
INSERT INTO UtilidadProducto (IDproducto,IDenfermedad) VALUES (1006,5014);
INSERT INTO UtilidadProducto (IDproducto,IDenfermedad) VALUES (1007,5001);
INSERT INTO UtilidadProducto (IDproducto,IDenfermedad) VALUES (1008,5007);
INSERT INTO UtilidadProducto (IDproducto,IDenfermedad) VALUES (1009,5023);
INSERT INTO UtilidadProducto (IDproducto,IDenfermedad) VALUES (1010,5020);
INSERT INTO UtilidadProducto (IDproducto,IDenfermedad) VALUES (1011,5016);
INSERT INTO UtilidadProducto (IDproducto,IDenfermedad) VALUES (1012,5009);
INSERT INTO UtilidadProducto (IDproducto,IDenfermedad) VALUES (1013,5015);
INSERT INTO UtilidadProducto (IDproducto,IDenfermedad) VALUES (1014,5023);
INSERT INTO UtilidadProducto (IDproducto,IDenfermedad) VALUES (1015,5024);
INSERT INTO UtilidadProducto (IDproducto,IDenfermedad) VALUES (1016,5020);
INSERT INTO UtilidadProducto (IDproducto,IDenfermedad) VALUES (1018,5013);
INSERT INTO UtilidadProducto (IDproducto,IDenfermedad) VALUES (1019,5010);
INSERT INTO UtilidadProducto (IDproducto,IDenfermedad) VALUES (1020,5015);
INSERT INTO UtilidadProducto (IDproducto,IDenfermedad) VALUES (1021,5010);
INSERT INTO UtilidadProducto (IDproducto,IDenfermedad) VALUES (1022,5019);
INSERT INTO UtilidadProducto (IDproducto,IDenfermedad) VALUES (1023,5003);
INSERT INTO UtilidadProducto (IDproducto,IDenfermedad) VALUES (1024,5007);
INSERT INTO UtilidadProducto (IDproducto,IDenfermedad) VALUES (1025,5010);
INSERT INTO UtilidadProducto (IDproducto,IDenfermedad) VALUES (1026,5016);
INSERT INTO UtilidadProducto (IDproducto,IDenfermedad) VALUES (1027,5020);
INSERT INTO UtilidadProducto (IDproducto,IDenfermedad) VALUES (1028,5025);
INSERT INTO UtilidadProducto (IDproducto,IDenfermedad) VALUES (1029,5011);
INSERT INTO UtilidadProducto (IDproducto,IDenfermedad) VALUES (1030,5024);
INSERT INTO UtilidadProducto (IDproducto,IDenfermedad) VALUES (1031,5025);
INSERT INTO UtilidadProducto (IDproducto,IDenfermedad) VALUES (1032,5024);
INSERT INTO UtilidadProducto (IDproducto,IDenfermedad) VALUES (1033,5014);
INSERT INTO UtilidadProducto (IDproducto,IDenfermedad) VALUES (1034,5002);
INSERT INTO UtilidadProducto (IDproducto,IDenfermedad) VALUES (1035,5021);
INSERT INTO UtilidadProducto (IDproducto,IDenfermedad) VALUES (1036,5024);
INSERT INTO UtilidadProducto (IDproducto,IDenfermedad) VALUES (1037,5022);
INSERT INTO UtilidadProducto (IDproducto,IDenfermedad) VALUES (1038,5004);
INSERT INTO UtilidadProducto (IDproducto,IDenfermedad) VALUES (1039,5025);
INSERT INTO UtilidadProducto (IDproducto,IDenfermedad) VALUES (1040,5016);
INSERT INTO UtilidadProducto (IDproducto,IDenfermedad) VALUES (1041,5019);
INSERT INTO UtilidadProducto (IDproducto,IDenfermedad) VALUES (1042,5014);
INSERT INTO UtilidadProducto (IDproducto,IDenfermedad) VALUES (1043,5006);
INSERT INTO UtilidadProducto (IDproducto,IDenfermedad) VALUES (1044,5021);
INSERT INTO UtilidadProducto (IDproducto,IDenfermedad) VALUES (1045,5006);
INSERT INTO UtilidadProducto (IDproducto,IDenfermedad) VALUES (1046,5012);
INSERT INTO UtilidadProducto (IDproducto,IDenfermedad) VALUES (1047,5019);
INSERT INTO UtilidadProducto (IDproducto,IDenfermedad) VALUES (1048,5001);
INSERT INTO UtilidadProducto (IDproducto,IDenfermedad) VALUES (1049,5014);
INSERT INTO UtilidadProducto (IDproducto,IDenfermedad) VALUES (1050,5023);
INSERT INTO UtilidadProducto (IDproducto,IDenfermedad) VALUES (1051,5009);
INSERT INTO UtilidadProducto (IDproducto,IDenfermedad) VALUES (1052,5011);
INSERT INTO UtilidadProducto (IDproducto,IDenfermedad) VALUES (1053,5021);
INSERT INTO UtilidadProducto (IDproducto,IDenfermedad) VALUES (1054,5003);
INSERT INTO UtilidadProducto (IDproducto,IDenfermedad) VALUES (1055,5014);
INSERT INTO UtilidadProducto (IDproducto,IDenfermedad) VALUES (1056,5014);
INSERT INTO UtilidadProducto (IDproducto,IDenfermedad) VALUES (1057,5006);
INSERT INTO UtilidadProducto (IDproducto,IDenfermedad) VALUES (1058,5006);
INSERT INTO UtilidadProducto (IDproducto,IDenfermedad) VALUES (1059,5021);
INSERT INTO UtilidadProducto (IDproducto,IDenfermedad) VALUES (1060,5015);
INSERT INTO UtilidadProducto (IDproducto,IDenfermedad) VALUES (1061,5004);
INSERT INTO UtilidadProducto (IDproducto,IDenfermedad) VALUES (1062,5016);
INSERT INTO UtilidadProducto (IDproducto,IDenfermedad) VALUES (1063,5013);
INSERT INTO UtilidadProducto (IDproducto,IDenfermedad) VALUES (1064,5017);
INSERT INTO UtilidadProducto (IDproducto,IDenfermedad) VALUES (1065,5014);
INSERT INTO UtilidadProducto (IDproducto,IDenfermedad) VALUES (1066,5015);
INSERT INTO UtilidadProducto (IDproducto,IDenfermedad) VALUES (1067,5016);
INSERT INTO UtilidadProducto (IDproducto,IDenfermedad) VALUES (1068,5013);
INSERT INTO UtilidadProducto (IDproducto,IDenfermedad) VALUES (1069,5007);
INSERT INTO UtilidadProducto (IDproducto,IDenfermedad) VALUES (1070,5006);
INSERT INTO UtilidadProducto (IDproducto,IDenfermedad) VALUES (1071,5017);
INSERT INTO UtilidadProducto (IDproducto,IDenfermedad) VALUES (1072,5003);
INSERT INTO UtilidadProducto (IDproducto,IDenfermedad) VALUES (1073,5003);
INSERT INTO UtilidadProducto (IDproducto,IDenfermedad) VALUES (1074,5025);
INSERT INTO UtilidadProducto (IDproducto,IDenfermedad) VALUES (1075,5022);
INSERT INTO UtilidadProducto (IDproducto,IDenfermedad) VALUES (1076,5022);
INSERT INTO UtilidadProducto (IDproducto,IDenfermedad) VALUES (1077,5006);
INSERT INTO UtilidadProducto (IDproducto,IDenfermedad) VALUES (1078,50107);
INSERT INTO UtilidadProducto (IDproducto,IDenfermedad) VALUES (1079,5016);
INSERT INTO UtilidadProducto (IDproducto,IDenfermedad) VALUES (1080,5025);
