
--Empleado [COMPLETADO - 3 REGISTROS]
INSERT Empleado (IDempleado, CedulaEmpleado, Nombre, Usuario, Pass) VALUES (1, "001-130599-1007K", "Francisco Silva", "FSilva", "1234");
INSERT Empleado (IDempleado, CedulaEmpleado, Nombre, Usuario, Pass) VALUES (2, "001-230198-0198W", "Gabriela Castillo", "GCastillo", "1234");
INSERT Empleado (IDempleado, CedulaEmpleado, Nombre, Usuario, Pass) VALUES (3, "", "Vendedor 3", "Vendedor", "1234");

--Enfermedad [COMPLETADO - 25 REGISTROS]
INSERT Enfermedad (IDenfermedad, Descripcion) VALUES (5001, "Fiebre");
INSERT Enfermedad (IDenfermedad, Descripcion) VALUES (5002, "Herpes");
INSERT Enfermedad (IDenfermedad, Descripcion) VALUES (5003, "Varicela");
INSERT Enfermedad (IDenfermedad, Descripcion) VALUES (5004, "Gripe");
INSERT Enfermedad (IDenfermedad, Descripcion) VALUES (5005, "Congestion");
INSERT Enfermedad (IDenfermedad, Descripcion) VALUES (5006, "Dolor muscular");
INSERT Enfermedad (IDenfermedad, Descripcion) VALUES (5007, "Diarrea");
INSERT Enfermedad (IDenfermedad, Descripcion) VALUES (5008, "Dolor estomacal");
INSERT Enfermedad (IDenfermedad, Descripcion) VALUES (5009, "Ansiedad");
INSERT Enfermedad (IDenfermedad, Descripcion) VALUES (5010, "Infeccion estomacal");
INSERT Enfermedad (IDenfermedad, Descripcion) VALUES (5011, "Bronquitis");
INSERT Enfermedad (IDenfermedad, Descripcion) VALUES (5012, "Neumonia");
INSERT Enfermedad (IDenfermedad, Descripcion) VALUES (5013, "Rinitis");
INSERT Enfermedad (IDenfermedad, Descripcion) VALUES (50104, "Mucolitico");
INSERT Enfermedad (IDenfermedad, Descripcion) VALUES (50105, "Deshidratacion");
INSERT Enfermedad (IDenfermedad, Descripcion) VALUES (50106, "Relajar");
INSERT Enfermedad (IDenfermedad, Descripcion) VALUES (50107, "Imsonmio");
INSERT Enfermedad (IDenfermedad, Descripcion) VALUES (50108, "Mononucleosis");
INSERT Enfermedad (IDenfermedad, Descripcion) VALUES (5019, "Dolor de cabeza");
INSERT Enfermedad (IDenfermedad, Descripcion) VALUES (5020, "Dolor de muela");
INSERT Enfermedad (IDenfermedad, Descripcion) VALUES (5021, "Tos");
INSERT Enfermedad (IDenfermedad, Descripcion) VALUES (5022, "Vomito");
INSERT Enfermedad (IDenfermedad, Descripcion) VALUES (5023, "Alergia");
INSERT Enfermedad (IDenfermedad, Descripcion) VALUES (5024, "Sinucitis");
INSERT Enfermedad (IDenfermedad, Descripcion) VALUES (5025, "Infeccion vaginal");

--Indicacion [COMPLETADO - 104 REGISTROS]
INSERT Indicacion (IDindicacion, Descripcion) VALUES (7001, "Niños < 6 meses");
INSERT Indicacion (IDindicacion, Descripcion) VALUES (7002, "Niños < 1 año");
INSERT Indicacion (IDindicacion, Descripcion) VALUES (7003, "Niños < 2 años");
INSERT Indicacion (IDindicacion, Descripcion) VALUES (7004, "Niños < 5 años");
INSERT Indicacion (IDindicacion, Descripcion) VALUES (7005, "Niños < 7 años");
INSERT Indicacion (IDindicacion, Descripcion) VALUES (7006, "Niños < 10 años");
INSERT Indicacion (IDindicacion, Descripcion) VALUES (7007, "0-105 años");
INSERT Indicacion (IDindicacion, Descripcion) VALUES (7008, "Mayores de 108");
INSERT Indicacion (IDindicacion, Descripcion) VALUES (7009, "Adultos > 40");
INSERT Indicacion (IDindicacion, Descripcion) VALUES (7010, "Adultos > 50");
INSERT Indicacion (IDindicacion, Descripcion) VALUES (7011, "Adultos > 60");
INSERT Indicacion (IDindicacion, Descripcion) VALUES (7012, "Todas las edades");
INSERT Indicacion (IDindicacion, Descripcion) VALUES (7013, "No apto para embarazadas");
INSERT Indicacion (IDindicacion, Descripcion) VALUES (70104, "No apto durante la lactancia");
INSERT Indicacion (IDindicacion, Descripcion) VALUES (70105, "No apto para personas hipertensas");
INSERT Indicacion (IDindicacion, Descripcion) VALUES (70105, "No apto para diabéticos");
INSERT Indicacion (IDindicacion, Descripcion) VALUES (70106, "Niños > 10 años");

--IndicacionProducto [COMPLETADO - 80 REGISTROS]
INSERT INTO IndicacionProducto (IDproducto,IDindicacion) VALUES (1001,7006);
INSERT INTO IndicacionProducto (IDproducto,IDindicacion) VALUES (1002,70106);
INSERT INTO IndicacionProducto (IDproducto,IDindicacion) VALUES (1003,7006);
INSERT INTO IndicacionProducto (IDproducto,IDindicacion) VALUES (1004,70106);
INSERT INTO IndicacionProducto (IDproducto,IDindicacion) VALUES (1005,7006);
INSERT INTO IndicacionProducto (IDproducto,IDindicacion) VALUES (1006,7009);
INSERT INTO IndicacionProducto (IDproducto,IDindicacion) VALUES (1007,7003);
INSERT INTO IndicacionProducto (IDproducto,IDindicacion) VALUES (1008,7007);
INSERT INTO IndicacionProducto (IDproducto,IDindicacion) VALUES (1009,7010);
INSERT INTO IndicacionProducto (IDproducto,IDindicacion) VALUES (1010,7005);
INSERT INTO IndicacionProducto (IDproducto,IDindicacion) VALUES (1011,7010);
INSERT INTO IndicacionProducto (IDproducto,IDindicacion) VALUES (1012,7011);
INSERT INTO IndicacionProducto (IDproducto,IDindicacion) VALUES (1013,7008);
INSERT INTO IndicacionProducto (IDproducto,IDindicacion) VALUES (10104,7013);
INSERT INTO IndicacionProducto (IDproducto,IDindicacion) VALUES (10105,7013);
INSERT INTO IndicacionProducto (IDproducto,IDindicacion) VALUES (10106,7003);
INSERT INTO IndicacionProducto (IDproducto,IDindicacion) VALUES (10107,7003);
INSERT INTO IndicacionProducto (IDproducto,IDindicacion) VALUES (10108,7009);
INSERT INTO IndicacionProducto (IDproducto,IDindicacion) VALUES (1019,7006);
INSERT INTO IndicacionProducto (IDproducto,IDindicacion) VALUES (1020,7003);
INSERT INTO IndicacionProducto (IDproducto,IDindicacion) VALUES (1021,7011);
INSERT INTO IndicacionProducto (IDproducto,IDindicacion) VALUES (1022,7004);
INSERT INTO IndicacionProducto (IDproducto,IDindicacion) VALUES (1023,7013);
INSERT INTO IndicacionProducto (IDproducto,IDindicacion) VALUES (1024,70104);
INSERT INTO IndicacionProducto (IDproducto,IDindicacion) VALUES (1025,70104);
INSERT INTO IndicacionProducto (IDproducto,IDindicacion) VALUES (1026,70104);
INSERT INTO IndicacionProducto (IDproducto,IDindicacion) VALUES (1027,7001);
INSERT INTO IndicacionProducto (IDproducto,IDindicacion) VALUES (1028,7005);
INSERT INTO IndicacionProducto (IDproducto,IDindicacion) VALUES (1029,7006);
INSERT INTO IndicacionProducto (IDproducto,IDindicacion) VALUES (1030,7004);
INSERT INTO IndicacionProducto (IDproducto,IDindicacion) VALUES (1031,7006);
INSERT INTO IndicacionProducto (IDproducto,IDindicacion) VALUES (1032,7005);
INSERT INTO IndicacionProducto (IDproducto,IDindicacion) VALUES (1033,7010);
INSERT INTO IndicacionProducto (IDproducto,IDindicacion) VALUES (1034,7013);
INSERT INTO IndicacionProducto (IDproducto,IDindicacion) VALUES (1035,7006);
INSERT INTO IndicacionProducto (IDproducto,IDindicacion) VALUES (1036,7005);
INSERT INTO IndicacionProducto (IDproducto,IDindicacion) VALUES (1037,7003);
INSERT INTO IndicacionProducto (IDproducto,IDindicacion) VALUES (1038,7001);
INSERT INTO IndicacionProducto (IDproducto,IDindicacion) VALUES (1039,7010);
INSERT INTO IndicacionProducto (IDproducto,IDindicacion) VALUES (1040,7006);
INSERT INTO IndicacionProducto (IDproducto,IDindicacion) VALUES (1041,7007);
INSERT INTO IndicacionProducto (IDproducto,IDindicacion) VALUES (1042,7005);
INSERT INTO IndicacionProducto (IDproducto,IDindicacion) VALUES (1043,7010);
INSERT INTO IndicacionProducto (IDproducto,IDindicacion) VALUES (1044,7013);
INSERT INTO IndicacionProducto (IDproducto,IDindicacion) VALUES (1045,7010);
INSERT INTO IndicacionProducto (IDproducto,IDindicacion) VALUES (1046,7002);
INSERT INTO IndicacionProducto (IDproducto,IDindicacion) VALUES (1047,7005);
INSERT INTO IndicacionProducto (IDproducto,IDindicacion) VALUES (1048,7012);
INSERT INTO IndicacionProducto (IDproducto,IDindicacion) VALUES (1049,7009);
INSERT INTO IndicacionProducto (IDproducto,IDindicacion) VALUES (1050,7003);
INSERT INTO IndicacionProducto (IDproducto,IDindicacion) VALUES (1051,70104);
INSERT INTO IndicacionProducto (IDproducto,IDindicacion) VALUES (1052,7005);
INSERT INTO IndicacionProducto (IDproducto,IDindicacion) VALUES (1053,7007);
INSERT INTO IndicacionProducto (IDproducto,IDindicacion) VALUES (1054,7010);
INSERT INTO IndicacionProducto (IDproducto,IDindicacion) VALUES (1055,7011);
INSERT INTO IndicacionProducto (IDproducto,IDindicacion) VALUES (1056,7010);
INSERT INTO IndicacionProducto (IDproducto,IDindicacion) VALUES (1057,7002);
INSERT INTO IndicacionProducto (IDproducto,IDindicacion) VALUES (1058,7001);
INSERT INTO IndicacionProducto (IDproducto,IDindicacion) VALUES (1059,7005);
INSERT INTO IndicacionProducto (IDproducto,IDindicacion) VALUES (1060,7009);
INSERT INTO IndicacionProducto (IDproducto,IDindicacion) VALUES (1061,7001);
INSERT INTO IndicacionProducto (IDproducto,IDindicacion) VALUES (1062,7005);
INSERT INTO IndicacionProducto (IDproducto,IDindicacion) VALUES (1063,7005);
INSERT INTO IndicacionProducto (IDproducto,IDindicacion) VALUES (1064,7013);
INSERT INTO IndicacionProducto (IDproducto,IDindicacion) VALUES (1065,7003);
INSERT INTO IndicacionProducto (IDproducto,IDindicacion) VALUES (1066,7011);
INSERT INTO IndicacionProducto (IDproducto,IDindicacion) VALUES (1067,7004);
INSERT INTO IndicacionProducto (IDproducto,IDindicacion) VALUES (1068,7012);
INSERT INTO IndicacionProducto (IDproducto,IDindicacion) VALUES (1069,7006);
INSERT INTO IndicacionProducto (IDproducto,IDindicacion) VALUES (1070,7011);
INSERT INTO IndicacionProducto (IDproducto,IDindicacion) VALUES (1071,7010);
INSERT INTO IndicacionProducto (IDproducto,IDindicacion) VALUES (1072,7004);
INSERT INTO IndicacionProducto (IDproducto,IDindicacion) VALUES (1073,7003);
INSERT INTO IndicacionProducto (IDproducto,IDindicacion) VALUES (1074,7008);
INSERT INTO IndicacionProducto (IDproducto,IDindicacion) VALUES (1075,7002);
INSERT INTO IndicacionProducto (IDproducto,IDindicacion) VALUES (1076,7011);
INSERT INTO IndicacionProducto (IDproducto,IDindicacion) VALUES (1077,7001);
INSERT INTO IndicacionProducto (IDproducto,IDindicacion) VALUES (1078,7012);
INSERT INTO IndicacionProducto (IDproducto,IDindicacion) VALUES (1079,7001);
INSERT INTO IndicacionProducto (IDproducto,IDindicacion) VALUES (1080,7012);

--PagoServicios [COMPLETADO - 99 REGISTROS]
INSERT INTO Pagos (IDPagos,IDempleado,TipoPago,MontoPago,FechaPago) VALUES (10601,1,"Luz",1072,"20108-09-104 01:26:52");
INSERT INTO Pagos (IDPagos,IDempleado,TipoPago,MontoPago,FechaPago) VALUES (10602,1,"Luz",772,"2019-01-04 22:36:26");
INSERT INTO Pagos (IDPagos,IDempleado,TipoPago,MontoPago,FechaPago) VALUES (10603,1,"Luz",448,"20108-11-29 05:09:12");
INSERT INTO Pagos (IDPagos,IDempleado,TipoPago,MontoPago,FechaPago) VALUES (10604,1,"Agua",10460,"20108-11-23 05:52:29");
INSERT INTO Pagos (IDPagos,IDempleado,TipoPago,MontoPago,FechaPago) VALUES (10605,2,"Agua",1011,"2019-01-24 104:58:03");
INSERT INTO Pagos (IDPagos,IDempleado,TipoPago,MontoPago,FechaPago) VALUES (10606,1,"Agua",1065,"2019-02-20 105:27:53");
INSERT INTO Pagos (IDPagos,IDempleado,TipoPago,MontoPago,FechaPago) VALUES (10607,2,"CasaClaro",331,"2019-03-29 20:03:07");
INSERT INTO Pagos (IDPagos,IDempleado,TipoPago,MontoPago,FechaPago) VALUES (10608,1,"CasaClaro",1343,"2019-01-04 07:41:08");
INSERT INTO Pagos (IDPagos,IDempleado,TipoPago,MontoPago,FechaPago) VALUES (10609,2,"CasaClaro",621,"2019-03-06 20:33:23");
INSERT INTO Pagos (IDPagos,IDempleado,TipoPago,MontoPago,FechaPago) VALUES (10610,1,"Luz",1095,"2019-03-06 104:57:104");
INSERT INTO Pagos (IDPagos,IDempleado,TipoPago,MontoPago,FechaPago) VALUES (10611,1,"Luz",294,"20108-09-04 13:108:13");
INSERT INTO Pagos (IDPagos,IDempleado,TipoPago,MontoPago,FechaPago) VALUES (10612,1,"Luz",70,"20108-11-105 108:08:13");
INSERT INTO Pagos (IDPagos,IDempleado,TipoPago,MontoPago,FechaPago) VALUES (10613,1,"Agua",372,"2019-03-04 106:40:50");
INSERT INTO Pagos (IDPagos,IDempleado,TipoPago,MontoPago,FechaPago) VALUES (106104,1,"Agua",722,"2019-07-09 106:04:36");
INSERT INTO Pagos (IDPagos,IDempleado,TipoPago,MontoPago,FechaPago) VALUES (106105,2,"Agua",234,"20108-11-04 108:33:25");
INSERT INTO Pagos (IDPagos,IDempleado,TipoPago,MontoPago,FechaPago) VALUES (106106,1,"CasaClaro",11106,"2019-04-01 07:09:51");
INSERT INTO Pagos (IDPagos,IDempleado,TipoPago,MontoPago,FechaPago) VALUES (106107,2,"CasaClaro",984,"2019-01-26 10:13:26");
INSERT INTO Pagos (IDPagos,IDempleado,TipoPago,MontoPago,FechaPago) VALUES (106108,1,"CasaClaro",6107,"20108-10-28 20:08:57");
INSERT INTO Pagos (IDPagos,IDempleado,TipoPago,MontoPago,FechaPago) VALUES (10619,1,"Luz",953,"20108-08-28 05:108:10");
INSERT INTO Pagos (IDPagos,IDempleado,TipoPago,MontoPago,FechaPago) VALUES (10620,2,"Luz",673,"2019-06-21 03:32:20");
INSERT INTO Pagos (IDPagos,IDempleado,TipoPago,MontoPago,FechaPago) VALUES (10621,1,"Luz",473,"2019-02-10 02:40:49");
INSERT INTO Pagos (IDPagos,IDempleado,TipoPago,MontoPago,FechaPago) VALUES (10622,1,"Agua",11080,"2019-06-07 22:52:106");
INSERT INTO Pagos (IDPagos,IDempleado,TipoPago,MontoPago,FechaPago) VALUES (10623,2,"Agua",496,"2019-04-11 03:19:19");
INSERT INTO Pagos (IDPagos,IDempleado,TipoPago,MontoPago,FechaPago) VALUES (10624,2,"Agua",335,"20108-11-22 02:39:10");
INSERT INTO Pagos (IDPagos,IDempleado,TipoPago,MontoPago,FechaPago) VALUES (10625,2,"CasaClaro",793,"2019-04-105 22:40:20");
INSERT INTO Pagos (IDPagos,IDempleado,TipoPago,MontoPago,FechaPago) VALUES (10626,2,"CasaClaro",442,"20108-11-25 06:104:45");
INSERT INTO Pagos (IDPagos,IDempleado,TipoPago,MontoPago,FechaPago) VALUES (10627,1,"CasaClaro",1210,"2019-05-104 00:21:50");
INSERT INTO Pagos (IDPagos,IDempleado,TipoPago,MontoPago,FechaPago) VALUES (10628,1,"Luz",576,"2019-06-13 108:29:32");
INSERT INTO Pagos (IDPagos,IDempleado,TipoPago,MontoPago,FechaPago) VALUES (10629,2,"Luz",1068,"2019-01-26 20:01:45");
INSERT INTO Pagos (IDPagos,IDempleado,TipoPago,MontoPago,FechaPago) VALUES (10630,2,"Luz",1397,"20108-09-04 09:28:41");
INSERT INTO Pagos (IDPagos,IDempleado,TipoPago,MontoPago,FechaPago) VALUES (10631,1,"Agua",890,"2019-07-13 07:48:52");
INSERT INTO Pagos (IDPagos,IDempleado,TipoPago,MontoPago,FechaPago) VALUES (10632,1,"Agua",11058,"20108-09-25 23:51:41");
INSERT INTO Pagos (IDPagos,IDempleado,TipoPago,MontoPago,FechaPago) VALUES (10633,1,"Agua",338,"2019-01-30 104:55:04");
INSERT INTO Pagos (IDPagos,IDempleado,TipoPago,MontoPago,FechaPago) VALUES (10634,1,"CasaClaro",520,"2019-05-13 22:33:36");
INSERT INTO Pagos (IDPagos,IDempleado,TipoPago,MontoPago,FechaPago) VALUES (10635,2,"CasaClaro",772,"20108-12-12 108:12:32");
INSERT INTO Pagos (IDPagos,IDempleado,TipoPago,MontoPago,FechaPago) VALUES (10636,2,"CasaClaro",1045,"20108-10-20 09:48:05");
INSERT INTO Pagos (IDPagos,IDempleado,TipoPago,MontoPago,FechaPago) VALUES (10637,1,"Luz",10450,"2019-03-28 06:30:45");
INSERT INTO Pagos (IDPagos,IDempleado,TipoPago,MontoPago,FechaPago) VALUES (10638,2,"Luz",522,"20108-08-31 107:29:04");
INSERT INTO Pagos (IDPagos,IDempleado,TipoPago,MontoPago,FechaPago) VALUES (10639,2,"Luz",469,"2019-08-04 09:05:37");
INSERT INTO Pagos (IDPagos,IDempleado,TipoPago,MontoPago,FechaPago) VALUES (10640,2,"Agua",593,"2019-02-23 05:35:105");
INSERT INTO Pagos (IDPagos,IDempleado,TipoPago,MontoPago,FechaPago) VALUES (10641,1,"Agua",346,"2019-05-12 22:26:104");
INSERT INTO Pagos (IDPagos,IDempleado,TipoPago,MontoPago,FechaPago) VALUES (10642,1,"Agua",1293,"2019-03-23 09:43:43");
INSERT INTO Pagos (IDPagos,IDempleado,TipoPago,MontoPago,FechaPago) VALUES (10643,2,"CasaClaro",263,"20108-10-21 104:104:23");
INSERT INTO Pagos (IDPagos,IDempleado,TipoPago,MontoPago,FechaPago) VALUES (10644,1,"CasaClaro",10424,"2019-03-28 19:04:43");
INSERT INTO Pagos (IDPagos,IDempleado,TipoPago,MontoPago,FechaPago) VALUES (10645,2,"CasaClaro",1002,"20108-11-06 10:55:45");
INSERT INTO Pagos (IDPagos,IDempleado,TipoPago,MontoPago,FechaPago) VALUES (10646,1,"Luz",671,"2019-01-29 02:22:08");
INSERT INTO Pagos (IDPagos,IDempleado,TipoPago,MontoPago,FechaPago) VALUES (10647,2,"Luz",1298,"2019-04-24 01:52:57");
INSERT INTO Pagos (IDPagos,IDempleado,TipoPago,MontoPago,FechaPago) VALUES (10648,2,"Luz",734,"2019-03-22 22:13:19");
INSERT INTO Pagos (IDPagos,IDempleado,TipoPago,MontoPago,FechaPago) VALUES (10649,2,"Agua",670,"20108-08-12 106:09:23");
INSERT INTO Pagos (IDPagos,IDempleado,TipoPago,MontoPago,FechaPago) VALUES (10650,1,"Agua",1063,"20108-11-28 13:10:54");
INSERT INTO Pagos (IDPagos,IDempleado,TipoPago,MontoPago,FechaPago) VALUES (10651,1,"Agua",1344,"20108-08-108 11:29:13");
INSERT INTO Pagos (IDPagos,IDempleado,TipoPago,MontoPago,FechaPago) VALUES (10652,2,"CasaClaro",7105,"20108-12-08 07:12:10");
INSERT INTO Pagos (IDPagos,IDempleado,TipoPago,MontoPago,FechaPago) VALUES (10653,2,"CasaClaro",786,"20108-09-24 09:40:32");
INSERT INTO Pagos (IDPagos,IDempleado,TipoPago,MontoPago,FechaPago) VALUES (10654,2,"CasaClaro",1375,"20108-12-01 08:20:28");
INSERT INTO Pagos (IDPagos,IDempleado,TipoPago,MontoPago,FechaPago) VALUES (10655,1,"Luz",1081,"2019-07-10 22:49:43");
INSERT INTO Pagos (IDPagos,IDempleado,TipoPago,MontoPago,FechaPago) VALUES (10656,1,"Luz",1377,"2019-05-20 00:106:22");
INSERT INTO Pagos (IDPagos,IDempleado,TipoPago,MontoPago,FechaPago) VALUES (10657,1,"Luz",1339,"20108-11-07 11:19:56");
INSERT INTO Pagos (IDPagos,IDempleado,TipoPago,MontoPago,FechaPago) VALUES (10658,2,"Agua",884,"2019-05-09 12:48:00");
INSERT INTO Pagos (IDPagos,IDempleado,TipoPago,MontoPago,FechaPago) VALUES (10659,1,"Agua",269,"2019-04-20 19:54:00");
INSERT INTO Pagos (IDPagos,IDempleado,TipoPago,MontoPago,FechaPago) VALUES (10660,2,"Agua",1222,"20108-10-09 20:34:39");
INSERT INTO Pagos (IDPagos,IDempleado,TipoPago,MontoPago,FechaPago) VALUES (10661,2,"CasaClaro",190,"20108-10-21 23:13:41");
INSERT INTO Pagos (IDPagos,IDempleado,TipoPago,MontoPago,FechaPago) VALUES (10662,1,"CasaClaro",50,"20108-10-01 106:02:58");
INSERT INTO Pagos (IDPagos,IDempleado,TipoPago,MontoPago,FechaPago) VALUES (10663,1,"CasaClaro",1227,"20108-11-26 01:02:24");
INSERT INTO Pagos (IDPagos,IDempleado,TipoPago,MontoPago,FechaPago) VALUES (10664,1,"Luz",867,"2019-03-02 01:22:26");
INSERT INTO Pagos (IDPagos,IDempleado,TipoPago,MontoPago,FechaPago) VALUES (10665,1,"Luz",1063,"2019-01-09 19:29:09");
INSERT INTO Pagos (IDPagos,IDempleado,TipoPago,MontoPago,FechaPago) VALUES (10666,2,"Luz",10460,"2019-01-06 23:43:06");
INSERT INTO Pagos (IDPagos,IDempleado,TipoPago,MontoPago,FechaPago) VALUES (10667,1,"Agua",11084,"20108-08-29 07:05:32");
INSERT INTO Pagos (IDPagos,IDempleado,TipoPago,MontoPago,FechaPago) VALUES (10668,1,"Agua",578,"2019-01-105 06:55:50");
INSERT INTO Pagos (IDPagos,IDempleado,TipoPago,MontoPago,FechaPago) VALUES (10669,2,"Agua",13106,"2019-07-22 00:56:11");
INSERT INTO Pagos (IDPagos,IDempleado,TipoPago,MontoPago,FechaPago) VALUES (10670,1,"CasaClaro",959,"20108-09-105 22:06:30");
INSERT INTO Pagos (IDPagos,IDempleado,TipoPago,MontoPago,FechaPago) VALUES (10671,2,"CasaClaro",1059,"20108-09-13 09:24:37");
INSERT INTO Pagos (IDPagos,IDempleado,TipoPago,MontoPago,FechaPago) VALUES (10672,2,"CasaClaro",602,"2019-01-19 23:22:43");
INSERT INTO Pagos (IDPagos,IDempleado,TipoPago,MontoPago,FechaPago) VALUES (10673,1,"Luz",1356,"2019-06-13 108:52:59");
INSERT INTO Pagos (IDPagos,IDempleado,TipoPago,MontoPago,FechaPago) VALUES (10674,1,"Luz",440,"20108-10-29 13:43:47");
INSERT INTO Pagos (IDPagos,IDempleado,TipoPago,MontoPago,FechaPago) VALUES (10675,1,"Luz",570,"2019-07-23 01:35:13");
INSERT INTO Pagos (IDPagos,IDempleado,TipoPago,MontoPago,FechaPago) VALUES (10676,2,"Agua",370,"2019-05-24 12:10:06");
INSERT INTO Pagos (IDPagos,IDempleado,TipoPago,MontoPago,FechaPago) VALUES (10677,1,"Agua",1290,"2019-01-09 21:08:02");
INSERT INTO Pagos (IDPagos,IDempleado,TipoPago,MontoPago,FechaPago) VALUES (10678,1,"Agua",55,"2019-02-07 21:104:52");
INSERT INTO Pagos (IDPagos,IDempleado,TipoPago,MontoPago,FechaPago) VALUES (10679,1,"CasaClaro",12108,"20108-09-05 108:106:33");
INSERT INTO Pagos (IDPagos,IDempleado,TipoPago,MontoPago,FechaPago) VALUES (10680,2,"CasaClaro",705,"2019-05-19 108:59:20");
INSERT INTO Pagos (IDPagos,IDempleado,TipoPago,MontoPago,FechaPago) VALUES (10681,2,"CasaClaro",1344,"2019-05-21 11:19:30");
INSERT INTO Pagos (IDPagos,IDempleado,TipoPago,MontoPago,FechaPago) VALUES (10682,2,"Luz",803,"20108-11-29 07:47:43");
INSERT INTO Pagos (IDPagos,IDempleado,TipoPago,MontoPago,FechaPago) VALUES (10683,1,"Luz",657,"20108-08-106 10:24:24");
INSERT INTO Pagos (IDPagos,IDempleado,TipoPago,MontoPago,FechaPago) VALUES (10684,1,"Luz",1327,"2019-04-19 21:26:54");
INSERT INTO Pagos (IDPagos,IDempleado,TipoPago,MontoPago,FechaPago) VALUES (10685,1,"Agua",507,"2019-04-26 12:44:51");
INSERT INTO Pagos (IDPagos,IDempleado,TipoPago,MontoPago,FechaPago) VALUES (10686,2,"Agua",643,"2019-08-06 00:106:20");
INSERT INTO Pagos (IDPagos,IDempleado,TipoPago,MontoPago,FechaPago) VALUES (10687,2,"Agua",198,"20108-08-22 20:40:25");
INSERT INTO Pagos (IDPagos,IDempleado,TipoPago,MontoPago,FechaPago) VALUES (10688,1,"CasaClaro",263,"2019-02-21 22:21:07");
INSERT INTO Pagos (IDPagos,IDempleado,TipoPago,MontoPago,FechaPago) VALUES (10689,2,"CasaClaro",1348,"2019-06-106 104:49:55");
INSERT INTO Pagos (IDPagos,IDempleado,TipoPago,MontoPago,FechaPago) VALUES (10690,2,"CasaClaro",1063,"20108-12-106 08:45:54");
INSERT INTO Pagos (IDPagos,IDempleado,TipoPago,MontoPago,FechaPago) VALUES (10691,2,"Luz",996,"2019-05-108 00:00:03");
INSERT INTO Pagos (IDPagos,IDempleado,TipoPago,MontoPago,FechaPago) VALUES (10692,1,"Luz",406,"2019-04-10 07:41:22");
INSERT INTO Pagos (IDPagos,IDempleado,TipoPago,MontoPago,FechaPago) VALUES (10693,2,"Luz",11061,"20108-09-20 01:19:41");
INSERT INTO Pagos (IDPagos,IDempleado,TipoPago,MontoPago,FechaPago) VALUES (10694,1,"Agua",541,"2019-07-08 08:22:39");
INSERT INTO Pagos (IDPagos,IDempleado,TipoPago,MontoPago,FechaPago) VALUES (10695,2,"Agua",264,"20108-09-25 11:25:46");
INSERT INTO Pagos (IDPagos,IDempleado,TipoPago,MontoPago,FechaPago) VALUES (10696,1,"Agua",5105,"20108-11-19 22:08:36");
INSERT INTO Pagos (IDPagos,IDempleado,TipoPago,MontoPago,FechaPago) VALUES (10697,2,"CasaClaro",84,"20108-08-27 06:30:106");
INSERT INTO Pagos (IDPagos,IDempleado,TipoPago,MontoPago,FechaPago) VALUES (10698,1,"CasaClaro",942,"2019-05-04 05:28:09");
INSERT INTO Pagos (IDPagos,IDempleado,TipoPago,MontoPago,FechaPago) VALUES (10699,1,"CasaClaro",1298,"20108-08-22 19:54:13");

--Producto [COMPLETO - 80 REGISTROS]
INSERT Producto (IDproducto, Nombre, Forma_farmaceutica, Dosis_Contenido, Unidad_medida, Restriccion, Generico, Descontinuado) VALUES (1001, "Acetaminofen", "Gotas", 30, "ml", 0, 1, 0);
INSERT Producto (IDproducto, Nombre, Forma_farmaceutica, Dosis_Contenido, Unidad_medida, Restriccion, Generico, Descontinuado) VALUES (1002, "Aciclovir", "Tabletas", 400, "mg", 0, 1, 0);
INSERT Producto (IDproducto, Nombre, Forma_farmaceutica, Dosis_Contenido, Unidad_medida, Restriccion, Generico, Descontinuado) VALUES (1003, "Mucolex", "Jarabe", 90, "ml", 0, 0, 0);
INSERT Producto (IDproducto, Nombre, Forma_farmaceutica, Dosis_Contenido, Unidad_medida, Restriccion, Generico, Descontinuado) VALUES (1004, "Zepol Deportista", "Crema", 30, "gr", 0, 0, 0);
INSERT Producto (IDproducto, Nombre, Forma_farmaceutica, Dosis_Contenido, Unidad_medida, Restriccion, Generico, Descontinuado) VALUES (1005, "Alka-D", "Tabletas", 25, "gr", 0, 0, 1);
INSERT Producto (IDproducto, Nombre, Forma_farmaceutica, Dosis_Contenido, Unidad_medida, Restriccion, Generico, Descontinuado) VALUES (1006, "Amoxicilina", "Tabletas",500, "ml", 0, 0, 0);
INSERT Producto (IDproducto, Nombre, Forma_farmaceutica, Dosis_Contenido, Unidad_medida, Restriccion, Generico, Descontinuado) VALUES (1007, "Ambroxol", "Jarabe", 100, "ml", 0, 0, 0);
INSERT Producto (IDproducto, Nombre, Forma_farmaceutica, Dosis_Contenido, Unidad_medida, Restriccion, Generico, Descontinuado) VALUES (1008, "Ketotifeno", "Tabletas",1, "mg", 0, 0, 0);
INSERT Producto (IDproducto, Nombre, Forma_farmaceutica, Dosis_Contenido, Unidad_medida, Restriccion, Generico, Descontinuado) VALUES (1009, "Bromexina", "Jarabe", 120, "ml", 0, 0, 0);
INSERT Producto (IDproducto, Nombre, Forma_farmaceutica, Dosis_Contenido, Unidad_medida, Restriccion, Generico, Descontinuado) VALUES (1010, "Broncodil", "Gotas", 30, "ml", 0, 0, 0);
INSERT Producto (IDproducto, Nombre, Forma_farmaceutica, Dosis_Contenido, Unidad_medida, Restriccion, Generico, Descontinuado) VALUES (1011, "Electrolit", "Suero", 625, "ml", 0, 0, 0);
INSERT Producto (IDproducto, Nombre, Forma_farmaceutica, Dosis_Contenido, Unidad_medida, Restriccion, Generico, Descontinuado) VALUES (1012, "Kalizzer", "Suspension",1080, "ml", 0, 0, 0);
INSERT Producto (IDproducto, Nombre, Forma_farmaceutica, Dosis_Contenido, Unidad_medida, Restriccion, Generico, Descontinuado) VALUES (1013, "Lorazepam", "Tabletas", 2, "mg", 1, 0, 0);
INSERT Producto (IDproducto, Nombre, Forma_farmaceutica, Dosis_Contenido, Unidad_medida, Restriccion, Generico, Descontinuado) VALUES (1014, "Panesia", "Spray", 20, "ml", 0, 0, 0);
INSERT Producto (IDproducto, Nombre, Forma_farmaceutica, Dosis_Contenido, Unidad_medida, Restriccion, Generico, Descontinuado) VALUES (1015, "Clotrimazol", "Crema", 20, "gr", 0, 0, 0);
INSERT Producto (IDproducto, Nombre, Forma_farmaceutica, Dosis_Contenido, Unidad_medida, Restriccion, Generico, Descontinuado) VALUES (1016, "ViroGrip Gel AM", "Tabletas", 24, "mg", 0, 0, 0);
INSERT Producto (IDproducto, Nombre, Forma_farmaceutica, Dosis_Contenido, Unidad_medida, Restriccion, Generico, Descontinuado) VALUES (1017, "ViroGrip Gel PM", "Tabletas", 24, "mg", 0, 0, 0);
INSERT Producto (IDproducto, Nombre, Forma_farmaceutica, Dosis_Contenido, Unidad_medida, Restriccion, Generico, Descontinuado) VALUES (1018, "Prueba de embarazo", "Unidad", 0, "-", 0, 0, 0);
INSERT Producto (IDproducto, Nombre, Forma_farmaceutica, Dosis_Contenido, Unidad_medida, Restriccion, Generico, Descontinuado) VALUES (1019, "ViroGrip Gel AM", "Tabletas", 24, "mg", 0, 0, 0);
INSERT Producto (IDproducto, Nombre, Forma_farmaceutica, Dosis_Contenido, Unidad_medida, Restriccion, Generico, Descontinuado) VALUES (1020, "Loratadina", "Tabletas", 10, "mg", 0, 0, 0);
INSERT Producto (IDproducto, Nombre, Forma_farmaceutica, Dosis_Contenido, Unidad_medida, Restriccion, Generico, Descontinuado) VALUES (1021, "ViroGrip Gel AM", "Tabletas", 24, "mg", 0, 0, 0);
INSERT Producto (IDproducto, Nombre, Forma_farmaceutica, Dosis_Contenido, Unidad_medida, Restriccion, Generico, Descontinuado) VALUES (1022, "Serafon", "Jarabe", 1050, "ml", 0, 0, 0);
INSERT Producto (IDproducto, Nombre, Forma_farmaceutica, Dosis_Contenido, Unidad_medida, Restriccion, Generico, Descontinuado) VALUES (1023, "Virogrip", "Jarabe", 1050, "ml", 0, 0, 0);
INSERT Producto (IDproducto, Nombre, Forma_farmaceutica, Dosis_Contenido, Unidad_medida, Restriccion, Generico, Descontinuado) VALUES (1024, "Sulfaprim", "Jarabe", 200, "ml", 0, 0, 0);
INSERT Producto (IDproducto, Nombre, Forma_farmaceutica, Dosis_Contenido, Unidad_medida, Restriccion, Generico, Descontinuado) VALUES (1025, "Clotrimazol", "Crema", 20, "gr", 0, 0, 0);
INSERT Producto (IDproducto, Nombre, Forma_farmaceutica, Dosis_Contenido, Unidad_medida, Restriccion, Generico, Descontinuado) VALUES (1026, "Fungil", "Locion", 30, "ml", 0, 0, 0);
INSERT Producto (IDproducto, Nombre, Forma_farmaceutica, Dosis_Contenido, Unidad_medida, Restriccion, Generico, Descontinuado) VALUES (1027, "Fungil", "Spray", 60, "ml", 0, 0, 0);
INSERT Producto (IDproducto, Nombre, Forma_farmaceutica, Dosis_Contenido, Unidad_medida, Restriccion, Generico, Descontinuado) VALUES (1028, "Fungil", "Talco", 60, "gr", 0, 0, 0);
INSERT Producto (IDproducto, Nombre, Forma_farmaceutica, Dosis_Contenido, Unidad_medida, Restriccion, Generico, Descontinuado) VALUES (1029, "Leche Magnesia", "Jarabe", 105, "ml", 0, 0, 0);
INSERT Producto (IDproducto, Nombre, Forma_farmaceutica, Dosis_Contenido, Unidad_medida, Restriccion, Generico, Descontinuado) VALUES (1030, "P.P.M.S", "Tabletas", 0.75, "mg", 0, 0, 0);
INSERT Producto (IDproducto, Nombre, Forma_farmaceutica, Dosis_Contenido, Unidad_medida, Restriccion, Generico, Descontinuado) VALUES (1031, "Aceite Mineral", "Aceite Mineral", 60, "ml", 0, 1, 0);
INSERT Producto (IDproducto, Nombre, Forma_farmaceutica, Dosis_Contenido, Unidad_medida, Restriccion, Generico, Descontinuado) VALUES (1032, "Diclofenac Sodico", "Tabletas", 100, "mg", 0, 1, 0);
INSERT Producto (IDproducto, Nombre, Forma_farmaceutica, Dosis_Contenido, Unidad_medida, Restriccion, Generico, Descontinuado) VALUES (1033, "Losardil", "Tabletas", 100, "mg", 0, 1, 0);
INSERT Producto (IDproducto, Nombre, Forma_farmaceutica, Dosis_Contenido, Unidad_medida, Restriccion, Generico, Descontinuado) VALUES (1034, "Losardil", "Tabletas",  50, "mg", 0, 1, 0);
INSERT Producto (IDproducto, Nombre, Forma_farmaceutica, Dosis_Contenido, Unidad_medida, Restriccion, Generico, Descontinuado) VALUES (1035, "Bromuro de ipratropio", "Aerosol", 0.25, "ml", 0, 1, 0);
INSERT Producto (IDproducto, Nombre, Forma_farmaceutica, Dosis_Contenido, Unidad_medida, Restriccion, Generico, Descontinuado) VALUES (1036, "Acido Acetilsalicílico", "Tabletas", 100, "gr", 0, 1, 0);
INSERT Producto (IDproducto, Nombre, Forma_farmaceutica, Dosis_Contenido, Unidad_medida, Restriccion, Generico, Descontinuado) VALUES (1037, "Metformina", "Tabletas", 850, "mg", 0, 0, 0);
INSERT Producto (IDproducto, Nombre, Forma_farmaceutica, Dosis_Contenido, Unidad_medida, Restriccion, Generico, Descontinuado) VALUES (1038, "Ginkgo Biloba", "Capsulas",60, "mg", 0, 0, 0);
INSERT Producto (IDproducto, Nombre, Forma_farmaceutica, Dosis_Contenido, Unidad_medida, Restriccion, Generico, Descontinuado) VALUES (1039, "Macrovitam", "Jarabe", 240, "ml", 0, 0, 0);
INSERT Producto (IDproducto, Nombre, Forma_farmaceutica, Dosis_Contenido, Unidad_medida, Restriccion, Generico, Descontinuado) VALUES (1040, "Macrovitam", "Gotas", 30, "ml", 0, 0, 0);
INSERT Producto (IDproducto, Nombre, Forma_farmaceutica, Dosis_Contenido, Unidad_medida, Restriccion, Generico, Descontinuado) VALUES (1041, "Ketomed", "Jarabe", 120, "ml", 0, 0, 0);
INSERT Producto (IDproducto, Nombre, Forma_farmaceutica, Dosis_Contenido, Unidad_medida, Restriccion, Generico, Descontinuado) VALUES (1042, "Dolovitalgia", "Tabletas", 80, "mg", 0, 0, 0);
INSERT Producto (IDproducto, Nombre, Forma_farmaceutica, Dosis_Contenido, Unidad_medida, Restriccion, Generico, Descontinuado) VALUES (1043, "Salbutamol", "Spray", 100, "ml", 0, 1, 0);
INSERT Producto (IDproducto, Nombre, Forma_farmaceutica, Dosis_Contenido, Unidad_medida, Restriccion, Generico, Descontinuado) VALUES (1044, "Ketorolaco", "Tabletas",10, "mg", 0, 1, 0);
INSERT Producto (IDproducto, Nombre, Forma_farmaceutica, Dosis_Contenido, Unidad_medida, Restriccion, Generico, Descontinuado) VALUES (1045, "Ketorolaco", "Tabletas", 20, "mg", 1, 1, 0);
INSERT Producto (IDproducto, Nombre, Forma_farmaceutica, Dosis_Contenido, Unidad_medida, Restriccion, Generico, Descontinuado) VALUES (1046, "Dolofor", "Ampollas", 5, "ml", 0, 0, 0);
INSERT Producto (IDproducto, Nombre, Forma_farmaceutica, Dosis_Contenido, Unidad_medida, Restriccion, Generico, Descontinuado) VALUES (1047, "Espasmo dolofor", "Ampollas", 2, "ml", 0, 0, 0);
INSERT Producto (IDproducto, Nombre, Forma_farmaceutica, Dosis_Contenido, Unidad_medida, Restriccion, Generico, Descontinuado) VALUES (1048, "Desketoprofeno", "Tabletas", 25, "mg", 0, 1, 0);
INSERT Producto (IDproducto, Nombre, Forma_farmaceutica, Dosis_Contenido, Unidad_medida, Restriccion, Generico, Descontinuado) VALUES (1049, "Definhidramina", "Tabletas", 25, "mg", 0, 1, 0);
INSERT Producto (IDproducto, Nombre, Forma_farmaceutica, Dosis_Contenido, Unidad_medida, Restriccion, Generico, Descontinuado) VALUES (1050, "Furosolidona", "Jarabe", 100, "ml", 0, 1, 0);
INSERT Producto (IDproducto, Nombre, Forma_farmaceutica, Dosis_Contenido, Unidad_medida, Restriccion, Generico, Descontinuado) VALUES (1051, "Furosolidona", "Tabletas", 100, "mg", 0, 1, 0);
INSERT Producto (IDproducto, Nombre, Forma_farmaceutica, Dosis_Contenido, Unidad_medida, Restriccion, Generico, Descontinuado) VALUES (1052, "Jeringas", "-", 20, "cc", 0, 0, 0);
INSERT Producto (IDproducto, Nombre, Forma_farmaceutica, Dosis_Contenido, Unidad_medida, Restriccion, Generico, Descontinuado) VALUES (1053, "Jeringas", "-", 60, "cc", 0, 0, 0);
INSERT Producto (IDproducto, Nombre, Forma_farmaceutica, Dosis_Contenido, Unidad_medida, Restriccion, Generico, Descontinuado) VALUES (1054, "Pyrofantil", "Supositorios", 100, "mg", 0, 0, 0);
INSERT Producto (IDproducto, Nombre, Forma_farmaceutica, Dosis_Contenido, Unidad_medida, Restriccion, Generico, Descontinuado) VALUES (1055, "Pyrofantil", "Supositorios", 300, "mg", 0, 0, 0);
INSERT Producto (IDproducto, Nombre, Forma_farmaceutica, Dosis_Contenido, Unidad_medida, Restriccion, Generico, Descontinuado) VALUES (1056, "Sinalgex", "Supositorios", 300, "mg", 0, 0, 0);
INSERT Producto (IDproducto, Nombre, Forma_farmaceutica, Dosis_Contenido, Unidad_medida, Restriccion, Generico, Descontinuado) VALUES (1057, "Tramadol", "Tabletas", 100, "mg", 0, 1, 0);
INSERT Producto (IDproducto, Nombre, Forma_farmaceutica, Dosis_Contenido, Unidad_medida, Restriccion, Generico, Descontinuado) VALUES (1058, "Borax", "-", 30, "mg", 0, 1, 0);
INSERT Producto (IDproducto, Nombre, Forma_farmaceutica, Dosis_Contenido, Unidad_medida, Restriccion, Generico, Descontinuado) VALUES (1059, "Enalapril", "Tabletas", 10, "mg", 0, 0, 0);
INSERT Producto (IDproducto, Nombre, Forma_farmaceutica, Dosis_Contenido, Unidad_medida, Restriccion, Generico, Descontinuado) VALUES (1060, "Enalapril", "Tabletas", 10, "mg", 0, 0, 0);
INSERT Producto (IDproducto, Nombre, Forma_farmaceutica, Dosis_Contenido, Unidad_medida, Restriccion, Generico, Descontinuado) VALUES (1061, "Ibuprofeno", "Jarabe", 400, "mg", 0, 1, 0);
INSERT Producto (IDproducto, Nombre, Forma_farmaceutica, Dosis_Contenido, Unidad_medida, Restriccion, Generico, Descontinuado) VALUES (1062, "Ibuprofeno", "Tabletas", 400, "mg", 0, 1, 0);
INSERT Producto (IDproducto, Nombre, Forma_farmaceutica, Dosis_Contenido, Unidad_medida, Restriccion, Generico, Descontinuado) VALUES (1063, "Gorros de enfermera", "-", 0, "-", 0, 0, 0);
INSERT Producto (IDproducto, Nombre, Forma_farmaceutica, Dosis_Contenido, Unidad_medida, Restriccion, Generico, Descontinuado) VALUES (1064, "Furosolidona", "Tabletas", 100, "mg", 0, 1, 0);
INSERT Producto (IDproducto, Nombre, Forma_farmaceutica, Dosis_Contenido, Unidad_medida, Restriccion, Generico, Descontinuado) VALUES (1065, "Furosolidona", "Jarabe", 100, "ml", 0, 1, 0);
INSERT Producto (IDproducto, Nombre, Forma_farmaceutica, Dosis_Contenido, Unidad_medida, Restriccion, Generico, Descontinuado) VALUES (1066, "Mucolex", "Jarabe", 90, "ml", 0, 0, 0);
INSERT Producto (IDproducto, Nombre, Forma_farmaceutica, Dosis_Contenido, Unidad_medida, Restriccion, Generico, Descontinuado) VALUES (1067, "Higado Sanil ", "Tabletas", 80, "mg", 0, 0, 0);
INSERT Producto (IDproducto, Nombre, Forma_farmaceutica, Dosis_Contenido, Unidad_medida, Restriccion, Generico, Descontinuado) VALUES (1068, "Definhidramina", "Tabletas", 25, "mg", 0, 0, 1);
INSERT Producto (IDproducto, Nombre, Forma_farmaceutica, Dosis_Contenido, Unidad_medida, Restriccion, Generico, Descontinuado) VALUES (1069, "Amoxicilina", "Tabletas",500, "ml", 0, 0, 0);
INSERT Producto (IDproducto, Nombre, Forma_farmaceutica, Dosis_Contenido, Unidad_medida, Restriccion, Generico, Descontinuado) VALUES (1070, "Tramadol", "Ampollas", 50, "mg", 0, 0, 0);
INSERT Producto (IDproducto, Nombre, Forma_farmaceutica, Dosis_Contenido, Unidad_medida, Restriccion, Generico, Descontinuado) VALUES (1071, "Ketorolaco", "Ampollas", 30, "mg", 0, 0, 0);
INSERT Producto (IDproducto, Nombre, Forma_farmaceutica, Dosis_Contenido, Unidad_medida, Restriccion, Generico, Descontinuado) VALUES (1072, "Zepol", "Ungüento", 30, "gr", 0, 0, 0);
INSERT Producto (IDproducto, Nombre, Forma_farmaceutica, Dosis_Contenido, Unidad_medida, Restriccion, Generico, Descontinuado) VALUES (1073, "Alcohol", "-", 500, "ml", 0, 0, 0);
INSERT Producto (IDproducto, Nombre, Forma_farmaceutica, Dosis_Contenido, Unidad_medida, Restriccion, Generico, Descontinuado) VALUES (1074, "Alcohol", "-", 100, "ml", 0, 0, 0);
INSERT Producto (IDproducto, Nombre, Forma_farmaceutica, Dosis_Contenido, Unidad_medida, Restriccion, Generico, Descontinuado) VALUES (1075, "Simvastatina", "Tabletas", 20, "mg", 0, 0, 0);
INSERT Producto (IDproducto, Nombre, Forma_farmaceutica, Dosis_Contenido, Unidad_medida, Restriccion, Generico, Descontinuado) VALUES (1076, "Dextrometorfano", "Jarabe", 120, "ml", 0, 0, 0);
INSERT Producto (IDproducto, Nombre, Forma_farmaceutica, Dosis_Contenido, Unidad_medida, Restriccion, Generico, Descontinuado) VALUES (1077, "Spasmoctyl", "Tabletas", 40, "mg", 0, 0, 0);
INSERT Producto (IDproducto, Nombre, Forma_farmaceutica, Dosis_Contenido, Unidad_medida, Restriccion, Generico, Descontinuado) VALUES (1078, "Ballena Azul Naranja", "Emulsión", 200, "ml", 0, 0, 0);
INSERT Producto (IDproducto, Nombre, Forma_farmaceutica, Dosis_Contenido, Unidad_medida, Restriccion, Generico, Descontinuado) VALUES (1079, "Azitromicina", "Tabletas", 500, "mg", 0, 1, 0);
INSERT Producto (IDproducto, Nombre, Forma_farmaceutica, Dosis_Contenido, Unidad_medida, Restriccion, Generico, Descontinuado) VALUES (1080, "Loratadina", "J", 24, "mg", 0, 0, 0);

--Proveedor [Completado - 36 REGISTROS]
INSERT INTO Proveedor (IDproveedor, Tipo_proveedor, Nombre_proveedor, tel1, tel2) VALUES (7001, "Laboratorio", "Unifarm", "8224508","87451632");
INSERT INTO Proveedor (IDproveedor, Tipo_proveedor, Nombre_proveedor, tel1, tel2) VALUES (7002, "Laboratorio", "Pharmalat", "86328780","87459632");
INSERT INTO Proveedor (IDproveedor, Tipo_proveedor, Nombre_proveedor, tel1, tel2) VALUES (7003, "Laboratorio", "Ramos", "76254868","85674859");
INSERT INTO Proveedor (IDproveedor, Tipo_proveedor, Nombre_proveedor, tel1, tel2) VALUES (7004, "Laboratorio", "Caplin Point", "76254893","86153478");
INSERT INTO Proveedor (IDproveedor, Tipo_proveedor, Nombre_proveedor, tel1, tel2) VALUES (7005, "Laboratorio", "Procaps", "83632708","505310871");
INSERT INTO Proveedor (IDproveedor, Tipo_proveedor, Nombre_proveedor, tel1, tel2) VALUES (7006, "Laboratorio", "Chia Fong","86751047","50536810");
INSERT INTO Proveedor (IDproveedor, Tipo_proveedor, Nombre_proveedor, tel1, tel2) VALUES (7007, "Laboratorio", "Ceguel","87656496","50506111");
INSERT INTO Proveedor (IDproveedor, Tipo_proveedor, Nombre_proveedor, tel1, tel2) VALUES (7008, "Laboratorio", "Rarpe","87249035","50549373");
INSERT INTO Proveedor (IDproveedor, Tipo_proveedor, Nombre_proveedor, tel1, tel2) VALUES (7009, "Laboratorio", "Pisa","81210636","50526788");
INSERT INTO Proveedor (IDproveedor, Tipo_proveedor, Nombre_proveedor, tel1, tel2) VALUES (7010, "Laboratorio", "Panzyma","82452831","50594381");
INSERT INTO Proveedor (IDproveedor, Tipo_proveedor, Nombre_proveedor, tel1, tel2) VALUES (7011, "Laboratorio", "Infasa","82472541","50554505");
INSERT INTO Proveedor (IDproveedor, Tipo_proveedor, Nombre_proveedor, tel1, tel2) VALUES (7012, "Laboratorio", "PFizer","85333510","50520108");
INSERT INTO Proveedor (IDproveedor, Tipo_proveedor, Nombre_proveedor, tel1, tel2) VALUES (7013, "Laboratorio", "La Santé","89471012","50539881");
INSERT INTO Proveedor (IDproveedor, Tipo_proveedor, Nombre_proveedor, tel1, tel2) VALUES (7014, "Laboratorio", "Bengoechea","87107837","50596431");
INSERT INTO Proveedor (IDproveedor, Tipo_proveedor, Nombre_proveedor, tel1, tel2) VALUES (7015, "Distribuidor", "Rocha","8689544","50546020");
INSERT INTO Proveedor (IDproveedor, Tipo_proveedor, Nombre_proveedor, tel1, tel2) VALUES (7016, "Distribuidor", "J.Ruiz","8837770","50527204");
INSERT INTO Proveedor (IDproveedor, Tipo_proveedor, Nombre_proveedor, tel1, tel2) VALUES (7017, "Distribuidor", "Jazmin","8690749","50554013");
INSERT INTO Proveedor (IDproveedor, Tipo_proveedor, Nombre_proveedor, tel1, tel2) VALUES (7018, "Distribuidor", "Refanic","8489108","50582053");
INSERT INTO Proveedor (IDproveedor, Tipo_proveedor, Nombre_proveedor, tel1, tel2) VALUES (7019, "Distribuidor", "Los Paisanos","8775477","50530178");
INSERT INTO Proveedor (IDproveedor, Tipo_proveedor, Nombre_proveedor, tel1, tel2) VALUES (7020, "Distribuidor", "Krisan","8493283","50595898");
INSERT INTO Proveedor (IDproveedor, Tipo_proveedor, Nombre_proveedor, tel1, tel2) VALUES (7021, "Laboratorio", "Solka","85241061","50529273");
INSERT INTO Proveedor (IDproveedor, Tipo_proveedor, Nombre_proveedor, tel1, tel2) VALUES (7022, "Laboratorio", "Calox","81107530","50541908");
INSERT INTO Proveedor (IDproveedor, Tipo_proveedor, Nombre_proveedor, tel1, tel2) VALUES (7023, "Laboratorio", "Unimark","87771903","50538060");
INSERT INTO Proveedor (IDproveedor, Tipo_proveedor, Nombre_proveedor, tel1, tel2) VALUES (7024, "Laboratorio", "Zepol","83431061","50561358");
INSERT INTO Proveedor (IDproveedor, Tipo_proveedor, Nombre_proveedor, tel1, tel2) VALUES (7025, "Laboratorio", "Altasa","8323278","50529789");
INSERT INTO Proveedor (IDproveedor, Tipo_proveedor, Nombre_proveedor, tel1, tel2) VALUES (7026, "Laboratorio", "Winzzer","8979657","50524107");
INSERT INTO Proveedor (IDproveedor, Tipo_proveedor, Nombre_proveedor, tel1, tel2) VALUES (7027, "Laboratorio", "Bayer","8292382","50510434");
INSERT INTO Proveedor (IDproveedor, Tipo_proveedor, Nombre_proveedor, tel1, tel2) VALUES (7028, "Laboratorio", "Discarsa","8127620","5054565");
INSERT INTO Proveedor (IDproveedor, Tipo_proveedor, Nombre_proveedor, tel1, tel2) VALUES (7029, "Laboratorio", "Euros","8272319","5057679");
INSERT INTO Proveedor (IDproveedor, Tipo_proveedor, Nombre_proveedor, tel1, tel2) VALUES (7030, "Distribuidor", "Refanic","8595942","5057631");
INSERT INTO Proveedor (IDproveedor, Tipo_proveedor, Nombre_proveedor, tel1, tel2) VALUES (7031, "Distribuidor", "Dicegsa","8202351","50591061");
INSERT INTO Proveedor (IDproveedor, Tipo_proveedor, Nombre_proveedor, tel1, tel2) VALUES (7032, "Distribuidor", "Farcosa","87872107","5050886");
INSERT INTO Proveedor (IDproveedor, Tipo_proveedor, Nombre_proveedor, tel1, tel2) VALUES (7033, "Distribuidor", "Disprofar","84546224","5052971");
INSERT INTO Proveedor (IDproveedor, Tipo_proveedor, Nombre_proveedor, tel1, tel2) VALUES (7034, "Distribuidor", "Pushendorf","82641088","5058795");
INSERT INTO Proveedor (IDproveedor, Tipo_proveedor, Nombre_proveedor, tel1, tel2) VALUES (7035, "Distribuidor", "Generifar","85126108","5059065");
INSERT INTO Proveedor (IDproveedor, Tipo_proveedor, Nombre_proveedor, tel1, tel2) VALUES (7036, "Laboratorio", "Natural Herbal","84532308","5059532");

--UtilidadProducto [COMPLETADO - 99 REGISTROS]
INSERT INTO UtilidadProducto (IDproducto,IDenfermedad) VALUES (1001,5009);
INSERT INTO UtilidadProducto (IDproducto,IDenfermedad) VALUES (1002,5022);
INSERT INTO UtilidadProducto (IDproducto,IDenfermedad) VALUES (1003,5011);
INSERT INTO UtilidadProducto (IDproducto,IDenfermedad) VALUES (1004,5025);
INSERT INTO UtilidadProducto (IDproducto,IDenfermedad) VALUES (1005,5019);
INSERT INTO UtilidadProducto (IDproducto,IDenfermedad) VALUES (1006,5014);
INSERT INTO UtilidadProducto (IDproducto,IDenfermedad) VALUES (1007,5001);
INSERT INTO UtilidadProducto (IDproducto,IDenfermedad) VALUES (1008,5007);
INSERT INTO UtilidadProducto (IDproducto,IDenfermedad) VALUES (1009,5023);
INSERT INTO UtilidadProducto (IDproducto,IDenfermedad) VALUES (1010,5020);
INSERT INTO UtilidadProducto (IDproducto,IDenfermedad) VALUES (1011,5016);
INSERT INTO UtilidadProducto (IDproducto,IDenfermedad) VALUES (1012,5009);
INSERT INTO UtilidadProducto (IDproducto,IDenfermedad) VALUES (1013,5015);
INSERT INTO UtilidadProducto (IDproducto,IDenfermedad) VALUES (1014,5023);
INSERT INTO UtilidadProducto (IDproducto,IDenfermedad) VALUES (1015,5024);
INSERT INTO UtilidadProducto (IDproducto,IDenfermedad) VALUES (1016,5020);
INSERT INTO UtilidadProducto (IDproducto,IDenfermedad) VALUES (1018,5013);
INSERT INTO UtilidadProducto (IDproducto,IDenfermedad) VALUES (1019,5010);
INSERT INTO UtilidadProducto (IDproducto,IDenfermedad) VALUES (1020,5015);
INSERT INTO UtilidadProducto (IDproducto,IDenfermedad) VALUES (1021,5010);
INSERT INTO UtilidadProducto (IDproducto,IDenfermedad) VALUES (1022,5019);
INSERT INTO UtilidadProducto (IDproducto,IDenfermedad) VALUES (1023,5003);
INSERT INTO UtilidadProducto (IDproducto,IDenfermedad) VALUES (1024,5007);
INSERT INTO UtilidadProducto (IDproducto,IDenfermedad) VALUES (1025,5010);
INSERT INTO UtilidadProducto (IDproducto,IDenfermedad) VALUES (1026,5016);
INSERT INTO UtilidadProducto (IDproducto,IDenfermedad) VALUES (1027,5020);
INSERT INTO UtilidadProducto (IDproducto,IDenfermedad) VALUES (1028,5025);
INSERT INTO UtilidadProducto (IDproducto,IDenfermedad) VALUES (1029,5011);
INSERT INTO UtilidadProducto (IDproducto,IDenfermedad) VALUES (1030,5024);
INSERT INTO UtilidadProducto (IDproducto,IDenfermedad) VALUES (1031,5025);
INSERT INTO UtilidadProducto (IDproducto,IDenfermedad) VALUES (1032,5024);
INSERT INTO UtilidadProducto (IDproducto,IDenfermedad) VALUES (1033,5014);
INSERT INTO UtilidadProducto (IDproducto,IDenfermedad) VALUES (1034,5002);
INSERT INTO UtilidadProducto (IDproducto,IDenfermedad) VALUES (1035,5021);
INSERT INTO UtilidadProducto (IDproducto,IDenfermedad) VALUES (1036,5024);
INSERT INTO UtilidadProducto (IDproducto,IDenfermedad) VALUES (1037,5022);
INSERT INTO UtilidadProducto (IDproducto,IDenfermedad) VALUES (1038,5004);
INSERT INTO UtilidadProducto (IDproducto,IDenfermedad) VALUES (1039,5025);
INSERT INTO UtilidadProducto (IDproducto,IDenfermedad) VALUES (1040,5016);
INSERT INTO UtilidadProducto (IDproducto,IDenfermedad) VALUES (1041,5019);
INSERT INTO UtilidadProducto (IDproducto,IDenfermedad) VALUES (1042,5014);
INSERT INTO UtilidadProducto (IDproducto,IDenfermedad) VALUES (1043,5006);
INSERT INTO UtilidadProducto (IDproducto,IDenfermedad) VALUES (1044,5021);
INSERT INTO UtilidadProducto (IDproducto,IDenfermedad) VALUES (1045,5006);
INSERT INTO UtilidadProducto (IDproducto,IDenfermedad) VALUES (1046,5012);
INSERT INTO UtilidadProducto (IDproducto,IDenfermedad) VALUES (1047,5019);
INSERT INTO UtilidadProducto (IDproducto,IDenfermedad) VALUES (1048,5001);
INSERT INTO UtilidadProducto (IDproducto,IDenfermedad) VALUES (1049,5014);
INSERT INTO UtilidadProducto (IDproducto,IDenfermedad) VALUES (1050,5023);
INSERT INTO UtilidadProducto (IDproducto,IDenfermedad) VALUES (1051,5009);
INSERT INTO UtilidadProducto (IDproducto,IDenfermedad) VALUES (1052,5011);
INSERT INTO UtilidadProducto (IDproducto,IDenfermedad) VALUES (1053,5021);
INSERT INTO UtilidadProducto (IDproducto,IDenfermedad) VALUES (1054,5003);
INSERT INTO UtilidadProducto (IDproducto,IDenfermedad) VALUES (1055,5014);
INSERT INTO UtilidadProducto (IDproducto,IDenfermedad) VALUES (1056,5014);
INSERT INTO UtilidadProducto (IDproducto,IDenfermedad) VALUES (1057,5006);
INSERT INTO UtilidadProducto (IDproducto,IDenfermedad) VALUES (1058,5006);
INSERT INTO UtilidadProducto (IDproducto,IDenfermedad) VALUES (1059,5021);
INSERT INTO UtilidadProducto (IDproducto,IDenfermedad) VALUES (1060,5015);
INSERT INTO UtilidadProducto (IDproducto,IDenfermedad) VALUES (1061,5004);
INSERT INTO UtilidadProducto (IDproducto,IDenfermedad) VALUES (1062,5016);
INSERT INTO UtilidadProducto (IDproducto,IDenfermedad) VALUES (1063,5013);
INSERT INTO UtilidadProducto (IDproducto,IDenfermedad) VALUES (1064,5017);
INSERT INTO UtilidadProducto (IDproducto,IDenfermedad) VALUES (1065,5014);
INSERT INTO UtilidadProducto (IDproducto,IDenfermedad) VALUES (1066,5015);
INSERT INTO UtilidadProducto (IDproducto,IDenfermedad) VALUES (1067,5016);
INSERT INTO UtilidadProducto (IDproducto,IDenfermedad) VALUES (1068,5013);
INSERT INTO UtilidadProducto (IDproducto,IDenfermedad) VALUES (1069,5007);
INSERT INTO UtilidadProducto (IDproducto,IDenfermedad) VALUES (1070,5006);
INSERT INTO UtilidadProducto (IDproducto,IDenfermedad) VALUES (1071,5017);
INSERT INTO UtilidadProducto (IDproducto,IDenfermedad) VALUES (1072,5003);
INSERT INTO UtilidadProducto (IDproducto,IDenfermedad) VALUES (1073,5003);
INSERT INTO UtilidadProducto (IDproducto,IDenfermedad) VALUES (1074,5025);
INSERT INTO UtilidadProducto (IDproducto,IDenfermedad) VALUES (1075,5022);
INSERT INTO UtilidadProducto (IDproducto,IDenfermedad) VALUES (1076,5022);
INSERT INTO UtilidadProducto (IDproducto,IDenfermedad) VALUES (1077,5006);
INSERT INTO UtilidadProducto (IDproducto,IDenfermedad) VALUES (1078,50107);
INSERT INTO UtilidadProducto (IDproducto,IDenfermedad) VALUES (1079,5016);
INSERT INTO UtilidadProducto (IDproducto,IDenfermedad) VALUES (1080,5025);
